Municipio,Tipo,Operación,Precio,Título/Colonia,Recámaras,Baños,m²,Liga
Guadalajara,Departamento,RENTA,180000,"Departamento a la Renta en el Country Club Country Club, Guadalajara Departamento 3 rec",3.0,3.0,410,https://www.aciertamax.com/property/departamento-nuevo-a-la-renta-en-el-country-club-country-club?agent=javier373&lang=es
Guadalajara,Casa,RENTA,154000,"Casa sobre Av. Guadalupe en Renta Giro Comercial Chapalita, Guadalajara Casa con uso de",8.0,,495,https://www.aciertamax.com/property/casa-sobre-av-guadalupe-en-renta-giro-comercial?agent=javier373&lang=es
Guadalajara,Casa,RENTA,120000,,3.0,4.0,"1,276",https://www.aciertamax.com/property/casa-en-renta-jardines-del-country-eefc7661-ae38-4303-94da-4ab0e8692ae2?agent=javier373&lang=es
Guadalajara,Casa,RENTA,120000,"Casa en Renta para Uso Corporativo Jardines del Bosque Centro, Guada",,5.0,866.38,https://www.aciertamax.com/property/casa-en-renta-para-uso-corporativo?agent=javier373&lang=es
Guadalajara,Casa,RENTA,100000,,5.0,5.0,450,https://www.aciertamax.com/property/se-renta-casa-para-oficinas-monraz?agent=javier373&lang=es
Guadalajara,Casa,RENTA,95000,,8.0,10.0,683.83,https://www.aciertamax.com/property/local-comercial-en-renta-en-zona-centro-guadalajara-centro?agent=javier373&lang=es
Guadalajara,Casa,RENTA,85500,"Casa en renta, Ladrón de Guevara Ladrón de Guevara, Guadalajara Casa",5.0,5.0,485,https://www.aciertamax.com/property/casa-en-renta-ladron-de-guevara-357c8bde-f05f-4cd1-abe3-d02b62c3ff55?agent=javier373&lang=es
Guadalajara,Departamento,RENTA,85000,,3.0,3.0,565,https://www.aciertamax.com/property/residencia-en-las-alturas-con-caracter-y-privilegio?agent=javier373&lang=es
Guadalajara,Casa,RENTA,75000,,6.0,4.0,489,https://www.aciertamax.com/property/casa-en-renta-sobre-avenida-chapalita?agent=javier373&lang=es
Guadalajara,Casa,RENTA,75000,,6.0,4.0,489,https://www.aciertamax.com/property/casa-en-renta-sobre-una-de-las-avenidas-mas-bonitas-en-chapalita?agent=javier373&lang=es
Guadalajara,Departamento,RENTA,74900,"Departamentos en Renta Jardines del Country, Guadalajara Departamento 3 recám",3.0,2.0,316.2,https://www.aciertamax.com/property/departamentos-en-renta-jardines-del-country-2a-seccion?agent=javier373&lang=es
Guadalajara,Departamento,RENTA,59500,"Departamento amueblado en RENTA en torre Latitud Prados de Providencia, Guadalajara De",3.0,4.0,178.43,https://www.aciertamax.com/property/departamento-amueblado-en-renta-en-torre-latitud?agent=javier373&lang=es
Guadalajara,Casa,RENTA,58000,,6.0,6.0,288,https://www.aciertamax.com/property/casa-antigua-remodelada-100-capilla-de-jesus-guadalajara?agent=javier373&lang=es
Guadalajara,Casa,RENTA,58000,"Casa en Renta, Col, Jardines del bosque, Guadalajara ,Jal Jardines d",11.0,7.0,327,https://www.aciertamax.com/property/casa-en-renta-col-jardines-del-bosque-guadalajara-jal?agent=javier373&lang=es
Guadalajara,Casa,RENTA,55000,,3.0,3.0,300,https://www.aciertamax.com/property/casa-en-renta-providencia-providencia-1a-secc-guadalajara?agent=javier373&lang=es
Guadalajara,Casa,RENTA,55000,,4.0,4.0,430,https://www.aciertamax.com/property/casa-en-renta-en-ramos-millan?agent=javier373&lang=es
Guadalajara,Departamento,RENTA,54000,"Departamento en Renta Arcos Vallarta, Guadalajara Departamento 2 recámaras,",2.0,2.0,275,https://www.aciertamax.com/property/departemento-en-renta-arcos-vallarta?agent=javier373&lang=es
Guadalajara,Departamento,RENTA,53000,"Departamento a la Renta en Torres Myth, Country Club, Country Club, Guadalajara Departa",3.0,3.0,224,https://www.aciertamax.com/property/departamento-a-la-renta-en-torres-myth-country-club-guadalajara?agent=javier373&lang=es
Guadalajara,Departamento,RENTA,50000,"Departamento a la Renta en el Country Club Country Club, Guadalajara Departamento 2 rec",2.0,2.0,114,https://www.aciertamax.com/property/departamento-a-la-renta-en-el-country-club-08c3b497-568c-4fee-9ad5-3d5c5b799959?agent=javier373&lang=es
Guadalajara,Departamento,RENTA,49900,,3.0,3.0,124,https://www.aciertamax.com/property/departamento-renta-country-club-country-club-departamento?agent=javier373&lang=es
Guadalajara,Casa,RENTA,49000,"Casa en Renta a unos metros de Chapultepec, Ideal para fines comerci",6.0,2.0,361,https://www.aciertamax.com/property/casa-en-renta-a-unos-metros-de-chapultepec-ideal-para-fines-comerciales-moderna?agent=javier373&lang=es
Guadalajara,Casa,RENTA,47000,Casa en RENTA con Alberca en la  Col Independencia Colonial Independ,6.0,5.0,,https://www.aciertamax.com/property/casa-en-renta-col-independencia-colonial-independencia-guadalajara?agent=javier373&lang=es
Guadalajara,Departamento,RENTA,47000,"Departamento amueblado en  renta en Prados Providencia Prados de Providencia, Guadalaj",3.0,4.0,210,https://www.aciertamax.com/property/espectacular-departamento-en-venta-en-prados-providencia?agent=javier373&lang=es
Guadalajara,Departamento,RENTA,45582,,3.0,3.0,153,https://www.aciertamax.com/property/d-vallarta-san-jorge?agent=javier373&lang=es
Guadalajara,Casa,RENTA,45000,,3.0,2.0,254,https://www.aciertamax.com/property/casa-amueblada-centro-historico-guadalajara?agent=javier373&lang=es
Guadalajara,Departamento,RENTA,45000,"Departamento en renta en Providencia, Guadalajara Providencia 1a Secc, Guada",2.0,2.0,200,https://www.aciertamax.com/property/departamento-en-renta-en-providencia-guadalajara-f6cc87d0-af1e-44c6-b18e-c5dabddddbb1?agent=javier373&lang=es
Guadalajara,Departamento,RENTA,45000,Departamento en Renta en Torre Loreto Country Club | Exclusividad con Alberc,2.0,2.0,154,https://www.aciertamax.com/property/departamento-en-renta-en-torre-loreto-country-club-exclusividad-con-alberca-pr?agent=javier373&lang=es
Guadalajara,Casa,RENTA,45000,"Casa en Renta en la Colonia Monraz Monraz, Guadalajara Casa con uso",4.0,3.0,230,https://www.aciertamax.com/property/propiedad-comercial-frente-a-parque-en-renta-colonia-monraz?agent=javier373&lang=es
Guadalajara,Departamento,RENTA,45000,,3.0,3.0,155,https://www.aciertamax.com/property/renta-penthouse-amueblado-155m2-3-recamaras-con-bano-3-terrazas?agent=javier373&lang=es
Guadalajara,Departamento,RENTA,44800,,3.0,2.0,126,https://www.aciertamax.com/property/departamento-3rec-en-renta-en-av-pablo-neruda-col-providencia-guadalajara?agent=javier373&lang=es
Guadalajara,Departamento,RENTA,43000,"Departamento en Renta en São Paulo Urbano Providencia 3a Secc, Guadalajara D",2.0,2.0,98,https://www.aciertamax.com/property/departamento-en-renta-en-sao-paulo-urbano-providencia-3a-secc?agent=javier373&lang=es
Guadalajara,Departamento,RENTA,42000,,3.0,3.0,217,https://www.aciertamax.com/property/espectacular-ph-en-renta-amueblado?agent=javier373&lang=es
Guadalajara,Casa,RENTA,42000,"Casa en renta en Providencia Guadalajara Colomos Providencia, Guadal",4.0,2.0,274,https://www.aciertamax.com/property/casa-en-renta-en-providencia-guadalajara-colomos-providencia-guadalajara?agent=javier373&lang=es
Guadalajara,Casa,RENTA,42000,"Casa en Renta con Uso de Suelo Comercial, Lomas del Country Lomas De",5.0,3.0,288,https://www.aciertamax.com/property/casa-con-uso-de-suelo-comercial-en-lomas-del-country?agent=javier373&lang=es
Guadalajara,Departamento,RENTA,41000,Departamento en Renta Amueblado y Equipado – Cititower | Guadalajara Ladrón,3.0,2.0,153,https://www.aciertamax.com/property/departamento-en-renta-amueblado-y-equipado-cititower-guadalajara-ladron-de-guevara?agent=javier373&lang=es
Guadalajara,Departamento,RENTA,40000,"Departamento Amueblado en Renta en Torre Sania | Vallarta Norte, Guadalajara Vallarta",3.0,3.0,153,https://www.aciertamax.com/property/departamento-amueblado-en-renta-en-torre-sania-vallarta-norte-guadalajara?agent=javier373&lang=es
Guadalajara,Departamento,RENTA,40000,,3.0,2.0,136,https://www.aciertamax.com/property/departamento-en-renta-amueblado-torre-soho-chapultepec?agent=javier373&lang=es
Guadalajara,Casa,RENTA,40000,,6.0,3.0,260,https://www.aciertamax.com/property/renta-casa-en-esquina-ladron-de-guevara?agent=javier373&lang=es
Guadalajara,Departamento,RENTA,39900,,2.0,2.0,92,https://www.aciertamax.com/property/departamento-de-lujo-amueblado-en-zona-financiera-providencia?agent=javier373&lang=es
Guadalajara,Departamento,RENTA,39500,"Departamento en Providencia Colomos Providencia, Guadalajara Departamento 2",2.0,2.0,123,https://www.aciertamax.com/property/se-renta-departamento-en-providencia-colomos-providencia-guadalajara?agent=javier373&lang=es
Guadalajara,Casa,RENTA,39500,Casa en Renta Para Uso Comercial - Sobre Av Calzada Independencia In,4.0,3.0,298,https://www.aciertamax.com/property/casa-en-renta-para-uso-comercial-sobre-av-calzada-independencia?agent=javier373&lang=es
Guadalajara,Departamento,RENTA,39500,"Departamento en renta Hábitat Arboleda Jardines del Bosque Norte, Guadalajar",2.0,2.0,116,https://www.aciertamax.com/property/departamento-en-renta-habitat-arboleda?agent=javier373&lang=es
Guadalajara,Departamento,RENTA,38236,,2.0,2.0,60,https://www.aciertamax.com/property/departamento-con-dos-recamaras-amueblado-cerca-del-corredor-financiero?agent=javier373&lang=es
Guadalajara,Departamento,RENTA,38000,,2.0,2.0,125,https://www.aciertamax.com/property/depa-renta-sao-paulo-vertical?agent=javier373&lang=es
Guadalajara,Departamento,RENTA,38000,,2.0,2.0,135,https://www.aciertamax.com/property/departamento-en-renta-central-park-amueblado-vallarta-poniente?agent=javier373&lang=es
Guadalajara,Casa,RENTA,38000,Casa en Renta cerca de Av. México y Terranova en Guadalajara Circunv,3.0,2.0,265,https://www.aciertamax.com/property/casa-en-renta-en-providencia-guadalajara-circunvalacion-vallarta?agent=javier373&lang=es
Guadalajara,Departamento,RENTA,38000,,2.0,2.0,130,https://www.aciertamax.com/property/renta-penthouse-providencia-130-m2-2-recamaras-piso-7?agent=javier373&lang=es
Guadalajara,Departamento,RENTA,38000,,3.0,2.0,110,https://www.aciertamax.com/property/depa-con-vista-espectacular-en-elysian-high-country?agent=javier373&lang=es
Guadalajara,Departamento,RENTA,38000,"Departamento en renta en Pablo Neruda 2 recamaras Providencia 3a Secc, Guada",2.0,2.0,80,https://www.aciertamax.com/property/departamento-en-renta-en-pablo-neruda-2-recamaras-la-providencia?agent=javier373&lang=es
Guadalajara,Departamento,RENTA,37989,,2.0,2.0,78.49,https://www.aciertamax.com/property/depa-en-renta-en-nomad-living-pablo-neruda-agustin-yanez-guadalajara?agent=javier373&lang=es
Guadalajara,Departamento,RENTA,37000,,3.0,2.0,75,https://www.aciertamax.com/property/excelente-departamento-amueblado-americana-guadalajara?agent=javier373&lang=es
Guadalajara,Departamento,RENTA,37000,,2.0,2.0,137,https://www.aciertamax.com/property/depa-en-renta-col-country-club?agent=javier373&lang=es
Guadalajara,Departamento,RENTA,37000,"Departamento amueblado en torre san Javier Prados de Providencia, Guadalajara Departam",2.0,2.0,170,https://www.aciertamax.com/property/departamento-en-torre-san-javier?agent=javier373&lang=es
Guadalajara,Departamento,RENTA,36500,,3.0,3.0,200,https://www.aciertamax.com/property/amplio-depto-en-renta-country?agent=javier373&lang=es
Guadalajara,Departamento,RENTA,36500,,3.0,2.0,115,https://www.aciertamax.com/property/renta-semiamueblada-en-park-life-pabellon-3-recamaras-amenidades-y-ubicacion?agent=javier373&lang=es
Guadalajara,Departamento,RENTA,36500,,3.0,3.0,200,https://www.aciertamax.com/property/renta-amplio-depto-country-200m2?agent=javier373&lang=es
Guadalajara,Departamento,RENTA,36000,"Departamento amueblado en torre san Javier Prados de Providencia, Guadalajara Departam",2.0,2.0,170,https://www.aciertamax.com/property/departamento-amueblado-en-torre-san-javier-prados-de-providencia?agent=javier373&lang=es
Guadalajara,Casa,RENTA,36000,"Casa en Renta en av. Normalistas Colinas de La Normal, Guadalajara C",5.0,2.0,450,https://www.aciertamax.com/property/casa-en-renta-en-av-normalistas?agent=javier373&lang=es
Guadalajara,Departamento,RENTA,36000,Departamento en Renta a Estrenar en Providencia con Terraza en Planta Baja P,3.0,2.0,163,https://www.aciertamax.com/property/departamento-en-renta-a-estrenar-en-providencia-con-terraza-en-planta-baja?agent=javier373&lang=es
Guadalajara,Casa,RENTA,35000,"Casa en renta en chapalita amueblada Chapalita, Guadalajara Casa 2 r",2.0,2.0,198,https://www.aciertamax.com/property/casa-en-renta-en-chapalita-amueblada?agent=javier373&lang=es
Guadalajara,Departamento,RENTA,35000,,2.0,2.0,119,https://www.aciertamax.com/property/departamento-en-renta-torre-garibaldi-residences?agent=javier373&lang=es
Guadalajara,Departamento,RENTA,35000,Departamento en Renta en Torre Loreto Country Club | Diseño y exclusividad C,2.0,2.0,100,https://www.aciertamax.com/property/departamento-en-renta-en-torre-loreto-country-club-diseno-y-exclusividad-en-gu?agent=javier373&lang=es
Guadalajara,Departamento,RENTA,35000,Departamento en Renta Frente a Centro Magno Renzo Tower Guadalajara Arcos Va,2.0,2.0,115,https://www.aciertamax.com/property/departamento-en-renta-frente-a-centro-magno-renzo-tower-guadalajara?agent=javier373&lang=es
Guadalajara,Departamento,RENTA,35000,Departamento en renta en Torre WIT | 2 recámaras | Amueblado | Col. American,2.0,2.0,92,https://www.aciertamax.com/property/departamento-en-renta-en-torre-wit-2-recamaras-amueblado-col-americana?agent=javier373&lang=es
Guadalajara,Departamento,RENTA,35000,Departamento en renta Torre WIT | 2 recámaras | Amueblado | Col. Americana G,2.0,2.0,92,https://www.aciertamax.com/property/departamento-en-renta-torre-wit-2-recamaras-amueblado-col-americana-gdl?agent=javier373&lang=es
Guadalajara,Departamento,RENTA,35000,,2.0,2.0,92,https://www.aciertamax.com/property/departamento-de-lujo-de-dos-habitaciones-a-estrenar-torre-mm-country-club-guadalajara?agent=javier373&lang=es
Guadalajara,Departamento,RENTA,35000,,2.0,2.0,,https://www.aciertamax.com/property/departamento-en-renta-wit-55?agent=javier373&lang=es
Guadalajara,Departamento,RENTA,35000,"Departamento en Chapultepec Country Guadalajara Chapultepec Country, Guadala",3.0,3.0,113,https://www.aciertamax.com/property/departamento-en-ayuntamiento-guadalajara-ayuntamiento-guadalajara?agent=javier373&lang=es
Guadalajara,Departamento,RENTA,34900,,2.0,2.0,136,https://www.aciertamax.com/property/berilio-departamentos-en-renta-en-providencia?agent=javier373&lang=es
Guadalajara,Departamento,RENTA,34500,,2.0,2.0,98,https://www.aciertamax.com/property/departamento-2rec-2pisos-en-renta-en-av-pablo-neruda-col-providencia-gdl?agent=javier373&lang=es
Guadalajara,Casa,RENTA,34000,"Casa amueblada en renta Col. Americana | Guadalajara Americana, Guadalajara Ca",5.0,5.0,256.89,https://www.aciertamax.com/property/casa-amueblada-en-renta-col-americana-guadalajara?agent=javier373&lang=es
Guadalajara,Casa,RENTA,34000,"Casa en Renta en Chapalita Chapalita, Guadalajara Clave interna: SAN",5.0,3.0,224,https://www.aciertamax.com/property/casa-en-renta-en-chapalita-4ed610a0-539e-4fb0-874a-835e341255cb?agent=javier373&lang=es
Guadalajara,Departamento,RENTA,34000,,2.0,2.0,136,https://www.aciertamax.com/property/departamento-amueblado-en-renta-en-torre-maq-ladron-de-guevara-ladron-de-guevara?agent=javier373&lang=es
Guadalajara,Departamento,RENTA,33800,Departamento en Renta amueblado en Ladron de Guevara | 2 recamaras Americana,2.0,2.0,124,https://www.aciertamax.com/property/departamento-en-venta-en-ladron-de-guevara-2-recamaras-roof-alberca-y-gym?agent=javier373&lang=es
Guadalajara,Departamento,RENTA,33700,,2.0,2.0,77,https://www.aciertamax.com/property/departamento-2rec-en-renta-en-av-pablo-neruda-col-providencia-guadalajara?agent=javier373&lang=es
Guadalajara,Departamento,RENTA,33000,"Departamento en renta | Torre Sao Paulo Providencia Prados de Providencia, G",2.0,2.0,,https://www.aciertamax.com/property/vive-en-torre-sao-paulo-providencia?agent=javier373&lang=es
Guadalajara,Departamento,RENTA,33000,,2.0,2.0,135,https://www.aciertamax.com/property/estrena-departamento-en-la-torre-me-en-el-country?agent=javier373&lang=es
Guadalajara,Departamento,RENTA,33000,,3.0,4.0,160,https://www.aciertamax.com/property/excelente-departamento-con-vista-el-country-club-en-la-torre-habitat?agent=javier373&lang=es
Guadalajara,Departamento,RENTA,33000,,2.0,2.0,,https://www.aciertamax.com/property/se-renta-en-zona-andares-departamento-en-park-life?agent=javier373&lang=es
Guadalajara,Departamento,RENTA,32500,"Departamento en renta Montevideo Colomos Providencia, Guadalajara Departamen",2.0,2.0,112,https://www.aciertamax.com/property/departamento-en-renta-montevideo-colomos-providencia?agent=javier373&lang=es
Guadalajara,Departamento,RENTA,32500,Departamento amueblado en renta en Sao Paulo Urbano | Vive en Punto Sao Paulo Providen,2.0,2.0,88,https://www.aciertamax.com/property/departamento-amueblado-en-renta-en-sao-paulo-urbano-vive-en-punto-sao-paulo?agent=javier373&lang=es
Guadalajara,Departamento,RENTA,32000,,3.0,2.0,75,https://www.aciertamax.com/property/excelente-departamento-en-col-americana?agent=javier373&lang=es
Guadalajara,Departamento,RENTA,32000,,2.0,2.0,77.2,https://www.aciertamax.com/property/ph-amueblado-en-ladron-de-guevara-a-5-de-providencia?agent=javier373&lang=es
Guadalajara,Departamento,RENTA,31900,,1.0,2.0,74,https://www.aciertamax.com/property/departamento-amueblado-en-renta-en-torre-brasilia-providencia?agent=javier373&lang=es
Guadalajara,Departamento,RENTA,31500,,2.0,2.0,80,https://www.aciertamax.com/property/departamento-amueblado-nuevo-2-recamaras-por-la-minerva-torre-con-amenidades?agent=javier373&lang=es
Guadalajara,Departamento,RENTA,31000,,2.0,2.0,104,https://www.aciertamax.com/property/departamento-en-renta-latitud-providencia-ceaa631b-4129-4a18-ac9b-04caba6c5b12?agent=javier373&lang=es
Guadalajara,Departamento,RENTA,31000,Departamento de lujo en renta con vista panorámica | Espacio Monraz Terrazas Terraza,2.0,2.0,100,https://www.aciertamax.com/property/departamento-de-lujo-en-renta-con-vista-panoramica-espacio-monraz-terrazas?agent=javier373&lang=es
Guadalajara,Casa,RENTA,31000,"Casa UNA SOLA PLANTA en Jardines del Bosque Jardines del Bosque Centro, Guadalajara",3.0,2.0,195,https://www.aciertamax.com/property/se-renta-casa-una-sola-planta-en-jardines-del-bosque?agent=javier373&lang=es
Guadalajara,Departamento,RENTA,31000,,2.0,2.0,160,https://www.aciertamax.com/property/renta-departamento-amueblado-en-el-corazon-de-providencia?agent=javier373&lang=es
Guadalajara,Departamento,RENTA,31000,,2.0,2.0,84,https://www.aciertamax.com/property/en-renta-departamento-de-dos-recamaras-cerca-de-midtown-glorieta-colon?agent=javier373&lang=es
Guadalajara,Departamento,RENTA,30869,"Departamento dos recámaras en Providencia Providencia 1a Secc, Guadalajara Departamento 2",2.0,2.0,60,https://www.aciertamax.com/property/departamento-dos-recamaras-sin-muebles-en-providencia?agent=javier373&lang=es
Guadalajara,Departamento,RENTA,30000,,3.0,2.0,60,https://www.aciertamax.com/property/departamento-en-col-americana-07ade5d4-0f25-4037-8dd7-f294b65090b3?agent=javier373&lang=es
Guadalajara,Departamento,RENTA,30000,"Departamento totalmente remodelado en renta | Zona Country Club | GDL Country Club, Guadalajara De",2.0,2.0,250,https://www.aciertamax.com/property/departamento-totalmente-remodelado-en-renta-zona-country-club-gdl?agent=javier373&lang=es
Guadalajara,Departamento,RENTA,30000,Departamento NUEVO en RENTA en una exclusiva torre boutique en Providencia Colomos,2.0,2.0,110,https://www.aciertamax.com/property/departamento-nuevo-en-renta-en-una-exclusiva-torre-boutique-en-providencia?agent=javier373&lang=es
Guadalajara,Casa,RENTA,30000,"Casa en Renta, Col, Jardines del Country, Guadalajara , Jal Jardines",5.0,4.0,281,https://www.aciertamax.com/property/casa-en-renta-col-jardines-del-country-guadalajara-jal?agent=javier373&lang=es
Guadalajara,Departamento,RENTA,30000,"Departamento en José ma. Vigil Prados de Providencia, Guadalajara Departamen",2.0,2.0,,https://www.aciertamax.com/property/se-renta-departamento-en-jose-ma-vigil?agent=javier373&lang=es
Guadalajara,Casa,RENTA,30000,"Casa en renta en Jardines del Bosque Jardines del Bosque Centro, Gua",4.0,2.0,253,https://www.aciertamax.com/property/casa-en-renta-en-jardines-del-bosque-21d111b6-b352-4181-b567-b7603c6e9add?agent=javier373&lang=es
Guadalajara,Departamento,RENTA,30000,"Departamento en renta Colomos Providencia Colomos Providencia, Guadalajara D",2.0,2.0,136,https://www.aciertamax.com/property/departamento-en-renta-colomos-providencia-09a62251-daa1-4437-b737-a444e3351b4c?agent=javier373&lang=es
Guadalajara,Departamento,RENTA,30000,"Departamento en renta Latitud Prados de Providencia, Guadalajara Departament",1.0,1.0,70,https://www.aciertamax.com/property/departamento-en-renta-latitud-prados-de-providencia?agent=javier373&lang=es
Guadalajara,Departamento,RENTA,30000,,2.0,2.0,124.77,https://www.aciertamax.com/property/amplio-departamento-en-renta-arcos-vallarta?agent=javier373&lang=es
Guadalajara,Departamento,RENTA,30000,"Departamento Amueblado en la Americana Americana, Guadalajara Departamento 2 recámaras",2.0,2.0,90.82,https://www.aciertamax.com/property/increible-departamento-amueblado-en-la-americana?agent=javier373&lang=es
Guadalajara,Departamento,RENTA,30000,"Departamento Amueblado en la Americana Americana, Guadalajara Departamento 2 recámaras",2.0,2.0,90.82,https://www.aciertamax.com/property/hermoso-departamento-amueblado-en-la-americana-americana?agent=javier373&lang=es
Guadalajara,Departamento,RENTA,30000,,2.0,2.0,92,https://www.aciertamax.com/property/departamento-en-renta-wit-75?agent=javier373&lang=es
Guadalajara,Departamento,RENTA,29900,,1.0,1.0,70,https://www.aciertamax.com/property/renta-en-vitant-country-piso-28-con-vista-al-country-club?agent=javier373&lang=es
Guadalajara,Departamento,RENTA,29900,,1.0,1.0,65,https://www.aciertamax.com/property/renta-de-loft-con-consultorio-a-2-cuadras-del-hospital-del-carmen?agent=javier373&lang=es
Guadalajara,Departamento,RENTA,29500,,3.0,2.0,181,https://www.aciertamax.com/property/depa-en-renta-en-colonia-americana?agent=javier373&lang=es
Guadalajara,Departamento,RENTA,29500,,2.0,2.0,90,https://www.aciertamax.com/property/renta-semiamueblada-en-park-life-pabellon-2-recamaras-amenidades-y-ubicacion?agent=javier373&lang=es
Guadalajara,Departamento,RENTA,29500,,2.0,2.0,85,https://www.aciertamax.com/property/renta-semiamueblado-en-park-life-pabellon-2-recamaras-amenidades-y-plaza?agent=javier373&lang=es
Guadalajara,Departamento,RENTA,29000,Departamento de lujo en renta con vista panorámica | Espacio Monraz Terrazas Terraza,2.0,2.0,92,https://www.aciertamax.com/property/departamento-2-recamaras-en-renta-espacio-monraz-terrazas?agent=javier373&lang=es
Guadalajara,Departamento,RENTA,28500,"Departamento en Renta a Estrenar en Providencia con Balcón Lomas de Guevara,",3.0,2.0,107,https://www.aciertamax.com/property/departamento-en-renta-a-estrenar-en-providencia-con-balcon-lomas-de-guevara?agent=javier373&lang=es
Guadalajara,Departamento,RENTA,28500,,2.0,2.0,94,https://www.aciertamax.com/property/exclusivos-departamentos-de-2-recamaras-en-zona-financiera-en-providencia?agent=javier373&lang=es
Guadalajara,Departamento,RENTA,28500,,1.0,1.0,80,https://www.aciertamax.com/property/departamento-amueblado-calle-morelos?agent=javier373&lang=es
Guadalajara,Departamento,RENTA,28000,,3.0,2.0,121,https://www.aciertamax.com/property/departamento-3-recamaras-colonia-americana?agent=javier373&lang=es
Guadalajara,Departamento,RENTA,28000,,2.0,2.0,107,https://www.aciertamax.com/property/cauda-residence-jardines-del-bosque-centro-guadalajara?agent=javier373&lang=es
Guadalajara,Departamento,RENTA,28000,Departamento en renta en el Country - YU Country a estrenar amueblado Lomas,2.0,2.0,70,https://www.aciertamax.com/property/departamento-a-estrenar-amueblado-en-renta-yu-country-guadalajara?agent=javier373&lang=es
Guadalajara,Departamento,RENTA,28000,"Departamento en renta ""Amueblado"" , Col. Americana, Guadalajara, Jalisco Ame",2.0,2.0,118.44,https://www.aciertamax.com/property/departamento-en-renta-amueblado-col-americana-guadalajara-jalisco?agent=javier373&lang=es
Guadalajara,Departamento,RENTA,28000,,2.0,2.0,93,https://www.aciertamax.com/property/increible-departamento-con-vista-a-la-ciudad-en-espacio-monraz-terrazas?agent=javier373&lang=es
Guadalajara,Departamento,RENTA,28000,,2.0,2.0,103,https://www.aciertamax.com/property/departamento-amueblado-2-habitaciones-en-la-americana-americana?agent=javier373&lang=es
Guadalajara,Departamento,RENTA,27500,"Departamento en renta, Espacio, Minerva Estrenalo Vallarta Norte, Guadalajar",2.0,2.0,83.9,https://www.aciertamax.com/property/departamento-en-renta-espacio-minerva-estrenalo?agent=javier373&lang=es
Guadalajara,Departamento,RENTA,27500,,1.0,2.0,84,https://www.aciertamax.com/property/departamento-601-atena-urban-living-colonia-americana-guadalajara?agent=javier373&lang=es
Guadalajara,Departamento,RENTA,27162,,1.0,1.0,75,https://www.aciertamax.com/property/departamento-de-1-habitacion-amueblado-con-servicios-incluidos?agent=javier373&lang=es
Guadalajara,Departamento,RENTA,27000,"Departamento en Renta en Arcos Vallarta, Guadalajara, Jalisco Arcos Vallarta",3.0,2.0,126.43,https://www.aciertamax.com/property/departamento-en-renta-en-arcos-vallarta-guadalajara-jalisco?agent=javier373&lang=es
Guadalajara,Departamento,RENTA,27000,,2.0,2.0,96.53,https://www.aciertamax.com/property/departamento-nuevo-en-renta-torre-espacio-monraz-terrazas?agent=javier373&lang=es
Guadalajara,Departamento,RENTA,27000,,2.0,2.0,110,https://www.aciertamax.com/property/departamento-en-renta-espacio-monraz?agent=javier373&lang=es
Guadalajara,Departamento,RENTA,27000,"Departamento en renta en Arcos Vallarta Arcos Vallarta, Guadalajara Departam",3.0,2.0,138.26,https://www.aciertamax.com/property/departamento-en-renta-en-arcos-vallarta-ff93b398-9be9-4513-99e6-89f8c1dea5e3?agent=javier373&lang=es
Guadalajara,Departamento,RENTA,27000,"Departamento en Park Life Pabellon Colinas de San Javier, Guadalajara Depart",2.0,2.0,90,https://www.aciertamax.com/property/se-renta-departamento-en-park-life-pabellon?agent=javier373&lang=es
Guadalajara,Departamento,RENTA,27000,,1.0,1.0,90,https://www.aciertamax.com/property/depa-amueblado-la-americana-americana-guadalajara?agent=javier373&lang=es
Guadalajara,Departamento,RENTA,26500,"Departamento amueblado en Punto São Paulo Guadalajara Italia Providencia, Guadalajara",1.0,1.0,57,https://www.aciertamax.com/property/departamento-amueblado-dentro-de-punto-sao-paulo-italia-providencia-guadalajara?agent=javier373&lang=es
Guadalajara,Departamento,RENTA,26200,,1.0,1.0,47,https://www.aciertamax.com/property/departamento-para-ejecutivos-en-ciudades-vibrantes-1-rec-amueblado?agent=javier373&lang=es
Guadalajara,Departamento,RENTA,26000,,2.0,2.0,85,https://www.aciertamax.com/property/estrena-departamento-en-el-corazon-de-la-ciudad-jardines-del-bosque-norte?agent=javier373&lang=es
Guadalajara,Departamento,RENTA,26000,"Departamento en Renta Jardines del Bosque Centro, Guadalajara Departamento 2",2.0,2.0,120,https://www.aciertamax.com/property/cauda-residence-departamento-en-renta?agent=javier373&lang=es
Guadalajara,Departamento,RENTA,26000,,1.0,1.0,102,https://www.aciertamax.com/property/departamento-en-renta-sobre-av-morelos-arcos-vallarta-maq-sin-amueblar-arcos-vallarta?agent=javier373&lang=es
Guadalajara,Departamento,RENTA,26000,"Departamento amueblado en renta en Providencia Pablo Casals Prados de Providencia, Gua",1.0,1.0,66,https://www.aciertamax.com/property/departamento-amueblado-en-renta-en-providencia-8f0ef373-22fa-4ac9-bc4d-4805e67b90cc?agent=javier373&lang=es
Guadalajara,Departamento,RENTA,26000,,2.0,2.0,82,https://www.aciertamax.com/property/departamento-providencia-super-ubicado?agent=javier373&lang=es
Guadalajara,Departamento,RENTA,26000,,1.0,1.0,85,https://www.aciertamax.com/property/depa-amueblado-marsella-americana-guadalajara?agent=javier373&lang=es
Guadalajara,Departamento,RENTA,25500,Departamento en Renta a Estrenar en Providencia Tipo Loft Prados de Providen,2.0,2.0,108,https://www.aciertamax.com/property/departamento-en-renta-a-estrenar-en-providencia-tipo-loft-prados-de-providencia?agent=javier373&lang=es
Guadalajara,Departamento,RENTA,25300,"Departamento amueblado en renta Colonia Americana. Planta Baja Americana, Guadalajara",1.0,1.0,71,https://www.aciertamax.com/property/departamento-amueblado-en-renta-colonia-americana-planta-baja?agent=javier373&lang=es
Guadalajara,Casa,RENTA,25000,"Casa amueblada en Renta en Santa Tere, Guadalajara! Villaseñor, Guadalajara Ca",2.0,2.0,90,https://www.aciertamax.com/property/casa-amueblada-en-renta-en-santa-tere-guadalajara?agent=javier373&lang=es
Guadalajara,Departamento,RENTA,25000,"Departamentos Nuevos en Renta en Prados Providencia, Guadalajara, Jalisco Prados de",2.0,2.0,71.1,https://www.aciertamax.com/property/departamentos-nuevos-en-renta-en-prados-providencia-guadalajara-jalisco-3280e4f1-a4f5-412e-82c5-4951eb2c7d79?agent=javier373&lang=es
Guadalajara,Departamento,RENTA,25000,"Departamentos Nuevos en Renta en Prados Providencia, Guadalajara, Jalisco Prados de",2.0,2.0,78,https://www.aciertamax.com/property/departamentos-nuevos-en-renta-en-prados-providencia-guadalajara-jalisco-1320e7cf-e34f-4a24-8cf1-ca05c369a761?agent=javier373&lang=es
Guadalajara,Departamento,RENTA,25000,"Departamentos Nuevos en Renta en Prados Providencia, Guadalajara, Jalisco Prados de",2.0,2.0,71.1,https://www.aciertamax.com/property/departamentos-nuevos-en-renta-en-prados-providencia-guadalajara-jalisco-58e96bfa-62ce-45bd-86c5-ae1daff4be12?agent=javier373&lang=es
Guadalajara,Departamento,RENTA,25000,"Departamentos Nuevos en Renta en Prados Providencia, Guadalajara, Jalisco Prados de",2.0,2.0,71.1,https://www.aciertamax.com/property/departamentos-nuevos-en-renta-en-prados-providencia-guadalajara-jalisco-36b558a9-abdd-48d7-8687-f0964c816ea9?agent=javier373&lang=es
Guadalajara,Departamento,RENTA,25000,"Departamentos Nuevos en Renta en Prados Providencia, Guadalajara, Jalisco Prados de",2.0,2.0,78,https://www.aciertamax.com/property/departamentos-nuevos-en-renta-en-prados-providencia-guadalajara-jalisco-prados-de-providencia-departamento?agent=javier373&lang=es
Guadalajara,Departamento,RENTA,25000,"Departamento nuevo  en renta en Prados Providencia Prados de Providencia, Guadalaja",2.0,2.0,86,https://www.aciertamax.com/property/departamento-nuevo-en-renta-en-prados-providencia-85e7f161-9bdc-4be3-bb49-29afc6505378?agent=javier373&lang=es
Guadalajara,Departamento,RENTA,25000,Departamento en renta en Distrito República | Amueblado | Col. Americana | G,1.0,1.0,75.4,https://www.aciertamax.com/property/departamento-en-renta-en-distrito-republica-amueblado-col-americana-gdl?agent=javier373&lang=es
Guadalajara,Departamento,RENTA,25000,,2.0,2.0,90,https://www.aciertamax.com/property/depa-amueblado-en-renta-uno-urban-life?agent=javier373&lang=es
Guadalajara,Departamento,RENTA,25000,,1.0,1.0,75,https://www.aciertamax.com/property/loft-en-renta-en-distrito-republica?agent=javier373&lang=es
Guadalajara,Departamento,RENTA,25000,"Departamento Amueblado en Renta | Colonia Americana Americana, Guadalajara Departament",,1.0,75.4,https://www.aciertamax.com/property/departamento-amueblado-en-renta-colonia-americana-c48c72fe-9d79-4230-ad3b-a1eea7dee371?agent=javier373&lang=es
Guadalajara,Departamento,RENTA,25000,,1.0,1.0,50,https://www.aciertamax.com/property/renta-de-departamento-amueblado-monraz?agent=javier373&lang=es
Guadalajara,Departamento,RENTA,25000,Departamento en renta Condominio Alfa Y Beta en Prados Providencia Prados de,2.0,2.0,102,https://www.aciertamax.com/property/departamento-en-venta-condominio-alfa-y-beta-en-prados-providencia?agent=javier373&lang=es
Guadalajara,Departamento,RENTA,25000,,1.0,1.0,72,https://www.aciertamax.com/property/departamento-de-1rec-en-renta-en-col-chapultepec-country-guadalajara?agent=javier373&lang=es
Guadalajara,Departamento,RENTA,25000,,1.0,1.0,56,https://www.aciertamax.com/property/departamento-de-1rec-amueblado-en-renta-en-col-chapultepec-country-guadalajara?agent=javier373&lang=es
Guadalajara,Departamento,RENTA,24800,,2.0,2.0,87,https://www.aciertamax.com/property/estrena-depa-zona-minerva?agent=javier373&lang=es
Guadalajara,Departamento,RENTA,24500,"Departamento en renta Jardines del Bosque Jardines del Bosque Centro, Guadal",2.0,2.0,81,https://www.aciertamax.com/property/departamento-en-renta-jardines-del-bosque-50792ed1-26f1-4997-80f0-7ccc8c723281?agent=javier373&lang=es
Guadalajara,Casa,RENTA,24500,,4.0,2.0,272,https://www.aciertamax.com/property/agenda-abierta-para-citas-disponible-a-partir-de-julio-18?agent=javier373&lang=es
Guadalajara,Departamento,RENTA,24500,"Departamento en Providencia en renta, amueblado y equipado, en Soho Park Ita",1.0,1.0,62.1,https://www.aciertamax.com/property/departamento-en-providencia-en-renta-amueblado-y-equipado-en-soho-park?agent=javier373&lang=es
Guadalajara,Departamento,RENTA,24500,,1.0,1.0,91,https://www.aciertamax.com/property/loft-en-renta-en-privada-paris-1-recamara-balcon-arcos-vallarta-gdl?agent=javier373&lang=es
Guadalajara,Departamento,RENTA,24000,"Departamentos Nuevos en Renta en Prados Providencia, Guadalajara, Jalisco Prados de",2.0,2.0,75.9,https://www.aciertamax.com/property/departamentos-nuevos-en-renta-en-prados-providencia-guadalajara-jalisco-prados-de-providencia-guadalajara?agent=javier373&lang=es
Guadalajara,Departamento,RENTA,24000,"Departamentos Nuevos en Renta en Prados Providencia, Guadalajara, Jalisco Prados de",2.0,2.0,78,https://www.aciertamax.com/property/departamentos-nuevos-en-renta-en-prados-providencia-guadalajara-jalisco-prados-de-providencia?agent=javier373&lang=es
Guadalajara,Departamento,RENTA,24000,,1.0,1.0,74,https://www.aciertamax.com/property/loft-amueblado-de-2-niveles-en-arcos-vallarta-arcos-vallarta?agent=javier373&lang=es
Guadalajara,Departamento,RENTA,24000,,1.0,1.0,74,https://www.aciertamax.com/property/departamento-doble-altura-amueblado-en-renta-en-col-americana-gdl?agent=javier373&lang=es
Guadalajara,Departamento,RENTA,24000,,1.0,1.0,82,https://www.aciertamax.com/property/en-renta-departamento-1-rec-doble-altura-von-patio-colonia-americana?agent=javier373&lang=es
Guadalajara,Departamento,RENTA,24000,,1.0,1.0,75,https://www.aciertamax.com/property/se-renta-depa-amueblado-en-providencia-a-un-costado-de-punto-sao-paulo?agent=javier373&lang=es
Guadalajara,Departamento,RENTA,24000,"Departamento en renta en Providencia Circunvalación Vallarta, Guadalajara De",1.0,1.0,96,https://www.aciertamax.com/property/departamento-en-venta-en-providencia-circunvalacion-vallarta?agent=javier373&lang=es
Guadalajara,Departamento,RENTA,24000,"Departamento nuevo  en renta en Prados Providencia Prados de Providencia, Guadalaja",2.0,2.0,74,https://www.aciertamax.com/property/departamento-nuevo-en-renta-en-prados-providencia-prados-de-providencia-departamento?agent=javier373&lang=es
Guadalajara,Departamento,RENTA,24000,,1.0,1.0,70,https://www.aciertamax.com/property/depa-amueblado-ladron-de-guevara?agent=javier373&lang=es
Guadalajara,Departamento,RENTA,24000,,2.0,2.0,86,https://www.aciertamax.com/property/vive-estrenando-en-el-corazon-de-guadalajara?agent=javier373&lang=es
Guadalajara,Departamento,RENTA,23600,,1.0,1.0,56.6,https://www.aciertamax.com/property/depa-amueblado-en-renta-nomad-living-zona-country-club-country-club?agent=javier373&lang=es
Guadalajara,Departamento,RENTA,23500,Departamento en Renta a Estrenar en Providencia con Balcón Prados de Provide,2.0,2.0,83,https://www.aciertamax.com/property/departamento-en-renta-a-estrenar-en-providencia-con-balcon?agent=javier373&lang=es
Guadalajara,Departamento,RENTA,23500,"Departamento 603 – Loft amueblado en Atena Urban Living Colonia Americana | GDL Americana, Guadal",1.0,1.0,64,https://www.aciertamax.com/property/departamento-603-loft-amueblado-en-atena-urban-living-colonia-americana-gdl?agent=javier373&lang=es
Guadalajara,Departamento,RENTA,23500,"Departamento en Renta - Torre Artea Vertical Providencia 3a Secc, Guadalajar",1.0,1.0,67,https://www.aciertamax.com/property/departamento-en-renta-torre-artea-vertical?agent=javier373&lang=es
Guadalajara,Departamento,RENTA,23200,,1.0,1.0,50,https://www.aciertamax.com/property/depa-en-renta-en-nomad-living-pablo-neruda-providencia-1a-secc?agent=javier373&lang=es
Guadalajara,Departamento,RENTA,23000,"Departamento en Renta en Country Club Guadalajara Country Club, Guadalajara",2.0,2.0,80,https://www.aciertamax.com/property/departamento-en-renta-en-country-club-guadalajara-689e11d0-8491-49a7-92d9-1b05ab5a03fb?agent=javier373&lang=es
Guadalajara,Departamento,RENTA,23000,,1.0,1.0,74,https://www.aciertamax.com/property/increible-departamento-tipo-loft-dos-niveles-en-renta-colonia-americana?agent=javier373&lang=es
Guadalajara,Departamento,RENTA,23000,,1.0,1.0,74,https://www.aciertamax.com/property/increible-departamento-tipo-loft-dos-niveles-en-renta-col-americana-amueblado?agent=javier373&lang=es
Guadalajara,Departamento,RENTA,23000,"Departamento tipo loft en Colonia Americana Obrera, Guadalajara Clave interna: CL-1290",1.0,1.0,74,https://www.aciertamax.com/property/departamento-tipo-loft-en-colonia-americana-obrera?agent=javier373&lang=es
Guadalajara,Departamento,RENTA,23000,,1.0,1.0,72,https://www.aciertamax.com/property/en-renta-departamento-una-recamara-doble-altura-colonia-americana?agent=javier373&lang=es
Guadalajara,Departamento,RENTA,23000,,1.0,1.0,74,https://www.aciertamax.com/property/departamento-tipo-loft-doble-altura-en-renta-en-col-americana-guadalajara?agent=javier373&lang=es
Guadalajara,Departamento,RENTA,22900,"Departamento en renta en ELYSIAN HIGH COUNTRY Country Club, Guadalajara Depa",1.0,1.0,65,https://www.aciertamax.com/property/departamento-en-renta-en-elysian-high-country-6a78f447-4cd5-4c9f-b68a-4340089b8053?agent=javier373&lang=es
Guadalajara,Departamento,RENTA,22500,,1.0,1.0,42,https://www.aciertamax.com/property/estudio-a-estrenar-en-torre-mm?agent=javier373&lang=es
Guadalajara,Departamento,RENTA,22500,,2.0,1.0,77,https://www.aciertamax.com/property/departamento-2-recamaras-colonia-americana-americana?agent=javier373&lang=es
Guadalajara,Departamento,RENTA,22500,"Departamento en RENTA en Punto Sao Paulo Av. Américas Colomos Providencia, G",1.0,1.0,65,https://www.aciertamax.com/property/departamento-en-sao-paulo-vertical-colomos-providencia?agent=javier373&lang=es
Guadalajara,Departamento,RENTA,22485,,1.0,1.0,44,https://www.aciertamax.com/property/departamento-de-1-habitacion-amueblado-con-servicios-incluidos-vallarta-san-jorge?agent=javier373&lang=es
Guadalajara,Departamento,RENTA,22300,"Departamento AMUEBLADO en renta – Torre LLum, Colonia Americana Americana, Guadalajara",1.0,1.0,50,https://www.aciertamax.com/property/departamento-amueblado-en-renta-torre-llum-colonia-americana?agent=javier373&lang=es
Guadalajara,Departamento,RENTA,22176,,1.0,1.0,50,https://www.aciertamax.com/property/un-nuevo-comienzo-en-el-lugar-perfecto-departamento-de-una-recamara?agent=javier373&lang=es
Guadalajara,Departamento,RENTA,22000,,2.0,2.0,90,https://www.aciertamax.com/property/en-renta-departamento-dos-recamaras-colonia-americana?agent=javier373&lang=es
Guadalajara,Departamento,RENTA,22000,Departamento amueblado en renta en Coordenada Living | Arcos Vallarta | GDL Arcos Vall,2.0,2.0,73,https://www.aciertamax.com/property/departamento-amueblado-en-renta-en-coordenada-living-arcos-vallarta-gdl?agent=javier373&lang=es
Guadalajara,Casa en condominio,RENTA,22000,"Casa en renta, Col. San Rafael, Guadalajara, Jal. San Rafael, Guadal",3.0,3.0,88.2,https://www.aciertamax.com/property/casa-en-renta-col-san-rafael-guadalajara-jal?agent=javier373&lang=es
Guadalajara,Departamento,RENTA,22000,"Departamento amueblado en renta Col. Americana Americana, Guadalajara Departamento 4 r",4.0,4.0,256,https://www.aciertamax.com/property/departamento-amueblado-en-renta-col-americana-ec4ebab3-5e20-4bf3-89a1-ee73d30a9a0d?agent=javier373&lang=es
Guadalajara,Departamento,RENTA,22000,"Departamento en Renta – Colonia Ladrón de Guevara Ladrón de Guevara, Guadala",3.0,2.0,115,https://www.aciertamax.com/property/departamento-en-renta-colonia-ladron-de-guevara-d9d9138b-edea-437a-b19b-b154ebcebf0e?agent=javier373&lang=es
Guadalajara,Departamento,RENTA,22000,"Departamento de 1 recámara en RENTA en Providencia - Torre Haoma. Providencia 3a Secc, Gua",1.0,1.0,56.55,https://www.aciertamax.com/property/departamento-de-1-recamara-en-renta-en-providencia-torre-haoma?agent=javier373&lang=es
Guadalajara,Departamento,RENTA,22000,Departamento nuevo en renta a estrenar cerca de La Minerva Jardines del Bosque Nor,2.0,2.0,86,https://www.aciertamax.com/property/renta-depa-nuevo-en-el-corazon-de-la-ciudad?agent=javier373&lang=es
Guadalajara,Departamento,RENTA,21700,,,1.0,50,https://www.aciertamax.com/property/loft-en-elysian-high-country?agent=javier373&lang=es
Guadalajara,Departamento,RENTA,21500,"Departamento amueblado en renta en colonia Americana Americana, Guadalajara Departamen",1.0,1.0,80,https://www.aciertamax.com/property/departamento-amueblado-en-renta-en-colonia-americana-americana-departamento?agent=javier373&lang=es
Guadalajara,Departamento,RENTA,21500,"Departamento amueblado en renta, en Col. Artesanos, Guadalajara, Jal Artesanos, Guadal",2.0,2.0,73.4,https://www.aciertamax.com/property/departamento-amueblado-en-renta-en-col-artesanos-guadalajara-jal-artesanos?agent=javier373&lang=es
Guadalajara,Departamento,RENTA,21500,,1.0,1.0,80,https://www.aciertamax.com/property/en-renta-departamento-tipo-loft-amueblado-doble-altura-colonia-americana?agent=javier373&lang=es
Guadalajara,Departamento,RENTA,21500,"Departamento en Renta Pablo Neruda Providencia 3a Secc, Guadalajara Departam",1.0,1.0,49,https://www.aciertamax.com/property/departamento-en-renta-en-pablo-neruda-providencia-3a-secc?agent=javier373&lang=es
Guadalajara,Departamento,RENTA,21500,,1.0,1.0,56,https://www.aciertamax.com/property/departamento-1rec-en-renta-en-av-pablo-neruda-providencia-guadalajara-chapultepec-country?agent=javier373&lang=es
Guadalajara,Departamento,RENTA,21500,,1.0,1.0,78,https://www.aciertamax.com/property/loft-doble-altura-amueblado-en-renta-en-col-americana-guadalajara?agent=javier373&lang=es
Guadalajara,Departamento,RENTA,21305,"Departamento en renta Jardines del Country, Guadalajara Departamento 1 recám",1.0,1.0,47,https://www.aciertamax.com/property/departamento-en-renta-jardines-del-country-departamento?agent=javier373&lang=es
Guadalajara,Departamento,RENTA,21200,,1.0,1.0,56,https://www.aciertamax.com/property/departamento-1rec-en-renta-en-av-pablo-neruda-providencia-guadalajara?agent=javier373&lang=es
Guadalajara,Departamento,RENTA,21000,,1.0,1.0,60,https://www.aciertamax.com/property/departamento-en-renta-torre-wit?agent=javier373&lang=es
Guadalajara,Departamento,RENTA,21000,,2.0,2.0,60,https://www.aciertamax.com/property/venta-de-departamento-en-chapultepec-country-mod-energy?agent=javier373&lang=es
Guadalajara,Departamento,RENTA,21000,,1.0,1.0,40,https://www.aciertamax.com/property/departamento-1-recamara-con-balcon-con-amenidades-con-o-sin-muebles?agent=javier373&lang=es
Guadalajara,Departamento,RENTA,21000,,1.0,1.0,70,https://www.aciertamax.com/property/en-renta-departamento-una-recamara-dos-plantas-colonia-americana?agent=javier373&lang=es
Guadalajara,Departamento,RENTA,21000,,2.0,1.0,66,https://www.aciertamax.com/property/departamento-nuevo-en-renta-vallarta-norte?agent=javier373&lang=es
Guadalajara,Departamento,RENTA,20823,,1.0,1.0,47,https://www.aciertamax.com/property/departamento-una-recamara-nuevo-con-amenidades-providencia?agent=javier373&lang=es
Guadalajara,Departamento,RENTA,20700,"Departamento en Country Club, Guadalajara.Departamento en Country Club, Guad",1.0,1.0,48,https://www.aciertamax.com/property/departamento-en-country-club-guadalajara-departamento-en-country-club-guadalaj?agent=javier373&lang=es
Guadalajara,Departamento,RENTA,20500,,1.0,1.0,75,https://www.aciertamax.com/property/venta-departamento-1-recamara-1-cajon-americana-lafayette?agent=javier373&lang=es
Guadalajara,Departamento,RENTA,20500,,1.0,1.0,66,https://www.aciertamax.com/property/departamento-nuevo-en-torre-balandra-vertical-zona-consulado-nuevo-78162e18-284f-434c-8d68-1a67158671ae?agent=javier373&lang=es
Guadalajara,Departamento,RENTA,20500,,2.0,1.0,56,https://www.aciertamax.com/property/departamento-en-renta-amueblado-coordenada-lafayette-en-la-colonia-moderna?agent=javier373&lang=es
Guadalajara,Departamento,RENTA,20130,,1.0,1.0,,https://www.aciertamax.com/property/depa-de-lujo-sobre-pablo-neruda-en-providencia?agent=javier373&lang=es
Guadalajara,Departamento,RENTA,20000,"Departamento Amueblado en Torre Margot Chapalita Chapalita, Guadalajara Departamento 1",1.0,1.0,42,https://www.aciertamax.com/property/renta-departamento-amueblado-en-torre-margot-chapalita?agent=javier373&lang=es
Guadalajara,Departamento,RENTA,20000,,2.0,1.0,71.76,https://www.aciertamax.com/property/rento-departamento-amueblado-en-trimera-guadalajara-centro-guadalajara?agent=javier373&lang=es
Guadalajara,Departamento,RENTA,20000,"Departamento amueblado en renta en Yu Country Lomas Del Country, Guadalajara Departame",1.0,1.0,53,https://www.aciertamax.com/property/departamento-en-yu-country-country-club?agent=javier373&lang=es
Guadalajara,Departamento,RENTA,20000,,1.0,1.0,75,https://www.aciertamax.com/property/amueblado-para-dos-personas-col-americana?agent=javier373&lang=es
Guadalajara,Departamento,RENTA,20000,,1.0,2.0,50,https://www.aciertamax.com/property/departamento-en-renta-en-col-americana-americana-departamento?agent=javier373&lang=es
Guadalajara,Departamento,RENTA,20000,,3.0,2.0,85,https://www.aciertamax.com/property/departamento-en-renta-torre-acervo-colonia-artesanos?agent=javier373&lang=es
Guadalajara,Departamento,RENTA,20000,,1.0,1.0,70,https://www.aciertamax.com/property/loft-amueblado-en-renta-americana-departamento?agent=javier373&lang=es
Guadalajara,Departamento,RENTA,19991,,1.0,1.0,47,https://www.aciertamax.com/property/departamento-amueblado-en-renta-cerca-de-midtown?agent=javier373&lang=es
Guadalajara,Departamento,RENTA,19990,"Departamento amueblado en renta en Providencia Providencia 1a Secc, Guadalajara Depart",,1.0,36,https://www.aciertamax.com/property/departamento-amueblado-en-renta-en-providencia-providencia-1a-secc?agent=javier373&lang=es
Guadalajara,Departamento,RENTA,19670,,1.0,1.0,56.6,https://www.aciertamax.com/property/depa-en-renta-nomad-living-zona-country-club-country-club?agent=javier373&lang=es
Guadalajara,Departamento,RENTA,19600,"Departamento en COUNTRY Gdl Ayuntamiento, Guadalajara Departamento 1 recámar",1.0,1.0,48,https://www.aciertamax.com/property/exclusivo-departamento-en-country-gdl?agent=javier373&lang=es
Guadalajara,Departamento,RENTA,19500,,1.0,1.0,,https://www.aciertamax.com/property/departamento-en-renta-zona-country-ayuntamiento-guadalajara?agent=javier373&lang=es
Guadalajara,Departamento,RENTA,19500,,,1.0,89,https://www.aciertamax.com/property/loft-en-renta-en-circulo-frances-colonia-americana?agent=javier373&lang=es
Guadalajara,Departamento,RENTA,19500,"Departamento en renta col. Americana Guadalajara Americana, Guadalajara Depa",2.0,2.0,80,https://www.aciertamax.com/property/departamento-en-renta-col-americana-guadalajara-6fba1d73-e0af-48bb-a023-dc51ea2d25d2?agent=javier373&lang=es
Guadalajara,Departamento,RENTA,19500,,1.0,1.0,56,https://www.aciertamax.com/property/departamento-de-1rec-amueblado-en-renta-en-col-chapultepec-country-guadalajara-chapultepec-country?agent=javier373&lang=es
Guadalajara,Departamento,RENTA,19420,,,1.0,36,https://www.aciertamax.com/property/departamento-en-renta-amueblado-o-sin-amueblar-jardines-del-country?agent=javier373&lang=es
Guadalajara,Departamento,RENTA,19300,,,1.0,36,https://www.aciertamax.com/property/loft-en-renta-torre-llum-colonia-americana?agent=javier373&lang=es
Guadalajara,Departamento,RENTA,19000,,1.0,1.0,32,https://www.aciertamax.com/property/departamento-1-recamara-edificio-inteligente-con-amenidades-con-o-sin-muebles?agent=javier373&lang=es
Guadalajara,Departamento,RENTA,19000,,1.0,1.0,34,https://www.aciertamax.com/property/renta-de-departamento-amueblado-monraz-guadalajara?agent=javier373&lang=es
Guadalajara,Departamento,RENTA,18907,"Departamento en la zona financiera Colomos Providencia, Guadalajara Departam",,1.0,36,https://www.aciertamax.com/property/departamento-tipo-loft-amueblado-en-la-zona-financiera?agent=javier373&lang=es
Guadalajara,Departamento,RENTA,18900,,,1.0,60.75,https://www.aciertamax.com/property/loft-americana-americana-guadalajara?agent=javier373&lang=es
Guadalajara,Departamento,RENTA,18800,,,1.0,,https://www.aciertamax.com/property/departamento-tipo-loft-amueblado-en-renta-a-costado-de-providencia-guadalajara?agent=javier373&lang=es
Guadalajara,Departamento,RENTA,18600,,,1.0,41.5,https://www.aciertamax.com/property/loft-amueblado-en-renta-nomad-living-zona-country-club-country-club?agent=javier373&lang=es
Guadalajara,Departamento,RENTA,18500,,2.0,2.0,110,https://www.aciertamax.com/property/depa-en-renta-en-col-arcos-vallarta-3er-piso?agent=javier373&lang=es
Guadalajara,Departamento,RENTA,18500,"Departamento en Renta, Col, Residencial San Rafael, Guadalajara , Jal San Ra",3.0,2.0,96.3,https://www.aciertamax.com/property/departamento-en-renta-col-residencial-san-rafael-guadalajara-jal?agent=javier373&lang=es
Guadalajara,Departamento,RENTA,18500,"Departamento amueblado en renta en la americana Guadalajara Americana, Guadalajara Dep",1.0,1.0,57,https://www.aciertamax.com/property/departamento-amueblado-en-renta-en-la-americana-guadalajara?agent=javier373&lang=es
Guadalajara,Departamento,RENTA,18500,"Departamento en renta en Americas y Lopez Mateos  1 recamara Ayuntamiento, G",1.0,1.0,49,https://www.aciertamax.com/property/departamento-en-renta-en-americas-y-lopez-mateos-1-recamara?agent=javier373&lang=es
Guadalajara,Departamento,RENTA,18000,,,1.0,53,https://www.aciertamax.com/property/depa-nuevo-en-renta-lomas-del-country?agent=javier373&lang=es
Guadalajara,Departamento,RENTA,18000,,2.0,2.0,72,https://www.aciertamax.com/property/departamento-amueblado-de-lujo-planta-baja-bellavittoria-2-recamaras?agent=javier373&lang=es
Guadalajara,Departamento,RENTA,18000,,1.0,1.0,56,https://www.aciertamax.com/property/estrena-depa-a-unas-cuadras-de-la-minerva?agent=javier373&lang=es
Guadalajara,Departamento,RENTA,18000,,1.0,1.0,86,https://www.aciertamax.com/property/renta-estrenando-zona-minerva?agent=javier373&lang=es
Guadalajara,Departamento,RENTA,18000,,1.0,1.0,45,https://www.aciertamax.com/property/departamento-en-renta-en-la-americana-9f3ac132-c0dc-46fb-bc36-ae29cf4603af?agent=javier373&lang=es
Guadalajara,Departamento,RENTA,18000,,1.0,1.0,28,https://www.aciertamax.com/property/loft-amueblado-en-renta-en-guadalajara?agent=javier373&lang=es
Guadalajara,Departamento,RENTA,18000,"Departamento tipo loft en la zona financiera Providencia 2a Secc, Guadalajara Departam",,1.0,36,https://www.aciertamax.com/property/departamento-tipo-loft-en-la-zona-financiera?agent=javier373&lang=es
Guadalajara,Departamento,RENTA,17800,"Departamento en Renta, Col , Americana, Guadalajara,Jal Americana, Guadalaja",1.0,1.0,52,https://www.aciertamax.com/property/departamento-en-renta-col-americana-guadalajara-jal-americana?agent=javier373&lang=es
Guadalajara,Departamento,RENTA,17500,,2.0,2.0,101,https://www.aciertamax.com/property/departamento-venta-country-club-mar-del-sur?agent=javier373&lang=es
Guadalajara,Departamento,RENTA,17500,"Departamento amueblado en renta en el desarrollo Tres Lagos! Lomas de Independencia, G",2.0,2.0,70,https://www.aciertamax.com/property/departamento-amueblado-en-renta-en-el-desarrollo-tres-lagos?agent=javier373&lang=es
Guadalajara,Departamento,RENTA,17500,"Departamento AMUEBLADO en RENTA PUNTO CENTRAL La Perla, Guadalajara Departamento 2 rec",2.0,1.0,60,https://www.aciertamax.com/property/departamento-en-venta-punto-central-la-perla-departamento?agent=javier373&lang=es
Guadalajara,Departamento,RENTA,17500,,1.0,1.0,56,https://www.aciertamax.com/property/estrena-depa-en-el-corazon-de-guadalajara?agent=javier373&lang=es
Guadalajara,Departamento,RENTA,17500,,1.0,1.0,53,https://www.aciertamax.com/property/departamento-en-renta-en-yu-country-lomas-del-country-guadalajara?agent=javier373&lang=es
Guadalajara,Departamento,RENTA,17200,"Departamento tipo loft en renta cerca de Américas Ayuntamiento, Guadalajara Departamen",,1.0,41.3,https://www.aciertamax.com/property/departamento-tipo-loft-en-renta-cerca-de-americas?agent=javier373&lang=es
Guadalajara,Departamento,RENTA,17200,,,1.0,39.77,https://www.aciertamax.com/property/depa-en-renta-nomad-living-pablo-neruda-country-club?agent=javier373&lang=es
Guadalajara,Departamento,RENTA,17200,,,1.0,49,https://www.aciertamax.com/property/departamento-tipo-loft-en-renta-a-costado-de-providencia-guadalajara-chapultepec-country?agent=javier373&lang=es
Guadalajara,Departamento,RENTA,17100,"Departamento en renta sin amueblar Ayuntamiento, Guadalajara Departamento 1",,1.0,36,https://www.aciertamax.com/property/departamento-en-renta-sin-amueblar-ayuntamiento?agent=javier373&lang=es
Guadalajara,Departamento,RENTA,17000,,1.0,1.0,55,https://www.aciertamax.com/property/departamento-en-renta-en-torre-argentina-824?agent=javier373&lang=es
Guadalajara,Departamento,RENTA,17000,,2.0,1.0,65,https://www.aciertamax.com/property/providencia-departamento-remodelado-2-habitaciones?agent=javier373&lang=es
Guadalajara,Departamento,RENTA,16900,,,1.0,,https://www.aciertamax.com/property/departamento-en-renta-zona-country-ayuntamiento?agent=javier373&lang=es
Guadalajara,Departamento,RENTA,16800,,1.0,1.0,35,https://www.aciertamax.com/property/departamento-tipo-loft-amueblado-en-renta-colonia-americana-fabrica-morelos?agent=javier373&lang=es
Guadalajara,Casa en condominio,RENTA,16500,"Casa en condominio 3 recámaras, 2 baños Ver detalles",3.0,2.0,,https://www.aciertamax.com/property/se-renta-casa-en-coto-amueblada?agent=javier373&lang=es
Guadalajara,Departamento,RENTA,16500,"Departamento amueblado en Renta Americana, Guadalajara Departamento 1 recámara, 1 baño",1.0,1.0,110,https://www.aciertamax.com/property/departamento-amueblado-en-renta-b7c01def-bc41-4b93-b7bd-6bc854feaa54?agent=javier373&lang=es
Guadalajara,Departamento,RENTA,16500,"Departamento Loft en renta en Pablo Neruda Providencia 3a Secc, Guadalajara Depar",,1.0,36,https://www.aciertamax.com/property/departamento-en-renta-en-pablo-neruda-tipo-loft-providencia-3a-secc?agent=javier373&lang=es
Guadalajara,Departamento,RENTA,16275,,,1.0,41.5,https://www.aciertamax.com/property/loft-en-renta-nomad-living-zona-country-club-country-club?agent=javier373&lang=es
Guadalajara,Departamento,RENTA,16100,,,1.0,,https://www.aciertamax.com/property/departamento-tipo-loft-en-renta-a-costado-de-providencia-guadalajara?agent=javier373&lang=es
Guadalajara,Departamento,RENTA,16000,,,1.0,38,https://www.aciertamax.com/property/en-renta-departamento-tipo-estudio-colonia-americana-almueblado?agent=javier373&lang=es
Guadalajara,Departamento,RENTA,15900,"Departamento nuevo en RENTA colonia El Retiro El Retiro, Guadalajara Departamento",2.0,2.0,60,https://www.aciertamax.com/property/departamento-nuevo-en-renta-colonia-el-retiro?agent=javier373&lang=es
Guadalajara,Departamento,RENTA,15563,,,1.0,36,https://www.aciertamax.com/property/estas-buscando-un-lugar-moderno-y-amueblado-para-vivir-una-experiencia-unica?agent=javier373&lang=es
Guadalajara,Departamento,RENTA,15500,"Departamento en Renta Amueblado por la Fuente Olimpica Independencia, Guadal",3.0,2.0,100,https://www.aciertamax.com/property/departamento-en-renta-amueblado-por-la-fuente-olimpica?agent=javier373&lang=es
Guadalajara,Casa,RENTA,15500,"Casa en renta en Quinta Velarde, Guadalajara. Quinta Velarde, Guadal",4.0,2.0,303,https://www.aciertamax.com/property/casa-en-renta-en-quinta-velarde-guadalajara-quinta-velarde?agent=javier373&lang=es
Guadalajara,Departamento,RENTA,15500,,1.0,1.0,46.3,https://www.aciertamax.com/property/departamento-en-renta-en-santa-teresita-santa-teresita?agent=javier373&lang=es
Guadalajara,Departamento,RENTA,15000,"Departamento en Villas de San Javier, Guadalajara. Vallarta San Jorge, Guada",2.0,1.0,64,https://www.aciertamax.com/property/departamento-en-villas-de-san-javier-guadalajara?agent=javier373&lang=es
Guadalajara,Departamento,RENTA,15000,,1.0,1.0,45,https://www.aciertamax.com/property/loft-en-renta-en-jardines-del-bosque-guadalajara?agent=javier373&lang=es
Guadalajara,Departamento,RENTA,15000,Departamento en Renta Rincón del Agua Azul.,2.0,2.0,110,https://www.aciertamax.com/property/departamento-en-renta-rincon-del-agua-azul-15-000?agent=javier373&lang=es
Guadalajara,Departamento,RENTA,15000,Departamento en Renta Rincón del Agua Azul.,2.0,2.0,92,https://www.aciertamax.com/property/departamento-en-renta-rincon-del-agua-azul-16-000?agent=javier373&lang=es
Guadalajara,Departamento,RENTA,14900,"Departamento nuevo en RENTA cercano al Centro Historico Gdl. El Retiro, Guadalajar",2.0,2.0,66,https://www.aciertamax.com/property/departamento-nuevo-en-renta-cercano-al-centro-historico-gdl?agent=javier373&lang=es
Guadalajara,Departamento,RENTA,14500,,,1.0,56,https://www.aciertamax.com/property/loft-amueblado-en-renta-col-americana?agent=javier373&lang=es
Guadalajara,Casa,RENTA,14500,,1.0,1.0,70,https://www.aciertamax.com/property/casita-en-renta-incluye-servicios-barrio-santa-tere?agent=javier373&lang=es
Guadalajara,Departamento,RENTA,14000,"Departamento en renta Guadalajara Centro Guadalajara Centro, Guadalajara Dep",1.0,1.0,80,https://www.aciertamax.com/property/departamento-en-renta-guadalajara-centro-guadalajara-centro?agent=javier373&lang=es
Guadalajara,Casa,RENTA,14000,,4.0,1.0,115,https://www.aciertamax.com/property/casa-renta-san-juan-de-dios-guadalajara-san-juan-de-dios?agent=javier373&lang=es
Guadalajara,Departamento,RENTA,14000,,1.0,1.0,72,https://www.aciertamax.com/property/departamento-equipado-y-amueblado-en-renta-guadalajara-centro?agent=javier373&lang=es
Guadalajara,Departamento,RENTA,14000,"Departamento en renta Guadalajara Centro Guadalajara Centro, Guadalajara Dep",1.0,1.0,80,https://www.aciertamax.com/property/departamento-en-renta-guadalajara-centro-guadalajara-centro-guadalajara?agent=javier373&lang=es
Guadalajara,Departamento,RENTA,13900,"Departamento Amueblado en Renta – Colonia Providencia Providencia 4a Secc, Guadalajara",1.0,1.0,40,https://www.aciertamax.com/property/departamento-amueblado-en-renta-colonia-providencia?agent=javier373&lang=es
Guadalajara,Departamento,RENTA,13536,,,1.0,31,https://www.aciertamax.com/property/loft-con-terraza-en-renta-y-servicios-incluidos-centrico?agent=javier373&lang=es
Guadalajara,Departamento,RENTA,13536,,,1.0,40,https://www.aciertamax.com/property/loft-centrico-en-renta-amueblado-a-3-min-de-chapalita?agent=javier373&lang=es
Guadalajara,Departamento,RENTA,13536,,,1.0,40,https://www.aciertamax.com/property/loft-centrico-en-renta-amueblado-a-3-min-de-chapalita-chapalita?agent=javier373&lang=es
Guadalajara,Departamento,RENTA,13536,,,1.0,35,https://www.aciertamax.com/property/loft-amueblado-con-servicios-incluidos-zona-centrica?agent=javier373&lang=es
Guadalajara,Departamento,RENTA,13536,,,1.0,35,https://www.aciertamax.com/property/loft-con-servicios-incluidos-1-estacionamiento?agent=javier373&lang=es
Guadalajara,Departamento,RENTA,13000,"Departamento-Estudio en renta amueblado Col. Americana Americana, Guadalajara Depart",,1.0,37,https://www.aciertamax.com/property/departamento-en-renta-amueblado-col-americana-americana-guadalajara?agent=javier373&lang=es
Guadalajara,Departamento,RENTA,13000,,1.0,1.0,46,https://www.aciertamax.com/property/departamento-en-renta-en-nibele-residencial-centro-historico?agent=javier373&lang=es
Guadalajara,Departamento,RENTA,13000,,1.0,1.0,35,https://www.aciertamax.com/property/loft-en-renta-en-la-colonia-americana-a-una-cuadra-de-av-americas?agent=javier373&lang=es
Guadalajara,Departamento,RENTA,13000,"Departamento en Renta Lomas de Independencia, Guadalajara Departamento 2 rec",2.0,2.0,69,https://www.aciertamax.com/property/departamento-en-renta-7f16eadb-3b4d-41ea-8385-273352c0715e?agent=javier373&lang=es
Tlajomulco,Casa,RENTA,80000,"Casa en Renta El Palomar El Palomar, Tlajomulco de Zúñiga Casa 4 rec",4.0,5.0,"1,000",https://www.aciertamax.com/property/casa-en-renta-el-palomar-14ac2b68-5064-452d-9da4-4c5ee050338e?agent=javier373&lang=es
Tlajomulco,Casa,RENTA,45000,,4.0,4.0,310,https://www.aciertamax.com/property/casa-renta-el-manantial-tlajomulco?agent=javier373&lang=es
Tlajomulco,Casa en condominio,RENTA,42000,"Casa en Renta en La Rioja La Rioja, Tlajomulco de Zúñiga Casa en con",4.0,4.0,300,https://www.aciertamax.com/property/casa-en-renta-en-la-rioja-1ddf160f-9e92-4584-83f7-c652d424058b?agent=javier373&lang=es
Tlajomulco,Casa,RENTA,37000,,3.0,4.0,300,https://www.aciertamax.com/property/renta-casa-nueva-en-provenza-sur?agent=javier373&lang=es
Tlajomulco,Casa en condominio,RENTA,35000,"Casa en condominio 4 recámaras, 3 baños 221 m² Ver detalles",4.0,3.0,221,https://www.aciertamax.com/property/renta-tu-nuevo-hogar-a-un-lado-de-plaza-punto-sur-4-recamaras-y-jardin-punto-sur?agent=javier373&lang=es
Tlajomulco,Departamento,RENTA,33000,,3.0,3.0,122,https://www.aciertamax.com/property/renta-departamento-en-punto-sur-con-122m2-3-recamaras?agent=javier373&lang=es
Tlajomulco,Casa,RENTA,31000,,3.0,2.0,350,https://www.aciertamax.com/property/casa-renta-el-palomar-seccion-jockey?agent=javier373&lang=es
Tlajomulco,Casa en condominio,RENTA,30000,"Casa en renta en La Rioja Tlajomulco de Zúñiga La Rioja, Tlajomulco",3.0,4.0,231,https://www.aciertamax.com/property/casa-en-renta-en-la-rioja-tlajomulco-de-zuniga-d261a4e9-19bb-4ab5-a0c6-f6b9080143ce?agent=javier373&lang=es
Tlajomulco,Casa,RENTA,30000,"Casa en renta  Primera Sección, El Palomar El Palomar, Tlajomulco de",3.0,2.0,265,https://www.aciertamax.com/property/casa-en-renta-primera-seccion-el-palomar?agent=javier373&lang=es
Tlajomulco,Casa en condominio,RENTA,30000,"Casa en renta el tajo San Martin Del Tajo, Tlajomulco de Zúñiga Casa",3.0,4.0,,https://www.aciertamax.com/property/casa-en-renta-el-tajo?agent=javier373&lang=es
Tlajomulco,Casa,RENTA,30000,"Casa en renta Senderos de Monte Verde, Tlajomulco de Zúñiga Casa 4 r",4.0,3.0,325,https://www.aciertamax.com/property/casa-en-renta-4232f566-218b-4c38-8d94-1bd11cc6ae10?agent=javier373&lang=es
Tlajomulco,Casa,RENTA,27000,"Casa en renta en Punto Sur Este, por Punto Sur precio",3.0,3.0,188,https://www.aciertamax.com/property/casa-en-renta-en-punto-sur-este-por-punto-sur-precio-27-000-mensuales?agent=javier373&lang=es
Tlajomulco,Casa en condominio,RENTA,25000,"Casa en condominio 3 recámaras, 2 baños 174 m² Ver detalles",3.0,2.0,174,https://www.aciertamax.com/property/alberi-residencial-arbolada-bosques-de-santa-anita?agent=javier373&lang=es
Tlajomulco,Casa,RENTA,24500,,,,199.74,https://www.aciertamax.com/property/inm-comercial-multifuncional-en-renta-terraza-equipada-vivienda?agent=javier373&lang=es
Tlajomulco,Casa en condominio,RENTA,24000,"Casa en condominio 4 recámaras, 3 baños 185 m² Ver detalles",4.0,3.0,185,https://www.aciertamax.com/property/renta-en-nueva-galicia-coto-nueva-galicia?agent=javier373&lang=es
Tlajomulco,Casa,RENTA,24000,"Casa Amueblada en Renta ubicada en Nueva Galicia Nueva Galicia Residencial, Tl",3.0,2.0,145,https://www.aciertamax.com/property/casa-amueblada-en-renta-ubicada-en-nueva-galicia?agent=javier373&lang=es
Tlajomulco,Casa,RENTA,24000,"Casa en Renta Amueblada en Balcones de la Calera, Jalisco. Balcones",2.0,3.0,10,https://www.aciertamax.com/property/casa-en-renta-amueblada-en-balcones-de-la-calera-jalisco?agent=javier373&lang=es
Tlajomulco,Casa en condominio,RENTA,23500,"Casa en condominio 3 recámaras, 2 baños 186 m² Ver detalles",3.0,2.0,186,https://www.aciertamax.com/property/casa-en-coto-la-rioja?agent=javier373&lang=es
Tlajomulco,Casa,RENTA,23500,Casa en coto Atmosfera Residencial - Bosques de Santa Anita Arbolada,4.0,3.0,175,https://www.aciertamax.com/property/casa-en-coto-atmosfera-residencial-bosques-de-santa-anita?agent=javier373&lang=es
Tlajomulco,Casa en condominio,RENTA,22000,"Casa Arbolada 2 bosques de santa anita Arbolada Bosques de Santa Anita, Tlajomulco de Zúñiga Casa en condominio 3 recámaras, 2 baños 215.58 m² Ver detalles",3.0,2.0,215.58,https://www.aciertamax.com/property/renta-casa-arbolada-2-bosques-de-santa-anita?agent=javier373&lang=es
Tlajomulco,Casa,RENTA,22000,,3.0,2.0,172,https://www.aciertamax.com/property/casa-en-renta-en-nueva-galicia-coto-coruna-la-tijera?agent=javier373&lang=es
Tlajomulco,Casa,RENTA,21000,,3.0,2.0,172.7,https://www.aciertamax.com/property/casa-en-renta-nueva-galicia-a747f8f0-b56a-4cff-9584-d25d4eb9a462?agent=javier373&lang=es
Tlajomulco,Casa,RENTA,21000,,3.0,2.0,175,https://www.aciertamax.com/property/casa-en-renta-en-nueva-galicia-coto-valencia-la-tijera?agent=javier373&lang=es
Tlajomulco,Casa en condominio,RENTA,19000,"Casa Fuerte), Tlajomulco de Zúñiga Casa en condominio 3 recámaras, 2 baños 215 m² Ver detalles",3.0,2.0,215,https://www.aciertamax.com/property/casa-en-renta-casa-fuerte-tlajomulco-el-alcazar-casa-fuerte-tlajomulco-de-zuniga?agent=javier373&lang=es
Tlajomulco,Casa en condominio,RENTA,19000,"Casa en Renta , col, Villa california, Tlajomulco de Zuñiga, Jal Vil",3.0,3.0,201.7,https://www.aciertamax.com/property/casa-en-renta-col-villa-california-tlajomulco-de-zuniga-jal?agent=javier373&lang=es
Tlajomulco,Casa en condominio,RENTA,18500,"Casa en renta en Bosques de Santa Anita, Tlajomulco de Zúñiga. Trive",3.0,2.0,90,https://www.aciertamax.com/property/casa-en-renta-en-bosques-de-santa-anita-tlajomulco-de-zuniga-triventi-residencial?agent=javier373&lang=es
Tlajomulco,Casa en condominio,RENTA,17400,"Casa en condominio 3 recámaras, 2 baños 138 m² Ver detalles",3.0,2.0,138,https://www.aciertamax.com/property/residencial-sorrento-casa-renta-seguridad-24-7-cerca-punto-sur?agent=javier373&lang=es
Tlajomulco,Casa en condominio,RENTA,17000,"Casa en Renta - Condominio el Jade, ubicado a 5min de Plaza Galerías",3.0,2.0,317,https://www.aciertamax.com/property/bonita-casa-en-renta-condominio-el-jade?agent=javier373&lang=es
Tlajomulco,Casa,RENTA,16500,"Casa en Renta en Colinas de Santa Anita, Jalisco Colinas de Santa An",4.0,3.0,270.29,https://www.aciertamax.com/property/casa-en-renta-en-colinas-de-santa-anita-jalisci?agent=javier373&lang=es
Tlajomulco,Casa en condominio,RENTA,16000,"Casa en condominio 3 recámaras, 2 baños 170 m² Ver detalles",3.0,2.0,170,https://www.aciertamax.com/property/se-renta-casa-en-fraccionamiento-el-origen-condominio-torrenta-en-tlajomulco?agent=javier373&lang=es
Tlajomulco,Casa en condominio,RENTA,15500,"Casa en Renta, Coto Paraíso, Santa Anita, Tlajomulco de Zuñiga Santa",3.0,2.0,109,https://www.aciertamax.com/property/casa-en-renta-coto-paraiso-santa-anita-tlajomulco-de-zuniga?agent=javier373&lang=es
Tlajomulco,Casa,RENTA,15000,Casa en Renta - 3 recámaras con Roof Garden y Panel Solar –,3.0,2.0,140,https://www.aciertamax.com/property/casa-en-renta-3-recamaras-con-roof-garden-y-panel-solar-15-000?agent=javier373&lang=es
Tlajomulco,Departamento,RENTA,15000,"Departamento Amueblado en renta en Lomas de Santa  Anita Lomas de Santa Anita, Tlajomu",2.0,2.0,,https://www.aciertamax.com/property/departamento-en-renta-en-colinas-de-santa-anita?agent=javier373&lang=es
Tlajomulco,Casa en condominio,RENTA,15000,"Casa en Renta Senderos de Monte Verde Senderos de Monte Verde, Tlajo",3.0,2.0,210,https://www.aciertamax.com/property/casa-en-renta-senderos-de-monte-verde-senderos-de-monte-verde-casa-en-condominio?agent=javier373&lang=es
Tlajomulco,Casa,RENTA,14500,"Casa en Renta El Alcázar (Casa Fuerte), Tlajomulco de Zúñiga Casa 3",3.0,2.0,153,https://www.aciertamax.com/property/casa-en-renta-f8de9280-c7e2-4710-8204-34de7d3a592b?agent=javier373&lang=es
Tlajomulco,Casa en condominio,RENTA,14500,"Casa en Renta, El Edén, Coto Paraíso, Tlajomulco de Zúñiga Bosques S",3.0,2.0,119,https://www.aciertamax.com/property/casa-en-renta-el-eden-coto-paraiso-tlajomulco-de-zuniga?agent=javier373&lang=es
Tlajomulco,Casa,RENTA,14000,Casa en Renta en Coto Cantero - Campestre Urbano Cortijo de San Agus,3.0,2.0,145,https://www.aciertamax.com/property/casa-en-renta-cortijo-de-san-agustin-casa?agent=javier373&lang=es
Tlajomulco,Casa,RENTA,13750,"Casa en Renta, COTO CAMPIÑAS. SENDEROS DE MONTE VERDE. Tlajomulco de",3.0,2.0,148,https://www.aciertamax.com/property/casa-en-renta-coto-campinas-senderos-de-monte-verde-tlajomulco-de-zuniga-jal?agent=javier373&lang=es
Tlajomulco,Casa en condominio,RENTA,13500,"Casa en renta Coto Alcatraces en Adamar Adamar, Tlajomulco de Zúñiga",3.0,2.0,121.8,https://www.aciertamax.com/property/casa-en-renta-coto-alcatraces-en-adamar?agent=javier373&lang=es
Tlajomulco,Casa en condominio,RENTA,13500,Casa en renta de 3 recamaras en Senderos de Monteverde Senderos de M,3.0,2.0,200,https://www.aciertamax.com/property/casa-en-renta-de-3-recamaras-en-senderos-de-monteverde-senderos-de-monte-verde-tlajomulco-de-zuniga?agent=javier373&lang=es
Tlajomulco,Departamento,RENTA,13500,,3.0,2.0,153,https://www.aciertamax.com/property/departamento-amueblado-de-una-planta?agent=javier373&lang=es
Tlajomulco,Casa en condominio,RENTA,13000,"Casa en renta en Adamar en Tlajomulco de Zúñiga San Agustin, Tlajomu",2.0,2.0,105,https://www.aciertamax.com/property/casa-en-renta-en-adamar-en-tlajomulco-de-zuniga-san-agustin?agent=javier373&lang=es
Tlaquepaque,Departamento,RENTA,25500,,2.0,2.0,50,https://www.aciertamax.com/property/departamento-amueblado-cerca-del-iteso-fraccionamiento-panorama?agent=javier373&lang=es
Tlaquepaque,Casa,RENTA,25000,"Casa amueblada en el corazón de Tlaquepaque, ideal ejecutivos. El Álamo, Tlaqu",3.0,2.0,153,https://www.aciertamax.com/property/casa-amueblada-en-el-corazon-de-tlaquepaque-ideal-ejecutivos?agent=javier373&lang=es
Tlaquepaque,Departamento,RENTA,20400,"Departamento en Renta , Prados Del Nilo , Tlaquepaque , Jal Prados Tlaquepaq",3.0,2.0,83,https://www.aciertamax.com/property/departamento-en-renta-prados-del-nilo-tlaquepaque-jal?agent=javier373&lang=es
Tlaquepaque,Departamento,RENTA,18500,"Departamento tipo estudio en renta Amueblado the block 609 Mirador del Tesoro, Tlaquepaqu",1.0,1.0,39,https://www.aciertamax.com/property/departamento-tipo-estudio-en-renta-amueblado-the-block-609?agent=javier373&lang=es
Tlaquepaque,Departamento,RENTA,18000,,1.0,2.0,65,https://www.aciertamax.com/property/iteso-amplio-departamento-nuevo-vista-panoramica-roof-garden-ubicacion-premium?agent=javier373&lang=es
Tlaquepaque,Departamento,RENTA,18000,,2.0,2.0,72,https://www.aciertamax.com/property/depa-en-renta-zona-revolucion-tren-ligero?agent=javier373&lang=es
Tlaquepaque,Casa en condominio,RENTA,16900,"Casa en condominio 3 recámaras, 2 baños 110 m² Ver detalles",3.0,2.0,110,https://www.aciertamax.com/property/casa-amueblada-en-renta-periferico-sur?agent=javier373&lang=es
Tlaquepaque,Casa,RENTA,16900,,3.0,2.0,110,https://www.aciertamax.com/property/casa-en-renta-amueblada-las-terrazas-residencial?agent=javier373&lang=es
Tlaquepaque,Departamento,RENTA,16500,,1.0,1.0,39,https://www.aciertamax.com/property/departamento-en-venta-en-tlaquepaque-torre-the-block-easy-living-iteso?agent=javier373&lang=es
Tlaquepaque,Departamento,RENTA,16500,,3.0,2.0,86,https://www.aciertamax.com/property/depa-renta-alto-horizonte-residencial-balcones-de-santa-maria?agent=javier373&lang=es
Tlaquepaque,Casa en condominio,RENTA,16000,Casa en Renta a Estrenar en Condominio Parques del Bosque Segunda Se,3.0,2.0,120,https://www.aciertamax.com/property/casa-en-renta-a-estrenar-en-condominio-parques-del-bosque-segunda-seccion-tlaqu?agent=javier373&lang=es
Tlaquepaque,Departamento,RENTA,15500,Departamento en Renta en Alto Horizonte con Terraza Privada Balcones de Sant,3.0,2.0,174,https://www.aciertamax.com/property/departamento-en-renta-en-alto-horizonte-con-terraza-privada?agent=javier373&lang=es
Tlaquepaque,Departamento,RENTA,15500,,3.0,2.0,86,https://www.aciertamax.com/property/depa-renta-alto-horizonte-residencial?agent=javier373&lang=es
Tlaquepaque,Casa en condominio,RENTA,15000,"Casa en Renta en Condominio en Parques del Bosque, Tlaquepaque Parqu",4.0,3.0,114,https://www.aciertamax.com/property/casa-en-renta-en-condominio-en-parques-del-bosque-tlaquepaque-parques-del-bosque?agent=javier373&lang=es
Tlaquepaque,Departamento,RENTA,15000,"Departamento en Renta, Torre LOMAIRA, Alamo Industrial, Tlaquepaque, Jalisco",3.0,2.0,73,https://www.aciertamax.com/property/departamento-en-renta-torre-lomaira-alamo-industrial-tlaquepaque-jalisco?agent=javier373&lang=es
Zapopan,Casa en condominio,RENTA,195000,"Casa en Bosque de los Lagos!!!! Bosque de los Lagos, Zapopan Clave i",4.0,4.0,716.54,https://www.aciertamax.com/property/casa-en-bosque-de-los-lagos-bosque-de-los-lagos-zapopan?agent=javier373&lang=es
Zapopan,Casa en condominio,RENTA,185000,"Casa en condominio 3 recámaras, 4 baños 600 m² Ver detalles",3.0,4.0,600,https://www.aciertamax.com/property/residencia-de-lujo-en-renta-en-puerta-aqua?agent=javier373&lang=es
Zapopan,Casa,RENTA,180000,,15.0,10.0,808,https://www.aciertamax.com/property/casa-en-renta-col-las-fuentes-zapopan?agent=javier373&lang=es
Zapopan,Casa en condominio,RENTA,170000,"Casa de Lujo en Renta en Alcazar El Alcazar Poniente, Zapopan Casa en condom",4.0,4.0,761.99,https://www.aciertamax.com/property/casa-de-lujo-en-venta-en-alcazar?agent=javier373&lang=es
Zapopan,Casa,RENTA,155000,,5.0,6.0,600,https://www.aciertamax.com/property/puerta-las-lomas-renta?agent=javier373&lang=es
Zapopan,Casa en condominio,RENTA,140000,"Casa en condominio 3 recámaras, 3 baños 360 m² Ver detalles",3.0,3.0,360,https://www.aciertamax.com/property/casa-en-renta-en-puerta-las-lomas-b435af63-0d7d-423e-bcd3-2db931066121?agent=javier373&lang=es
Zapopan,Casa,RENTA,140000,,9.0,1.0,450,https://www.aciertamax.com/property/renta-120-000-00-de-consultorios-medicos-frente-a-urgencias-del-hospital-santa?agent=javier373&lang=es
Zapopan,Casa,RENTA,134000,,4.0,5.0,"1,000",https://www.aciertamax.com/property/residencia-de-lujo-en-ayamonte-arquitectura-contemporanea-vistas-naturales?agent=javier373&lang=es
Zapopan,Casa en condominio,RENTA,130000,"Casa en Bugambilias en Renta, Coto Privado,  Zapopan Ciudad Bugambil",4.0,6.0,600,https://www.aciertamax.com/property/casa-en-bugambilias-en-renta-coto-privado-zapopan?agent=javier373&lang=es
Zapopan,Casa en condominio,RENTA,115000,"Casa en Renta en Puerta Las Lomas – Exclusividad, Lujo y Confort. Pu",3.0,5.0,461.23,https://www.aciertamax.com/property/casa-en-renta-en-puerta-las-lomas-exclusividad-lujo-y-confort-965cddf8-3dea-48ed-9d13-3eb2ad3707c5?agent=javier373&lang=es
Zapopan,Casa en condominio,RENTA,115000,"Casa en RENTA en Puerta de Hierro Amueblada Puerta de Hierro, Zapopa",4.0,4.0,421,https://www.aciertamax.com/property/residencia-en-renta-amueblada-puerta-de-hierro?agent=javier373&lang=es
Zapopan,Departamento,RENTA,105000,,3.0,3.0,267.19,https://www.aciertamax.com/property/west-point-luxury-apmueblado?agent=javier373&lang=es
Zapopan,Departamento,RENTA,100000,,3.0,4.0,350,https://www.aciertamax.com/property/hermoso-departamento-en-venta-renta-zona-andares?agent=javier373&lang=es
Zapopan,Casa en condominio,RENTA,95000,"Casa en condominio 4 recámaras, 4 baños 705 m² Ver detalles",4.0,4.0,705,https://www.aciertamax.com/property/residencia-en-renta-en-una-de-las-zonas-mas-seguras-de-la-zmg?agent=javier373&lang=es
Zapopan,Departamento,RENTA,93000,"Departamento Amueblado en Renta. Zapopan Jalisco Zona Andares Puerta de Hierro, Zapopa",3.0,3.0,202,https://www.aciertamax.com/property/departamento-en-venta-vida-andares-recien-remodelado?agent=javier373&lang=es
Zapopan,Casa,RENTA,90000,"Casa en Renta en La Estancia Zapopan, Jalisco. Real Vallarta, Zapopa",4.0,5.0,850,https://www.aciertamax.com/property/casa-en-renta-en-la-estancia-zapopan-jalisco-balcones-de-la-calera?agent=javier373&lang=es
Zapopan,Casa en condominio,RENTA,89500,"Casa Amueblada en Renta Zona Real . Olivos Residencial Valle Real, Zapopan Cas",5.0,5.0,515,https://www.aciertamax.com/property/casa-de-ultra-lujo-amueblada-en-renta-valle-real?agent=javier373&lang=es
Zapopan,Departamento,RENTA,89000,,3.0,3.0,201,https://www.aciertamax.com/property/departamento-renta-en-landmark-reserve?agent=javier373&lang=es
Zapopan,Casa,RENTA,87000,,4.0,4.0,528,https://www.aciertamax.com/property/casa-en-renta-en-valle-real-057f6730-0ae1-4d7f-a8cb-b2132c26fa50?agent=javier373&lang=es
Zapopan,Departamento,RENTA,85000,,2.0,2.0,172,https://www.aciertamax.com/property/west-point-torre-4000-modelo-c?agent=javier373&lang=es
Zapopan,Departamento,RENTA,85000,,3.0,3.0,317,https://www.aciertamax.com/property/renta-departamento-puerta-de-hierro-puerta-de-hierro-departamento?agent=javier373&lang=es
Zapopan,Departamento,RENTA,84000,,3.0,4.0,450,https://www.aciertamax.com/property/departamento-en-renta-torre-vista-vento-cumbres?agent=javier373&lang=es
Zapopan,Casa,RENTA,83000,"Casa en Renta Puerta de Hierro, Zapopan Casa 3 recámaras, 5 baños 39",3.0,5.0,396,https://www.aciertamax.com/property/casa-en-venta-cff3251a-8d3e-4812-80bb-e91535751403?agent=javier373&lang=es
Zapopan,Departamento,RENTA,80000,,3.0,3.0,240,https://www.aciertamax.com/property/departamento-andares-live-puerta-de-hierro?agent=javier373&lang=es
Zapopan,Casa,RENTA,80000,,4.0,6.0,,https://www.aciertamax.com/property/oportunidad-de-renta-en-castanos?agent=javier373&lang=es
Zapopan,Departamento,RENTA,80000,,3.0,3.0,374,https://www.aciertamax.com/property/departamento-en-renta-amueblado-en-torre-aura-altitude-andares?agent=javier373&lang=es
Zapopan,Departamento,RENTA,80000,,3.0,3.0,220,https://www.aciertamax.com/property/departamento-en-renta-puerta-de-hierro-andares-zapopan-jalisco?agent=javier373&lang=es
Zapopan,Departamento,RENTA,80000,"Departamento amueblado en La Reserva Puerta de Hierro, Zapopan Departamento 3 recámara",3.0,3.0,520,https://www.aciertamax.com/property/la-reserva-puerta-de-hierro?agent=javier373&lang=es
Zapopan,Casa,RENTA,75000,"Casa en renta Circuito Madrigal Villa Universitaria, Zapopan Casa 3",3.0,3.0,510,https://www.aciertamax.com/property/casa-en-renta-circuito-madrigal-villa-universitaria?agent=javier373&lang=es
Zapopan,Casa,RENTA,75000,,3.0,4.0,483,https://www.aciertamax.com/property/circuito-madrigal-villas-universidad-zapopan?agent=javier373&lang=es
Zapopan,Casa,RENTA,75000,"Casa en renta en Ciudad del Sol, Zapopan, Jal. México Ciudad Del Sol",6.0,8.0,370,https://www.aciertamax.com/property/casa-en-renta-en-ciudad-del-sol-zapopan-jal-mexico?agent=javier373&lang=es
Zapopan,Departamento,RENTA,74000,,3.0,4.0,370,https://www.aciertamax.com/property/renta-departamento-torre-zsense?agent=javier373&lang=es
Zapopan,Casa,RENTA,73000,Casa en renta en Chapalita de Occidente | Zapopan Chapalita de Occid,5.0,5.0,710,https://www.aciertamax.com/property/casa-en-renta-en-chapalita-de-occidente-zapopan?agent=javier373&lang=es
Zapopan,Departamento,RENTA,70000,,2.0,2.0,125,https://www.aciertamax.com/property/departamento-amueblado-en-renta-hyatt-andares?agent=javier373&lang=es
Zapopan,Departamento,RENTA,70000,,2.0,1.0,183,https://www.aciertamax.com/property/departamento-en-venta-en-the-landmark-residences-puerta-de-hierro-zapopan?agent=javier373&lang=es
Zapopan,Departamento,RENTA,70000,,3.0,4.0,205,https://www.aciertamax.com/property/landmark-residence-en-renta?agent=javier373&lang=es
Zapopan,Departamento,RENTA,69634,,2.0,2.0,200,https://www.aciertamax.com/property/increible-departamento-en-renta-hyatt-residences-andares-guadalajara?agent=javier373&lang=es
Zapopan,Departamento,RENTA,66000,,1.0,2.0,197,https://www.aciertamax.com/property/departamento-amueblado-de-1-recamara-en-hyatt-andares?agent=javier373&lang=es
Zapopan,Casa en condominio,RENTA,65000,"Casa en condominio 3 recámaras, 3 baños 295 m² Ver detalles",3.0,3.0,295,https://www.aciertamax.com/property/casa-en-renta-en-entrelomas-residencial-zapopan?agent=javier373&lang=es
Zapopan,Casa en condominio,RENTA,65000,"Casa en esquina en renta Bugambilias Ciudad Bugambilia, Zapopan Casa",4.0,4.0,620,https://www.aciertamax.com/property/casa-en-esquina-en-renta-residencial-azaleas?agent=javier373&lang=es
Zapopan,Departamento,RENTA,65000,,3.0,4.0,183,https://www.aciertamax.com/property/departamento-en-renta-landmark-9e1ce34f-eba1-4931-ad8a-d547b3480ed9?agent=javier373&lang=es
Zapopan,Departamento,RENTA,65000,"Departamento de Lujo en Torre The Landmark, Zona Andares, Zapopan, Jalisco Puerta de",3.0,4.0,183,https://www.aciertamax.com/property/departamento-de-lujo-en-torre-the-landmark-zona-andares-zapopan-jalisco?agent=javier373&lang=es
Zapopan,Casa en condominio,RENTA,65000,Casa en renta en Diana Natura | 4 recámaras | Sótano con bar y salón,4.0,4.0,420,https://www.aciertamax.com/property/casa-en-renta-en-diana-natura-4-recamaras-sotano-con-bar-y-salon-de-juegos?agent=javier373&lang=es
Zapopan,Casa en condominio,RENTA,64000,"Casa en condominio 4 recámaras, 5 baños 350 m² Ver detalles",4.0,5.0,350,https://www.aciertamax.com/property/los-suenos-renta-hermosa-residencia-amueblada?agent=javier373&lang=es
Zapopan,Departamento,RENTA,63000,,3.0,3.0,180,https://www.aciertamax.com/property/departamento-en-renta-en-via-del-bosque-61c8bb81-0cc8-48dd-a25e-e8b8ca0ad259?agent=javier373&lang=es
Zapopan,Departamento,RENTA,62000,,3.0,4.0,238,https://www.aciertamax.com/property/departamento-en-venta-reserva-real-valle-real-zapopan?agent=javier373&lang=es
Zapopan,Casa,RENTA,60000,"Casa en renta en Las Fuentes 1,100 m2 Residencia con Jardines Las Fu",4.0,3.0,435,https://www.aciertamax.com/property/casa-en-renta-en-las-fuentes-1-100-m2-residencia-con-jardines?agent=javier373&lang=es
Zapopan,Departamento,RENTA,60000,,3.0,3.0,362,https://www.aciertamax.com/property/departamento-en-renta-en-torre-aura-altitude-puerta-de-hierro-puerta-de-hierro?agent=javier373&lang=es
Zapopan,Departamento,RENTA,60000,,2.0,3.0,180,https://www.aciertamax.com/property/departamento-en-renta-torre-landmark-residences-zapopan-jalisco-zona-andares-puerta-de-hierro-zapopan?agent=javier373&lang=es
Zapopan,Departamento,RENTA,60000,,2.0,3.0,180,https://www.aciertamax.com/property/departamento-en-renta-torre-landmark-residences-zapopan-jalisco-zona-andares-puerta-de-hierro?agent=javier373&lang=es
Zapopan,Casa,RENTA,60000,,3.0,4.0,400,https://www.aciertamax.com/property/casa-en-renta-en-mitica-residencial-la-mojonera-casa?agent=javier373&lang=es
Zapopan,Departamento,RENTA,59000,,2.0,3.0,170,https://www.aciertamax.com/property/departamento-en-renta-amueblado-en-landmark-andares?agent=javier373&lang=es
Zapopan,Departamento,RENTA,59000,,3.0,3.0,350,https://www.aciertamax.com/property/departamento-en-renta-andares-torre-aura-zapopan-jalisco?agent=javier373&lang=es
Zapopan,Departamento,RENTA,59000,"Departamento en Renta Hyatt Andares Puerta de Hierro, Zapopan Clave interna:",2.0,2.0,170,https://www.aciertamax.com/property/departamento-en-renta-hyatt-andares?agent=javier373&lang=es
Zapopan,Departamento,RENTA,59000,,2.0,2.0,,https://www.aciertamax.com/property/penthouse-en-renta-en-landmark-reserve?agent=javier373&lang=es
Zapopan,Departamento,RENTA,58000,"Departamento en Renta en TORRE ÓPERA,zona puerta de hierro, Real acueducto,",3.0,3.0,148,https://www.aciertamax.com/property/departamento-en-renta-en-torre-opera-zona-puerta-de-hierro-real-acueducto-zapo?agent=javier373&lang=es
Zapopan,Departamento,RENTA,58000,,3.0,3.0,148,https://www.aciertamax.com/property/departamento-torre-opera-piso-10?agent=javier373&lang=es
Zapopan,Departamento,RENTA,58000,"Departamento  en Renta Lobby 33, Zona Andares,  Zapopan, Jalisco. Puerta de H",2.0,2.0,131.61,https://www.aciertamax.com/property/departamento-amueblado-en-renta-lobby-33-zona-andares-zapopan-jalisco?agent=javier373&lang=es
Zapopan,Casa,RENTA,57000,,4.0,5.0,375,https://www.aciertamax.com/property/se-renta-casa-amueblada-de-400-mts-amueblada-en-jacarandas?agent=javier373&lang=es
Zapopan,Casa,RENTA,56800,"Casa amueblada en renta Villa Universitaria Villa Universitaria, Zapopan Casa",5.0,4.0,390,https://www.aciertamax.com/property/casa-amueblada-en-renta-villa-universitaria-villa-universitaria-zapopan?agent=javier373&lang=es
Zapopan,Departamento,RENTA,56000,,2.0,2.0,160,https://www.aciertamax.com/property/en-renta-departamento-de-lujo-landmark-andares-puerta-de-hierro?agent=javier373&lang=es
Zapopan,Casa,RENTA,56000,,3.0,2.0,290,https://www.aciertamax.com/property/casa-en-renta-valle-real-d41965db-84c4-4f0a-a2f5-39a33d5ab2bb?agent=javier373&lang=es
Zapopan,Departamento,RENTA,56000,,2.0,2.0,160,https://www.aciertamax.com/property/en-renta-departamento-de-lujo-landmark-andares?agent=javier373&lang=es
Zapopan,Departamento,RENTA,55500,"Departamento de lujo en Landmark Reserve Puerta de Hierro, Zapopan Departamento 2 re",2.0,2.0,153,https://www.aciertamax.com/property/departamento-de-lujo-en-landmark-reserve-626d11c8-46db-417f-b194-481689928370?agent=javier373&lang=es
Zapopan,Casa,RENTA,55000,"Casa en Renta con Uso de Suelo Comercial Vallarta Universidad, Zapop",5.0,4.0,350,https://www.aciertamax.com/property/casa-en-renta-con-uso-de-suelo-comercial-vallarta-universidad?agent=javier373&lang=es
Zapopan,Departamento,RENTA,55000,"Departamento amueblado en renta en west ventura Puerta del Valle, Zapopan Departamento",2.0,2.0,210,https://www.aciertamax.com/property/departamento-amueblado-en-renta-en-west-ventura?agent=javier373&lang=es
Zapopan,Departamento,RENTA,55000,,2.0,2.0,220,https://www.aciertamax.com/property/departamento-amueblado-renta-valle-real-zapopan?agent=javier373&lang=es
Zapopan,Casa,RENTA,55000,,4.0,3.0,250,https://www.aciertamax.com/property/casa-4-rec-con-jardin-y-cochera-4-autos-jardines-universidad-55-000-mes?agent=javier373&lang=es
Zapopan,Departamento,RENTA,55000,,2.0,2.0,155,https://www.aciertamax.com/property/landmark-reserve-en-renta-puerta-de-hierro?agent=javier373&lang=es
Zapopan,Departamento,RENTA,55000,,2.0,2.0,220,https://www.aciertamax.com/property/departamento-amueblado-zona-real-4ea10549-41ee-48d6-853a-7625e8652a5b?agent=javier373&lang=es
Zapopan,Departamento,RENTA,55000,,2.0,3.0,180,https://www.aciertamax.com/property/departamento-en-renta-torre-landmark-residences-zapopan-jalisco-zona-andares?agent=javier373&lang=es
Zapopan,Casa,RENTA,55000,,5.0,4.0,271,https://www.aciertamax.com/property/oficina-en-renta-sobre-av-juan-palomar-y-arias?agent=javier373&lang=es
Zapopan,Departamento,RENTA,55000,,3.0,3.0,,https://www.aciertamax.com/property/depa-en-renta-torre-360?agent=javier373&lang=es
Zapopan,Departamento,RENTA,55000,,3.0,3.0,160,https://www.aciertamax.com/property/departamento-torre-titanium-jacarandas?agent=javier373&lang=es
Zapopan,Casa en condominio,RENTA,54000,"Casa en condominio 3 recámaras, 2 baños 345 m² Ver detalles",3.0,2.0,345,https://www.aciertamax.com/property/casa-en-renta-jardin-real-0685fea1-d719-44cf-b524-4fcb62c26ddc?agent=javier373&lang=es
Zapopan,Casa en condominio,RENTA,52000,"Casa en renta con Mozo en Pinar de la Venta Pinar de La Venta, Zapop",3.0,2.0,250,https://www.aciertamax.com/property/casa-en-renta-en-pinar-de-la-venta-6ed4adf2-3bb7-4997-96c0-9ef522a53eb1?agent=javier373&lang=es
Zapopan,Departamento,RENTA,52000,,2.0,2.0,105,https://www.aciertamax.com/property/departamento-en-renta-amueblado-lobby-33-zona-andares-puerta-de-hierro-jalisco?agent=javier373&lang=es
Zapopan,Departamento,RENTA,52000,"Departamento en Renta - Vía del Bosque Puerta del Bosque, Zapopan Departamen",3.0,3.0,150,https://www.aciertamax.com/property/departamento-en-renta-via-del-bosque-puerta-del-bosque-zapopan?agent=javier373&lang=es
Zapopan,Departamento,RENTA,51000,,2.0,2.0,150,https://www.aciertamax.com/property/landmark-reserve-departamento-en-renta-puerta-de-hierro?agent=javier373&lang=es
Zapopan,Departamento,RENTA,50000,,3.0,2.0,129,https://www.aciertamax.com/property/departamento-amueblado-en-renta-torre-cosmocrat-puerta-de-hierro-puerta-de-hierro?agent=javier373&lang=es
Zapopan,Departamento,RENTA,50000,,3.0,4.0,193,https://www.aciertamax.com/property/deparamento-en-renta-en-legacy-tower?agent=javier373&lang=es
Zapopan,Departamento,RENTA,50000,"Departamento en Renta en West Point Torre 5000,Zona Andares, Zapopan Jalisco",2.0,2.0,111,https://www.aciertamax.com/property/departamento-en-renta-en-west-point-torre-5000-zona-andares-zapopan-jalisco-puerta-plata?agent=javier373&lang=es
Zapopan,Departamento,RENTA,50000,"Departamento en renta en Vista Vento, Las Cumbres Virreyes Residencial, Zapo",2.0,2.0,292,https://www.aciertamax.com/property/departamento-en-renta-en-vista-vento-las-cumbres-virreyes-residencial?agent=javier373&lang=es
Zapopan,Departamento,RENTA,50000,,4.0,4.0,245,https://www.aciertamax.com/property/departamento-amueblado-cumbres-zapopan?agent=javier373&lang=es
Zapopan,Departamento,RENTA,50000,"Departamento en renta en Andares Vida Puerta de Hierro, Zapopan Clave intern",2.0,2.0,206,https://www.aciertamax.com/property/departamento-en-renta-en-andares-vida-3e6de469-17fb-44ce-896f-a093c5b1c174?agent=javier373&lang=es
Zapopan,Departamento,RENTA,50000,"Departamento en renta en andares Puerta de Hierro, Zapopan Departamento 2 re",2.0,2.0,159,https://www.aciertamax.com/property/departamento-en-renta-en-andares-49f071af-4279-435c-8198-73ccf619dc6f?agent=javier373&lang=es
Zapopan,Casa en condominio,RENTA,50000,"Casa amueblada en renta en pinar de la venta Pinar de La Venta, Zapopan Casa e",3.0,3.0,420,https://www.aciertamax.com/property/casa-amueblada-en-renta-en-pinar-de-la-venta-pinar-de-la-venta?agent=javier373&lang=es
Zapopan,Departamento,RENTA,49000,,2.0,2.0,168,https://www.aciertamax.com/property/lujoso-departamento-en-andares?agent=javier373&lang=es
Zapopan,Departamento,RENTA,49000,"Departamento en Renta en Andares Vida Puerta de Hierro, Zapopan Clave intern",2.0,2.0,168.66,https://www.aciertamax.com/property/departamento-en-renta-en-andares-vida-59739450-fb62-425f-9d40-bcd9c9204c44?agent=javier373&lang=es
Zapopan,Departamento,RENTA,48000,"Departamento de Lujo Amueblado en Vista Lomas en Lomas Altas, Zapopan, Jalisco Lomas Altas, Za",3.0,3.0,151.09,https://www.aciertamax.com/property/departamento-de-lujo-amueblado-en-vista-lomas-en-lomas-altas-zapopan-jalisco?agent=javier373&lang=es
Zapopan,Departamento,RENTA,48000,"Departamento en renta | 2 Recámaras | Andares Puerta de Hierro, Zapopan Depa",2.0,2.0,120,https://www.aciertamax.com/property/departamento-en-renta-2-recamaras-andares?agent=javier373&lang=es
Zapopan,Casa en condominio,RENTA,48000,"Casa en condominio 4 recámaras, 4 baños 247 m² Ver detalles",4.0,4.0,247,https://www.aciertamax.com/property/espectacular-casa-en-rentaresidencial-nueva-con-recamara-estudio-en-planta-baja?agent=javier373&lang=es
Zapopan,Departamento,RENTA,48000,,2.0,2.0,170,https://www.aciertamax.com/property/departamento-en-renta-en-zapopan-jalisco-andares?agent=javier373&lang=es
Zapopan,Departamento,RENTA,47000,"Departamento Penthouse Doble Altura de 320 m² con 3 Recámaras en Renta en Zapopa Fraccionamiento Jardines de Guadalupe, Zapop",3.0,3.0,320,https://www.aciertamax.com/property/departamento-penthouse-doble-altura-de-320-m-con-3-recamaras-en-renta-en-zapopa?agent=javier373&lang=es
Zapopan,Casa en condominio,RENTA,47000,"Casa en condominio 3 recámaras, 3 baños 230 m² Ver detalles",3.0,3.0,230,https://www.aciertamax.com/property/residencia-de-lujo-en-renta-a-estrenar-coto-boutique-en-las-fuentes-zapopan?agent=javier373&lang=es
Zapopan,Casa,RENTA,47000,,3.0,3.0,366,https://www.aciertamax.com/property/casa-en-renta-en-villa-universitaria-9dc06eb4-ba22-4300-ba25-0ccd67c76c1c?agent=javier373&lang=es
Zapopan,Departamento,RENTA,47000,,2.0,2.0,135.12,https://www.aciertamax.com/property/departamento-en-renta-torre-via-del-bosque-puerta-del-bosque?agent=javier373&lang=es
Zapopan,Departamento,RENTA,46500,,2.0,2.0,132,https://www.aciertamax.com/property/departamento-en-renta-lobby33-zona-andares-zapopan?agent=javier373&lang=es
Zapopan,Casa en condominio,RENTA,46000,"Casa en condominio 4 recámaras, 4 baños 280 m² Ver detalles",4.0,4.0,280,https://www.aciertamax.com/property/casa-en-renta-en-bajio-habitat-d6e2732f-d6db-4cd6-8f79-51b70ef11d83?agent=javier373&lang=es
Zapopan,Departamento,RENTA,46000,Departamento amueblado en Renta Vista Vento,3.0,3.0,213,https://www.aciertamax.com/property/departamento-amueblado-en-renta-vista-vento-46-000?agent=javier373&lang=es
Zapopan,Departamento,RENTA,46000,"Departamento en renta amueblado Puerta del Valle, Zapopan Departamento 2 rec",2.0,2.0,142,https://www.aciertamax.com/property/departamento-en-renta-amueblado-puerta-del-valle-zapopan?agent=javier373&lang=es
Zapopan,Casa en condominio,RENTA,45000,"Casa en renta en Ciudad Granja, Zapopan | 6 recámaras, 4 niveles, se",6.0,6.0,500,https://www.aciertamax.com/property/casa-en-renta-en-ciudad-granja-zapopan-6-recamaras-4-niveles-segunda-cocina?agent=javier373&lang=es
Zapopan,Departamento,RENTA,45000,"Departamento en RENTA en Landmark Reserve Puerta de Hierro, Zapopan Departam",2.0,2.0,145,https://www.aciertamax.com/property/departamento-en-renta-en-landmark-reserve-puerta-de-hierro?agent=javier373&lang=es
Zapopan,Departamento,RENTA,45000,"Departamento en Renta en Andares Vida Puerta de Hierro, Zapopan Departamento",2.0,2.0,168,https://www.aciertamax.com/property/departamento-en-renta-en-andares-vida-669ecff3-2213-4926-bfa1-4036756942e8?agent=javier373&lang=es
Zapopan,Casa,RENTA,45000,,3.0,3.0,320,https://www.aciertamax.com/property/residencia-en-venta-en-diana-natura-residencial?agent=javier373&lang=es
Zapopan,Casa en condominio,RENTA,45000,"Casa en renta en coto Rinconada del bosque Rinconada del Bosque, Zap",3.0,3.0,365,https://www.aciertamax.com/property/casa-en-renta-en-coto-rinconada-del-parque?agent=javier373&lang=es
Zapopan,Casa en condominio,RENTA,45000,"Casa en condominio 3 recámaras, 3 baños 320 m² Ver detalles",3.0,3.0,320,https://www.aciertamax.com/property/casa-en-renta-diana-natura-residencial?agent=javier373&lang=es
Zapopan,Departamento,RENTA,44500,"Departamento en vía del bosque La Patria Universidad, Zapopan Departamento 2",2.0,2.0,135,https://www.aciertamax.com/property/departamento-en-via-del-bosque-la-patria-universidad?agent=javier373&lang=es
Zapopan,Departamento,RENTA,42000,"Departamento amueblado en Lobby33 Puerta de Hierro, Zapopan Departamento 2 recámaras,",2.0,2.0,102.5,https://www.aciertamax.com/property/departamento-amueblado-en-lobby33?agent=javier373&lang=es
Zapopan,Departamento,RENTA,42000,"Departamento de Lujo en Vía del Bosque Puerta de Hierro, Zapopan Departamento 3 recá",3.0,3.0,175,https://www.aciertamax.com/property/se-renta-departamento-de-lujo-en-via-del-bosque?agent=javier373&lang=es
Zapopan,Departamento,RENTA,41500,,3.0,2.0,232,https://www.aciertamax.com/property/departamento-en-renta-torre-livorno-3-recamaras-2-cajones-amenidades?agent=javier373&lang=es
Zapopan,Departamento,RENTA,41500,Departamento en Renta Lomas Altas.,3.0,2.0,180,https://www.aciertamax.com/property/departamento-en-renta-lomas-altas-42-500?agent=javier373&lang=es
Zapopan,Casa en condominio,RENTA,41000,"Casa en Renta en Jardín Real Zapopan en coto privado Jardín Real, Za",5.0,5.0,320,https://www.aciertamax.com/property/casa-en-renta-en-jardin-real-zapopan-en-coto-privado-jardin-real-zapopan?agent=javier373&lang=es
Zapopan,Departamento,RENTA,40000,,3.0,2.0,136,https://www.aciertamax.com/property/departamento-nuevo-en-renta-en-cima-park-800?agent=javier373&lang=es
Zapopan,Casa en condominio,RENTA,40000,"Casa Nueva en Renta en Los Robles — Coto Bonsái Los Robles Residencial, Za",3.0,5.0,255,https://www.aciertamax.com/property/casa-nueva-en-renta-en-los-robles-coto-bonsai?agent=javier373&lang=es
Zapopan,Departamento,RENTA,40000,,2.0,2.0,177,https://www.aciertamax.com/property/ph-hydeview-tipo-c-en-renta-jardines-de-la-patria-zapopan?agent=javier373&lang=es
Zapopan,Departamento,RENTA,40000,,3.0,3.0,180,https://www.aciertamax.com/property/departamento-en-renta-b9a5831f-cf32-43e5-8e9e-57d42f99d846?agent=javier373&lang=es
Zapopan,Departamento,RENTA,40000,"Departamento nuevo amueblado en renta en zona Andares, Legacy Tower Puerta de Hierro, Zapopa",1.0,1.0,80,https://www.aciertamax.com/property/departamento-amueblado-en-renta-en-zona-andares-legacy-tower?agent=javier373&lang=es
Zapopan,Departamento,RENTA,40000,"Departamento Nuevo en Renta, Vía del Bosque Zona Andares Zapopan. Puerta Plata, Za",3.0,3.0,150,https://www.aciertamax.com/property/departamento-a-estrenar-en-renta-en-via-del-bosque?agent=javier373&lang=es
Zapopan,Casa en condominio,RENTA,39500,"Casa en renta Frente a Amenidades en Soare - Solares Solares, Zapopa",4.0,4.0,213.2,https://www.aciertamax.com/property/casa-frente-a-amenidades-en-soare-solares?agent=javier373&lang=es
Zapopan,Casa en condominio,RENTA,39500,"Casa en renta en jardín real Jardín Real, Zapopan Casa en condominio",3.0,4.0,280,https://www.aciertamax.com/property/casa-en-renta-en-jardin-real-8d5f4b46-4023-4362-9871-1409d6c5c6cd?agent=javier373&lang=es
Zapopan,Casa en condominio,RENTA,39000,Casa en renta 4 recámaras Parque Metropolitano  Zapopan Rinconada De,4.0,4.0,260,https://www.aciertamax.com/property/casa-en-renta-junto-al-parque-metropolitano-y-4-recamaras-zapopan?agent=javier373&lang=es
Zapopan,Departamento,RENTA,38900,"Departamento en Renta Torre ADANA Valle Real Valle Real, Zapopan Departament",3.0,4.0,131,https://www.aciertamax.com/property/departamento-en-renta-torre-adana-valle-real-valle-real?agent=javier373&lang=es
Zapopan,Casa en condominio,RENTA,38000,"Casa en renta, BUGAMBILIAS 1RA. SECCION Bugambilias, Zapopan Casa en",4.0,4.0,370,https://www.aciertamax.com/property/casa-en-renta-bugambilias-1ra-seccion?agent=javier373&lang=es
Zapopan,Departamento,RENTA,38000,"Departamento con vista a Andares en Lobby 33 Puerta de Hierro, Zapopan Departamento 2 recámaras,",2.0,2.0,102,https://www.aciertamax.com/property/departamento-con-vista-a-andares-en-lobby-33-puerta-de-hierro?agent=javier373&lang=es
Zapopan,Departamento,RENTA,38000,,3.0,3.0,177,https://www.aciertamax.com/property/casa-en-renta-en-jardines-de-la-patria-jardines-de-la-patria-departamento?agent=javier373&lang=es
Zapopan,Departamento,RENTA,38000,,4.0,3.0,164,https://www.aciertamax.com/property/departamento-renta-pabellon-av-acueducto?agent=javier373&lang=es
Zapopan,Departamento,RENTA,38000,,3.0,3.0,161,https://www.aciertamax.com/property/departamento-andares-vida-0b750a55-e74b-4e77-a957-1557d79ab3b0?agent=javier373&lang=es
Zapopan,Departamento,RENTA,38000,,3.0,2.0,128,https://www.aciertamax.com/property/departamento-en-renta-en-cosmocrat-fcc1fe21-fb24-4082-bda8-17a33fad8ebe?agent=javier373&lang=es
Zapopan,Departamento,RENTA,38000,,3.0,3.0,130,https://www.aciertamax.com/property/vive-con-estilo-en-torre-adana-valle-real-mant-incluido?agent=javier373&lang=es
Zapopan,Departamento,RENTA,38000,,2.0,2.0,135,https://www.aciertamax.com/property/depa-en-renta-vista-y-lujo-moderno-en-via-del-bosque-zapopan?agent=javier373&lang=es
Zapopan,Departamento,RENTA,37000,,2.0,2.0,177,https://www.aciertamax.com/property/ph-hydeview-tipo-a-en-renta-jardines-de-la-patria-zapopan?agent=javier373&lang=es
Zapopan,Departamento,RENTA,37000,"Departamento en renta amueblado en Vitia la Toscana Valle Real, Zapopan Depa",3.0,3.0,160,https://www.aciertamax.com/property/departamento-en-renta-amueblado-en-vitia-la-toscana?agent=javier373&lang=es
Zapopan,Departamento,RENTA,37000,"Departamento en renta en vía del bosque Zapopan Puerta de Hierro, Zapopan De",2.0,2.0,110,https://www.aciertamax.com/property/departamento-en-renta-en-via-del-bosque-zapopan-puerta-de-hierro?agent=javier373&lang=es
Zapopan,Departamento,RENTA,36500,,3.0,2.0,117,https://www.aciertamax.com/property/depa-parklife-pabellon-amueblado?agent=javier373&lang=es
Zapopan,Departamento,RENTA,36200,,3.0,3.0,175,https://www.aciertamax.com/property/departamento-en-renta-en-iconia-cubos-hard-rock-camino-real?agent=javier373&lang=es
Zapopan,Departamento,RENTA,36000,,2.0,2.0,97.5,https://www.aciertamax.com/property/departamento-en-renta-amueblado-en-cosmocrat-puerta-de-hierro-1a5adcd3-e871-44b3-8424-4c4a9d4698eb?agent=javier373&lang=es
Zapopan,Departamento,RENTA,36000,,2.0,2.0,97.5,https://www.aciertamax.com/property/departamento-en-renta-amueblado-en-cosmocrat-puerta-de-hierro-5f733bd9-4aa8-4284-aecb-5e211629bc37?agent=javier373&lang=es
Zapopan,Departamento,RENTA,36000,,2.0,2.0,97.5,https://www.aciertamax.com/property/departamento-en-renta-amueblado-en-cosmocrat-puerta-de-hierro-762618c8-e0e1-4027-8097-c9e253a4933d?agent=javier373&lang=es
Zapopan,Departamento,RENTA,36000,"Departamento en renta sin amueblar en Vitia la Toscana Valle Real, Zapopan D",3.0,3.0,160,https://www.aciertamax.com/property/departamento-en-renta-sin-amueblar-en-vitia-la-toscana?agent=javier373&lang=es
Zapopan,Departamento,RENTA,36000,,2.0,2.0,161.45,https://www.aciertamax.com/property/departamento-renta-acueducto-360?agent=javier373&lang=es
Zapopan,Departamento,RENTA,35500,,2.0,2.0,75,https://www.aciertamax.com/property/depa-en-renta-lobby-33-puerta-de-hierro?agent=javier373&lang=es
Zapopan,Departamento,RENTA,35500,,2.0,2.0,75,https://www.aciertamax.com/property/renta-departamento-en-lobby-33?agent=javier373&lang=es
Zapopan,Departamento,RENTA,35000,"Departamento amueblado y equipado en Park Life Puerta de Hierro, Zapopan Departamento 2 recámaras",2.0,2.0,93,https://www.aciertamax.com/property/departamento-amueblado-y-equipado-en-park-life?agent=javier373&lang=es
Zapopan,Departamento,RENTA,35000,"Departamento en Renta en Ventura Vertical (AMUEBLADO) Valle Real, Zapopan Cl",2.0,2.0,80,https://www.aciertamax.com/property/departamento-en-renta-en-ventura-vertical-amueblado-valle-real-zapopan?agent=javier373&lang=es
Zapopan,Departamento,RENTA,35000,,3.0,4.0,131.03,https://www.aciertamax.com/property/departamento-en-renta-adana-valle-real-zapopan-jalisco-bcc05b22-d7d6-4991-952e-38dc8b2ea6c4?agent=javier373&lang=es
Zapopan,Casa en condominio,RENTA,35000,"Casa en condominio 4 recámaras, 4 baños 195.88 m² Ver detalles",4.0,4.0,195.88,https://www.aciertamax.com/property/casa-amueblada-en-renta-coto-sonee-solares?agent=javier373&lang=es
Zapopan,Departamento,RENTA,35000,"Departamento en renta amueblado Zona real ventura vertical Valle Real, Zapop",2.0,2.0,,https://www.aciertamax.com/property/departamento-en-renta-en-ventura-vertical-05af42eb-1854-439c-895f-c8de55603395?agent=javier373&lang=es
Zapopan,Departamento,RENTA,35000,,2.0,2.0,92,https://www.aciertamax.com/property/departamento-en-renta-amueblado-en-cosmocrat-puerta-de-hierro-1afa6f80-d8d0-4dff-a5e9-7ac020e7dbeb?agent=javier373&lang=es
Zapopan,Departamento,RENTA,35000,,2.0,2.0,92,https://www.aciertamax.com/property/departamento-en-renta-amueblado-en-cosmocrat-puerta-de-hierro-299d6170-ce16-4bb2-adba-95033e687286?agent=javier373&lang=es
Zapopan,Departamento,RENTA,35000,"Departamento en Renta en Lomas Altas Lomas Altas, Zapopan Departamento 2 rec",2.0,2.0,130,https://www.aciertamax.com/property/departamento-en-renta-en-lomas-altas-4c0dbc8b-8a07-49b7-af52-7310960d5bc8?agent=javier373&lang=es
Zapopan,Departamento,RENTA,35000,"Departamento en Livorno, Lomas Altas Lomas Altas, Zapopan Departamento 2 rec",2.0,2.0,130,https://www.aciertamax.com/property/departamento-en-livorno-lomas-altas?agent=javier373&lang=es
Zapopan,Departamento,RENTA,35000,,2.0,2.0,85,https://www.aciertamax.com/property/departamento-amueblado-en-renta-park-life-san-javier-zapopan-jalisco?agent=javier373&lang=es
Zapopan,Casa,RENTA,35000,,6.0,4.0,"350,000",https://www.aciertamax.com/property/excelente-ubicacion-prados-tepeyac-zapopan?agent=javier373&lang=es
Zapopan,Departamento,RENTA,35000,,2.0,2.0,92,https://www.aciertamax.com/property/departamento-en-renta-amueblado-en-cosmocrat-puerta-de-hierro-36fc42a9-7c7f-49bc-883c-767379dcd7a9?agent=javier373&lang=es
Zapopan,Departamento,RENTA,35000,"Departamento en zona andares Puerta del Valle, Zapopan Departamento 2 recáma",2.0,2.0,130,https://www.aciertamax.com/property/departamento-en-lighthouse-cerca-de-andares?agent=javier373&lang=es
Zapopan,Departamento,RENTA,34500,"Departamento amueblado en renta en Real View Towers Residencial del Valle, Zapopan Dep",2.0,2.0,117,https://www.aciertamax.com/property/departamento-amueblado-en-renta-en-real-view-towers-residencial-del-valle?agent=javier373&lang=es
Zapopan,Departamento,RENTA,34000,Departamento en Zentral cerca de pisos Departamento en Zentral cerca de anda,3.0,2.0,140,https://www.aciertamax.com/property/departamento-en-zentral-cerda-de-andares?agent=javier373&lang=es
Zapopan,Casa en condominio,RENTA,34000,"Casa en renta en fraccionamiento Solares Solares, Zapopan Casa en co",3.0,2.0,207,https://www.aciertamax.com/property/casa-en-renta-en-fraccionamiento-solares-solares-casa-en-condominio?agent=javier373&lang=es
Zapopan,Departamento,RENTA,34000,"Departamento en renta en Torre del Prado Zapopan Puerta las Lomas, Zapopan D",2.0,2.0,97,https://www.aciertamax.com/property/departamento-en-renta-en-torre-del-prado-zapopan-puerta-las-lomas?agent=javier373&lang=es
Zapopan,Departamento,RENTA,33500,,2.0,2.0,134,https://www.aciertamax.com/property/depa-en-lomas-altas-lomas-altas?agent=javier373&lang=es
Zapopan,Departamento,RENTA,33200,,2.0,2.0,134,https://www.aciertamax.com/property/departamento-lomas-altas-torre-livorno?agent=javier373&lang=es
Zapopan,Casa en condominio,RENTA,33000,"Casa en renta en Puertas del Sol, Virreyes, Zapopan Virreyes Residen",3.0,3.0,225,https://www.aciertamax.com/property/casa-en-renta-en-puertas-del-sol-virreyes-zapopan-virreyes-residencial?agent=javier373&lang=es
Zapopan,Departamento,RENTA,33000,,2.0,2.0,134,https://www.aciertamax.com/property/departamento-lomas-altas-53c21463-a2b2-4714-960a-be81b9e482ba?agent=javier373&lang=es
Zapopan,Casa en condominio,RENTA,33000,"Casa en RENTA en Parques Vallarta Bosques Vallarta, Zapopan Clave in",4.0,4.0,203,https://www.aciertamax.com/property/casa-en-renta-en-parques-vallarta-0e3c1df6-1cae-4686-8c1a-51aa8db98e9e?agent=javier373&lang=es
Zapopan,Departamento,RENTA,33000,"Departamento en renta en zona real Valle Real, Zapopan Departamento 2 recáma",2.0,2.0,108,https://www.aciertamax.com/property/departamento-en-renta-en-zona-real-0a6e4550-0e2e-4ba9-841b-9e8bf79dc75a?agent=javier373&lang=es
Zapopan,Departamento,RENTA,32900,,3.0,2.0,140,https://www.aciertamax.com/property/renta-departamento-amueblado-en-vidal-life-plaza-av-guadalupe-y-patria?agent=javier373&lang=es
Zapopan,Casa,RENTA,32900,Casa en Renta Coto Roble Bosques Vallarta 3 Recámaras a Estrenar Par,3.0,4.0,199,https://www.aciertamax.com/property/casa-en-renta-coto-roble-bosques-vallarta-3-recamaras-a-estrenar?agent=javier373&lang=es
Zapopan,Departamento,RENTA,32500,"Departamento a Estrenar en Lírica Towers Virreyes Residencial, Zapopan Clave interna: L",3.0,3.0,102,https://www.aciertamax.com/property/departamento-nuevo-a-estrenar-en-lirica-towers?agent=javier373&lang=es
Zapopan,Departamento,RENTA,32500,,2.0,2.0,150,https://www.aciertamax.com/property/departamento-renta-la-cimaa-200-zapopan?agent=javier373&lang=es
Zapopan,Departamento,RENTA,32000,"Departamento en Renta en Adana Zona Real en Zapopan Valle Real, Zapopan Depa",2.0,2.0,110,https://www.aciertamax.com/property/departamento-en-renta-en-adana-zona-real-en-zapopan-valle-real?agent=javier373&lang=es
Zapopan,Departamento,RENTA,32000,,2.0,2.0,109,https://www.aciertamax.com/property/exclusivo-depto-en-adana-zona-real?agent=javier373&lang=es
Zapopan,Departamento,RENTA,32000,,1.0,2.0,87.9,https://www.aciertamax.com/property/se-renta-departamento-en-puerta-de-hierro-cosmocrat-35a2b8e4-3197-4cc8-8330-c6890a05baaf?agent=javier373&lang=es
Zapopan,Casa,RENTA,32000,,3.0,4.0,202,https://www.aciertamax.com/property/casa-en-renta-solares-coto-elite-solares?agent=javier373&lang=es
Zapopan,Casa,RENTA,32000,,3.0,3.0,256.6,https://www.aciertamax.com/property/casa-en-renta-av-valle-de-atemajac-col-pinares-de-la-calma-zapopan-jal?agent=javier373&lang=es
Zapopan,Departamento,RENTA,32000,,4.0,4.0,240,https://www.aciertamax.com/property/ph-en-chapalita-de-2-pisos-chapalita-de-occidente?agent=javier373&lang=es
Zapopan,Departamento,RENTA,32000,,2.0,2.0,93,https://www.aciertamax.com/property/se-renta-hermoso-y-exclusivo-departamento-de-93m2-en-lirica-towers?agent=javier373&lang=es
Zapopan,Departamento,RENTA,32000,"Departamento en Renta Torre Adana Valle Real Valle Real, Zapopan Clave inter",2.0,2.0,109,https://www.aciertamax.com/property/departamento-en-venta-torre-adana-valle-real-5473f0dd-fdb0-407e-be2f-e871b947a475?agent=javier373&lang=es
Zapopan,Casa en condominio,RENTA,32000,"Casa en renta Bosquetto Bosques Vallarta, Zapopan Casa en condominio",4.0,3.0,220,https://www.aciertamax.com/property/casa-en-renta-bosquetto-bosques-vallarta?agent=javier373&lang=es
Zapopan,Casa,RENTA,32000,"Casa en Los Robles Residencial Los Robles Residencial, Zapopan Clave",4.0,3.0,255,https://www.aciertamax.com/property/renta-de-casa-en-los-robles-residencial?agent=javier373&lang=es
Zapopan,Departamento,RENTA,32000,,4.0,4.0,240,https://www.aciertamax.com/property/ph-en-chapalita-de-2-pisos?agent=javier373&lang=es
Zapopan,Departamento,RENTA,32000,"Departamento en renta Real View Towers Residencial Poniente, Zapopan Departa",2.0,2.0,114,https://www.aciertamax.com/property/departamento-en-renta-residencial-poniente?agent=javier373&lang=es
Zapopan,Departamento,RENTA,32000,,2.0,2.0,92,https://www.aciertamax.com/property/se-renta-departamento-en-puerta-de-hierro-cosmocrat-a7933307-dc0b-4df4-845b-d8616de430cd?agent=javier373&lang=es
Zapopan,Casa en condominio,RENTA,32000,"Casa en Renta en Solares Coto Althea Solares, Zapopan Casa en condom",3.0,3.0,182,https://www.aciertamax.com/property/casa-en-renta-en-solares-coto-althea-solares-zapopan?agent=javier373&lang=es
Zapopan,Departamento,RENTA,31000,,3.0,3.0,190,https://www.aciertamax.com/property/pentahouse-en-renta-en-torre-grand-patria?agent=javier373&lang=es
Zapopan,Casa en condominio,RENTA,31000,"Casa en Renta en Coto FONTEE - Solares Solares, Zapopan Casa en cond",3.0,4.0,176,https://www.aciertamax.com/property/casa-en-renta-en-solares-coto-fontee-solares-casa-en-condominio?agent=javier373&lang=es
Zapopan,Departamento,RENTA,30000,,2.0,2.0,200,https://www.aciertamax.com/property/departamento-en-renta-puerta-de-hierro-torre-360-zapopan-jalisco?agent=javier373&lang=es
Zapopan,Departamento,RENTA,30000,"Departamento en Renta | Cima 200, Valle Real Valle Real, Zapopan Clave inter",2.0,2.0,151,https://www.aciertamax.com/property/departamento-en-renta-cima-200-valle-real-7ff5780a-805a-4b9d-8513-620df9784b3f?agent=javier373&lang=es
Zapopan,Departamento,RENTA,30000,,2.0,2.0,106,https://www.aciertamax.com/property/renta-ph-nuevo-en-ciudad-granja?agent=javier373&lang=es
Zapopan,Departamento,RENTA,30000,"Departamento amueblado en renta en Zentral Puerta del Valle, Zapopan Departamento 2 re",2.0,2.0,105,https://www.aciertamax.com/property/departamento-en-renta-en-zentral-b07c2736-555f-4f02-a033-ae5c7a50280f?agent=javier373&lang=es
Zapopan,Departamento,RENTA,29990,"Departamento Nuevo en Renta | Zona Real, Zapopan | Ventura Vertical South | 2 Re P",2.0,2.0,92,https://www.aciertamax.com/property/departamento-nuevo-en-renta-zona-real-zapopan-ventura-vertical-south-2-re?agent=javier373&lang=es
Zapopan,Departamento,RENTA,29900,"Departamento Amueblado en Renta en Tepeyac esquina Patria, Zapopan Jardines Tepeyac, Z",2.0,2.0,130,https://www.aciertamax.com/property/departamento-amueblado-en-renta-en-tepeyac-esquina-patria-zapopan?agent=javier373&lang=es
Zapopan,Departamento,RENTA,29900,"Departamento en renta de torre Adana Valle Real, Zapopan Departamento 2 recá",2.0,2.0,120,https://www.aciertamax.com/property/departamento-en-renta-de-torre-adana-valle-real?agent=javier373&lang=es
Zapopan,Departamento,RENTA,29500,"Departamento en Renta en NARA Naciones Unidas, 2 Recámaras y Vista Panorámic",2.0,2.0,115,https://www.aciertamax.com/property/departamento-en-renta-en-nara-naciones-unidas-2-recamaras-y-vista-panoramica?agent=javier373&lang=es
Zapopan,Departamento,RENTA,29500,,2.0,2.0,100,https://www.aciertamax.com/property/hermoso-ph-en-renta-en-adana?agent=javier373&lang=es
Zapopan,Departamento,RENTA,29500,"Departamento en Renta, Urban Loft Patria con 3 Recámaras Jardines Universida",3.0,2.0,135.05,https://www.aciertamax.com/property/departamento-en-renta-urban-loft-patria-con-3-recamaras?agent=javier373&lang=es
Zapopan,Departamento,RENTA,29331,"Departamento en Torre Livorno Lomas Altas, Zapopan Clave interna: CL-1343 De",2.0,2.0,105,https://www.aciertamax.com/property/departamento-en-torre-livorno?agent=javier373&lang=es
Zapopan,Departamento,RENTA,29000,"Departamento amueblado en renta en Valle Real Valle Real, Zapopan Departamento 1 recám",1.0,2.0,77,https://www.aciertamax.com/property/departamento-amueblado-en-renta-en-ventura?agent=javier373&lang=es
Zapopan,Departamento,RENTA,29000,,2.0,2.0,105,https://www.aciertamax.com/property/departamento-en-lomas-altas-8151e934-d9af-465d-9eeb-247133b77439?agent=javier373&lang=es
Zapopan,Departamento,RENTA,29000,"Departamento con EXCELENTE ubicación en Jardines del Sol Jardines Del Sol, Zapopan Departamento 3 re",3.0,2.0,153.7,https://www.aciertamax.com/property/departamento-con-excelente-ubicacion-en-jardines-del-sol?agent=javier373&lang=es
Zapopan,Departamento,RENTA,29000,"Departamento en renta Urbania Amueblado Juan Manuel Vallarta, Zapopan Depart",2.0,2.0,108,https://www.aciertamax.com/property/departamento-en-renta-urbania-amueblado?agent=javier373&lang=es
Zapopan,Departamento,RENTA,29000,"Departamento en Renta en Lírica Towers – Zona Virreyes, Zapopan Virreyes Res",2.0,2.0,78,https://www.aciertamax.com/property/departamento-en-renta-en-lirica-towers-zona-andares-zapopan?agent=javier373&lang=es
Zapopan,Departamento,RENTA,29000,"Departamento en renta en zona andares Puerta de Hierro, Zapopan Departamento",2.0,2.0,85,https://www.aciertamax.com/property/departamento-en-renta-en-zona-andares-bf61cc10-a984-4cc0-8718-b72e46226627?agent=javier373&lang=es
Zapopan,Casa en condominio,RENTA,28800,"Casa en condominio 3 recámaras, 2 baños 218 m² Ver detalles",3.0,2.0,218,https://www.aciertamax.com/property/casa-en-renta-en-zapopan-jalisco-residencial-loma-bonita?agent=javier373&lang=es
Zapopan,Casa en condominio,RENTA,28500,"Casa en renta Santillana Santillana Parque Residencial, Zapopan Casa",3.0,2.0,180,https://www.aciertamax.com/property/casa-en-renta-santillana-santillana-parque-residencial-casa-en-condominio?agent=javier373&lang=es
Zapopan,Casa en condominio,RENTA,28000,"Casa en renta en Solares Solares, Zapopan Casa en condominio 2 recám",2.0,2.0,,https://www.aciertamax.com/property/casa-en-renta-en-solares-10c658c9-35dc-4958-9880-a76b9e68aab8?agent=javier373&lang=es
Zapopan,Casa en condominio,RENTA,28000,"Casa en condominio 4 recámaras, 3 baños Ver detalles",4.0,3.0,,https://www.aciertamax.com/property/av-federalistas-en-valdepenas-casa-nueva-en-renta?agent=javier373&lang=es
Zapopan,Casa,RENTA,28000,"Casa en Renta en Loma Bonita, Zapopan | Amplios espacios y Jardín Lo",3.0,3.0,207,https://www.aciertamax.com/property/casa-en-renta-en-loma-bonita-zapopan-amplios-espacios-jardin-y-excelente-ubi?agent=javier373&lang=es
Zapopan,Departamento,RENTA,28000,,2.0,2.0,92,https://www.aciertamax.com/property/estrena-hermoso-departamento-en-renta-en-lirica?agent=javier373&lang=es
Zapopan,Casa,RENTA,28000,"Casa en renta en la cima La Cima, Zapopan Casa 3 recámaras, 2 baños",3.0,2.0,,https://www.aciertamax.com/property/casa-en-renta-en-la-cima-adb88760-76eb-4b0f-91b6-39660dad0da2?agent=javier373&lang=es
Zapopan,Casa en condominio,RENTA,28000,"Casa en Renta en Solares, coto Acanthia Solares, Zapopan Casa en con",3.0,3.0,206,https://www.aciertamax.com/property/casa-en-renta-en-solares-coto-acanthia-solares?agent=javier373&lang=es
Zapopan,Casa en condominio,RENTA,28000,"Casa en Renta en Esquina en Capital Norte Capital Norte, Zapopan Cas",3.0,2.0,230,https://www.aciertamax.com/property/casa-en-renta-en-esquina-en-capital-norte?agent=javier373&lang=es
Zapopan,Casa en condominio,RENTA,28000,Casa en Renta en coto Cerezos Capital Norte Zapopan Coto Sienna Capi,3.0,2.0,189,https://www.aciertamax.com/property/casa-en-renta-en-coto-cerezos-capital-norte-zapopan?agent=javier373&lang=es
Zapopan,Casa en condominio,RENTA,28000,"Casa en renta Jardín Real Jardín Real, Zapopan Casa en condominio 3",3.0,3.0,195,https://www.aciertamax.com/property/casa-en-renta-jardin-real-f49e3be4-b0e8-40bf-a199-737fbb8bcfd4?agent=javier373&lang=es
Zapopan,Departamento,RENTA,28000,,2.0,2.0,,https://www.aciertamax.com/property/the-lighthouse-puerta-del-valle-zapopan?agent=javier373&lang=es
Zapopan,Departamento,RENTA,27500,,2.0,2.0,78,https://www.aciertamax.com/property/departamento-en-renta-east-ventura-vertical-district?agent=javier373&lang=es
Zapopan,Departamento,RENTA,27500,"Departamento amueblado en renta l Ventura Vertical Jardín Real, Zapopan Departamento 2",2.0,2.0,80,https://www.aciertamax.com/property/departamento-amueblado-en-renta-l-ventura-vertical?agent=javier373&lang=es
Zapopan,Departamento,RENTA,27500,"Departamento en renta en solares nuevo Solares, Zapopan Departamento 2 recám",2.0,2.0,74,https://www.aciertamax.com/property/departamento-en-renta-en-solares-nuevo?agent=javier373&lang=es
Zapopan,Casa en condominio,RENTA,27000,"Casa en valle imperial Valle Imperial, Zapopan Casa en condominio 3",3.0,2.0,252,https://www.aciertamax.com/property/casa-en-valle-imperial-f37913b7-f4f9-47b1-9cab-81ba69a0b559?agent=javier373&lang=es
Zapopan,Departamento,RENTA,27000,"Departamento Amueblado en Renta en Solares, Zona Real Solares, Zapopan Departamento 2",2.0,2.0,125,https://www.aciertamax.com/property/departamento-amueblado-en-renta-en-solares-zona-real?agent=javier373&lang=es
Zapopan,Departamento,RENTA,27000,,2.0,2.0,,https://www.aciertamax.com/property/nuevo-departamento-amueblado-cerca-del-tec-de-monterrey?agent=javier373&lang=es
Zapopan,Departamento,RENTA,27000,"Departamento amueblado en renta en Giverny Valle Real, Zapopan Departamento 1 recámara",1.0,1.0,,https://www.aciertamax.com/property/departamento-amueblado-en-renta-en-giverny?agent=javier373&lang=es
Zapopan,Departamento,RENTA,27000,,2.0,2.0,80,https://www.aciertamax.com/property/torre-soare?agent=javier373&lang=es
Zapopan,Departamento,RENTA,27000,"Departamento Nuevo Amueblado en Solares Solares, Zapopan Departamento 2 recámaras, 2 baños 8",2.0,2.0,80,https://www.aciertamax.com/property/departamento-nuevo-amueblado-en-solares?agent=javier373&lang=es
Zapopan,Departamento,RENTA,26500,"Departamento amueblado en Real View Towers, Zapopan Jardín Real, Zapopan Departamento",1.0,1.0,75,https://www.aciertamax.com/property/departamento-amueblado-en-real-view-towers-zapopan?agent=javier373&lang=es
Zapopan,Departamento,RENTA,26500,,3.0,3.0,300,https://www.aciertamax.com/property/departamento-3-pisos-300m2-naciones-unidas?agent=javier373&lang=es
Zapopan,Departamento,RENTA,26500,"Departamento con Gran Terraza Privada en Renta (A 5 min del Tec) Zapopan Valle Real, Zapopan Departam",2.0,2.0,70,https://www.aciertamax.com/property/departamento-con-terraza-de-33m-en-renta-edificio-intervalo-zapopan-a-5-min?agent=javier373&lang=es
Zapopan,Departamento,RENTA,26500,Departamento en renta en Lírica Towers Av Naciones unidas Virreyes Residenci,2.0,2.0,79,https://www.aciertamax.com/property/departamento-en-renta-de-2-habitaciones-en-lirica-towers-av-naciones-unidas?agent=javier373&lang=es
Zapopan,Departamento,RENTA,26500,"Departamento en Renta de 2 Recámaras en Torre The Ligthouse, Andares, Zapopa",2.0,2.0,85,https://www.aciertamax.com/property/departamento-en-renta-de-2-recamaras-en-torre-the-ligthouse-andares-zapopan-j?agent=javier373&lang=es
Zapopan,Departamento,RENTA,26000,Departamento en Renta en Jardín Real - A 15 minutos del Tec de Monterrey Jar,2.0,2.0,83,https://www.aciertamax.com/property/estrena-departamento-en-renta-zona-real?agent=javier373&lang=es
Zapopan,Departamento,RENTA,26000,"Departamento Amueblado en ANUVA, TORRE A Jardines Universidad, Zapopan Departamento 2",2.0,2.0,71,https://www.aciertamax.com/property/departamento-amueblado-en-anuva-jardines-universidad?agent=javier373&lang=es
Zapopan,Departamento,RENTA,26000,"Departamento NUEVO en Renta Solares, Zapopan Departamento 2 recámaras, 2 baños 76.",2.0,2.0,76.62,https://www.aciertamax.com/property/departamento-nuevo-en-renta-solares?agent=javier373&lang=es
Zapopan,Departamento,RENTA,26000,"Departamento amueblado en renta en Solares Solares, Zapopan Departamento 2 recámaras,",2.0,2.0,80,https://www.aciertamax.com/property/departamento-amueblado-en-renta-en-solares-b35e1646-6356-411e-9194-a9718d3a6f14?agent=javier373&lang=es
Zapopan,Departamento,RENTA,26000,"Departamento en renta, TORRE YATTA NACIONES UNIDAS Vallarta Universidad, Zap",1.0,1.0,72,https://www.aciertamax.com/property/departamento-en-renta-torre-yatta-naciones-unidas?agent=javier373&lang=es
Zapopan,Departamento,RENTA,26000,,2.0,2.0,77,https://www.aciertamax.com/property/ventura-departamento-en-zona-real?agent=javier373&lang=es
Zapopan,Departamento,RENTA,26000,"Departamento en renta Sky Garden en Ciudad Granja Ciudad Granja, Zapopan Dep",2.0,2.0,100,https://www.aciertamax.com/property/departamento-en-renta-sky-garden-en-ciudad-granja?agent=javier373&lang=es
Zapopan,Departamento,RENTA,26000,"Departamento amueblado en renta en liva Solares Solares, Zapopan Departamento 2 recáma",2.0,2.0,74,https://www.aciertamax.com/property/departamento-amueblado-en-renta-en-liva-solares?agent=javier373&lang=es
Zapopan,Departamento,RENTA,25900,,2.0,2.0,76.63,https://www.aciertamax.com/property/depa-en-renta-zona-real-ventura-district?agent=javier373&lang=es
Zapopan,Departamento,RENTA,25500,"Departamento en renta Hydeview Jardines de La Patria, Zapopan Departamento 2",2.0,2.0,100,https://www.aciertamax.com/property/departamento-en-renta-hydeview?agent=javier373&lang=es
Zapopan,Departamento,RENTA,25100,"Departamento en renta en avaterra Villa Panamericana, Zapopan Departamento 1",1.0,1.0,75,https://www.aciertamax.com/property/departamento-en-renta-en-avaterra-f213e2f9-a131-4939-bc60-09411c97a89c?agent=javier373&lang=es
Zapopan,Casa,RENTA,25000,"Casa Renta en Valle Imperial Valle Imperial, Zapopan Casa 3 recámaras, 3 b",3.0,3.0,240,https://www.aciertamax.com/property/casa-renta-en-valle-imperial?agent=javier373&lang=es
Zapopan,Casa en condominio,RENTA,25000,"Casa en renta en Madeiras - Valle imperial Valle Imperial, Zapopan C",3.0,4.0,242,https://www.aciertamax.com/property/casa-en-renta-en-madeiras-valle-imperial-zapopan?agent=javier373&lang=es
Zapopan,Casa,RENTA,25000,"Casa más linda en Sendas Residencial SIN AMUEBLAR Capital Norte, Zapopan Clave",3.0,2.0,209,https://www.aciertamax.com/property/la-casa-mas-linda-en-sendas-residencial-capital-norte?agent=javier373&lang=es
Zapopan,Casa en condominio,RENTA,25000,"Casa en renta en Valle Imperial dentro de coto Valle Imperial, Zapop",3.0,3.0,240,https://www.aciertamax.com/property/casa-en-renta-en-valle-imperial-dentro-de-coto-valle-imperial-casa-en-condominio?agent=javier373&lang=es
Zapopan,Departamento,RENTA,25000,,2.0,2.0,110,https://www.aciertamax.com/property/departamento-en-renta-en-ciudad-granja-entorno-cantabria?agent=javier373&lang=es
Zapopan,Departamento,RENTA,25000,Departamento en Planta Baja Colonia Los Pinos (A un Lado de La Monraz) Los P,3.0,2.0,253,https://www.aciertamax.com/property/departamento-en-planta-baja-colonia-los-pinos-a-un-lado-de-la-monraz?agent=javier373&lang=es
Zapopan,Casa,RENTA,25000,"Casa en Renta en Valle Imperial coto imperio Romano Valle Imperial,",3.0,3.0,160,https://www.aciertamax.com/property/casa-en-renta-en-valle-imperial-valle-imperial-casa?agent=javier373&lang=es
Zapopan,Casa en condominio,RENTA,25000,"Casa en condominio 3 recámaras, 2 baños 200 m² Ver detalles",3.0,2.0,200,https://www.aciertamax.com/property/casa-amueblada-en-renta-jardines-del-valle?agent=javier373&lang=es
Zapopan,Departamento,RENTA,25000,,2.0,2.0,80,https://www.aciertamax.com/property/depa-nuevo-en-renta-en-zona-del-bosque-colomos?agent=javier373&lang=es
Zapopan,Casa en condominio,RENTA,25000,"Casa en condominio 3 recámaras, 3 baños 240 m² Ver detalles",3.0,3.0,240,https://www.aciertamax.com/property/casa-en-renta-en-valle-imperial-da275190-ed35-40a6-bdbd-41d23c25020b?agent=javier373&lang=es
Zapopan,Departamento,RENTA,25000,,2.0,2.0,110,https://www.aciertamax.com/property/departamento-amueblado-en-cibeles-ii-jardines-del-valle?agent=javier373&lang=es
Zapopan,Casa en condominio,RENTA,25000,"Casa en Renta en Condominio, Jardin Real, Zapopan, Jalisco El Real,",3.0,3.0,168,https://www.aciertamax.com/property/casa-en-renta-en-condominio-jardin-real-zapopan-jalisco-el-real?agent=javier373&lang=es
Zapopan,Casa en condominio,RENTA,24500,"Casa en condominio 3 recámaras, 3 baños 200 m² Ver detalles",3.0,3.0,200,https://www.aciertamax.com/property/hermosa-casa-en-renta-coto-sendas-con-roof?agent=javier373&lang=es
Zapopan,Departamento,RENTA,24500,"Departamento en Renta Torre The Ligthouse, Acueducto y Andares, Zapopan, Jal",2.0,2.0,85,https://www.aciertamax.com/property/departamento-en-renta-torre-the-ligthouse-acueducto-y-andares-zapopan-jalisco?agent=javier373&lang=es
Zapopan,Departamento,RENTA,24500,"Departamento en RENTA EN EBANO BUGAMBILIAS Ciudad Bugambilia, Zapopan Depart",3.0,2.0,,https://www.aciertamax.com/property/departamento-en-renta-en-ebano-bugambilias-ciudad-bugambilia-zapopan?agent=javier373&lang=es
Zapopan,Departamento,RENTA,24500,"Departamento en Renta en Anuva Residencial, Hospital Innovare, Zapopan. Jali",2.0,2.0,77,https://www.aciertamax.com/property/departamento-en-renta-anuva-zona-andares-hospital-innovare-zapopan?agent=javier373&lang=es
Zapopan,Departamento,RENTA,24000,,2.0,2.0,77,https://www.aciertamax.com/property/deapartamento-amueblado-en-renta-stelar-boreales?agent=javier373&lang=es
Zapopan,Departamento,RENTA,24000,"Departamento a estrenar en RENTA en torre NAUNA Vallarta Universidad, Zapopan Departame",2.0,2.0,71,https://www.aciertamax.com/property/departamento-a-estrenar-en-venta-en-torre-nauna-vallarta-universidad?agent=javier373&lang=es
Zapopan,Departamento,RENTA,24000,"Departamento en renta  en Ciudad Granja Ciudad Granja, Zapopan Departamento",2.0,2.0,123,https://www.aciertamax.com/property/departamento-a-estrenas-en-ciudad-granja?agent=javier373&lang=es
Zapopan,Casa,RENTA,24000,"Casa en Renta en Ciudad del Sol Ciudad Del Sol, Zapopan Casa 2 recám",2.0,2.0,,https://www.aciertamax.com/property/casa-en-renta-en-ciudad-del-sol-089ed4bf-2825-4f06-88e4-01fafdec0353?agent=javier373&lang=es
Zapopan,Casa en condominio,RENTA,24000,"Casa en renta Valle Imperial Valle Imperial, Zapopan Casa en condomi",3.0,3.0,320,https://www.aciertamax.com/property/casa-en-renta-valle-imperial-f190e73e-2750-4553-bf3a-1ea62e43db85?agent=javier373&lang=es
Zapopan,Departamento,RENTA,24000,"Departamento en Renta en Estrela Living, Paseo de La Estrella Solares, Zapop",2.0,2.0,110,https://www.aciertamax.com/property/departamento-en-renta-y-venta-en-estrela-living-paseo-de-la-estrella?agent=javier373&lang=es
Zapopan,Departamento,RENTA,23900,"Departamento en renta, SOARÉ SOLARES Solares, Zapopan Departamento 2 recámar",2.0,2.0,77,https://www.aciertamax.com/property/departamento-en-renta-soare-solares-solares?agent=javier373&lang=es
Zapopan,Departamento,RENTA,23000,"Departamento en Renta en Torre Cibeles II, Zona Real, Zapopan Jardines Del V",2.0,2.0,120,https://www.aciertamax.com/property/departamento-en-renta-en-torre-cibeles-ii-zona-real-zapopan?agent=javier373&lang=es
Zapopan,Casa,RENTA,23000,"Casa en renta en Real Vallarta Real Vallarta, Zapopan Casa 3 recámar",3.0,2.0,142,https://www.aciertamax.com/property/casa-en-renta-en-real-vallarta-real-vallarta-casa?agent=javier373&lang=es
Zapopan,Departamento,RENTA,23000,,1.0,1.0,43,https://www.aciertamax.com/property/loft-amueblado-torre-nara-en-renta-jardines-universidad-zapopan?agent=javier373&lang=es
Zapopan,Departamento,RENTA,23000,,,1.0,50,https://www.aciertamax.com/property/loft-en-renta-villa-universitaria-23-000?agent=javier373&lang=es
Zapopan,Casa,RENTA,23000,,3.0,2.0,196,https://www.aciertamax.com/property/hermosa-casa-a-1-min-del-tec-de-mty?agent=javier373&lang=es
Zapopan,Departamento,RENTA,23000,,,1.0,,https://www.aciertamax.com/property/estrena-departamento-enfrente-de-uag?agent=javier373&lang=es
Zapopan,Departamento,RENTA,23000,"Departamento 65 m2 en Renta con terraza,Zona Puerta de Hierro, Zapopan, Jalisco Pu",1.0,1.0,65,https://www.aciertamax.com/property/departamento-65-m2-en-renta-con-terraza-zona-puerta-de-hierro-zapopan-jalisco?agent=javier373&lang=es
Zapopan,Departamento,RENTA,22900,,2.0,2.0,90,https://www.aciertamax.com/property/departamento-en-renta-en-metropark-de2b1251-ccab-46ac-8214-d4791368f6e5?agent=javier373&lang=es
Zapopan,Departamento,RENTA,22900,"Departamento de 2 habitaciones  en TORRE BRITTANIA Jocotan, Zapopan Departamento 2 recámaras, 2",2.0,2.0,78,https://www.aciertamax.com/property/departamento-de-2-habitaciones-en-torre-brittania?agent=javier373&lang=es
Zapopan,Casa,RENTA,22500,"Casa en RENTA en Vitana Residencial Vitana Residencial, Zapopan Casa",4.0,4.0,168,https://www.aciertamax.com/property/casa-en-renta-en-vitana-residencial-vitana-residencial?agent=javier373&lang=es
Zapopan,Departamento,RENTA,22500,,2.0,2.0,85,https://www.aciertamax.com/property/venta-o-renta-departamento-en-juan-palomar-y-arias?agent=javier373&lang=es
Zapopan,Departamento,RENTA,22500,Departamento en Renta Planta Baja a Media Cuadra del Parque Metropolitano Ri,2.0,2.0,98,https://www.aciertamax.com/property/departamento-en-renta-planta-baja-a-media-cuadra-del-parque-metropolitano?agent=javier373&lang=es
Zapopan,Casa,RENTA,22000,"Casa en RENTA en EL SECRETO Santa Margarita, Zapopan Casa 3 recámara",3.0,2.0,200,https://www.aciertamax.com/property/casa-en-renta-en-el-secreto?agent=javier373&lang=es
Zapopan,Casa,RENTA,22000,"Casa en renta en Jardines del Sol, Zapopan. Jardines Del Sol, Zapopa",3.0,3.0,201,https://www.aciertamax.com/property/casa-en-renta-en-jardines-del-sol-zapopan-jardines-del-sol-casa?agent=javier373&lang=es
Zapopan,Casa en condominio,RENTA,22000,"Casa en Venta en Coto en Capital Norte Capital Norte, Zapopan Casa e",3.0,2.0,187,https://www.aciertamax.com/property/casa-en-venta-en-coto-en-capital-norte-capital-norte?agent=javier373&lang=es
Zapopan,Casa,RENTA,22000,,4.0,3.0,126,https://www.aciertamax.com/property/casa-en-renta-chapalita-las-fuentes-amenidades-de-lujo?agent=javier373&lang=es
Zapopan,Departamento,RENTA,22000,Departamento Amueblado en Renta en Life Patria Rinconada de la Calma. Rinconada de La,2.0,2.0,85,https://www.aciertamax.com/property/departamento-amueblado-en-renta-en-life-patria-rinconada-de-la-calma-rinconada-de-la-calma?agent=javier373&lang=es
Zapopan,Departamento,RENTA,22000,,2.0,2.0,79,https://www.aciertamax.com/property/departamento-en-renta-en-virreyes-residencial-4b3af6ac-1eea-44ac-895d-849be17272ac?agent=javier373&lang=es
Zapopan,Departamento,RENTA,22000,,2.0,2.0,79,https://www.aciertamax.com/property/departamento-en-renta-en-virreyes-residencial-virreyes-residencial?agent=javier373&lang=es
Zapopan,Casa en condominio,RENTA,22000,"Casa Frente al Tec de Monterrey, El Real III El Real, Zapopan Casa en condominio 3 recámaras, 2 baños Ver detalles",3.0,2.0,,https://www.aciertamax.com/property/casa-frente-al-tec-de-monterrey-el-real-iii?agent=javier373&lang=es
Zapopan,Departamento,RENTA,22000,Departamento Amueblado en Renta en Plenitud Valle Real | 1 Recámara | Zapopan Valle Re,1.0,1.0,56,https://www.aciertamax.com/property/departamento-amueblado-en-renta-en-plenitud-valle-real-1-recamara-zapopan?agent=javier373&lang=es
Zapopan,Casa,RENTA,21500,,3.0,4.0,156,https://www.aciertamax.com/property/casa-en-renta-fraccionamiento-alva-residencial-zapopan?agent=javier373&lang=es
Zapopan,Departamento,RENTA,21500,,1.0,1.0,97,https://www.aciertamax.com/property/se-renta-departamento-real-view-tower-zona-real-zapopan?agent=javier373&lang=es
Zapopan,Departamento,RENTA,21500,"Departamento Nuevo en Renta en Jardín Real, Zapopan | Roof Garden con Alberca Jard",2.0,1.0,66,https://www.aciertamax.com/property/departamento-nuevo-en-renta-en-jardin-real-zapopan-roof-garden-con-alberca?agent=javier373&lang=es
Zapopan,Departamento,RENTA,21500,,2.0,1.0,66.43,https://www.aciertamax.com/property/departamento-en-renta-en-ciudad-granja-c6b72bf2-febc-4fa6-8432-890aa3a0a710?agent=javier373&lang=es
Zapopan,Departamento,RENTA,21500,,1.0,1.0,62.36,https://www.aciertamax.com/property/departamento-semi-amueblado-en-renta-en-duo-24-new-living?agent=javier373&lang=es
Zapopan,Departamento,RENTA,21500,Departamento en Renta en Lirica Ubicada Sobre Naciones Unidas Jardines Unive,2.0,1.0,59,https://www.aciertamax.com/property/departamento-en-renta-en-lirica-ubicada-sobre-naciones-unidas?agent=javier373&lang=es
Zapopan,Departamento,RENTA,21500,"Departamento en Renta – Torre Lírica, Zapopan Virreyes Residencial, Zapopan",1.0,1.0,69,https://www.aciertamax.com/property/departamento-en-renta-torre-lirica-zapopan?agent=javier373&lang=es
Zapopan,Departamento,RENTA,21000,,1.0,2.0,61,https://www.aciertamax.com/property/se-vende-departamento-zona-andares-nuevo?agent=javier373&lang=es
Zapopan,Departamento,RENTA,21000,"Departamento en renta La Consti (Mercado Bola), Zapopan Constitución, Zapopa",3.0,2.0,147,https://www.aciertamax.com/property/departamento-en-renta-la-consti-mercado-bola-zapopan?agent=javier373&lang=es
Zapopan,Casa en condominio,RENTA,21000,"Casa en renta, Col. Valle Imperial, Zapopan, Jal. Valle Imperial, Za",2.0,3.0,180,https://www.aciertamax.com/property/casa-en-renta-col-valle-imperial-zapopan-jal?agent=javier373&lang=es
Zapopan,Casa en condominio,RENTA,21000,"Casa en condominio 3 recámaras, 2 baños 172.2 m² Ver detalles",3.0,2.0,172.2,https://www.aciertamax.com/property/casa-en-renta-en-la-cima-c89b5489-0916-4e89-906a-3a6252dc4148?agent=javier373&lang=es
Zapopan,Departamento,RENTA,21000,,1.0,1.0,46,https://www.aciertamax.com/property/loft-en-renta-en-pablo-neruda?agent=javier373&lang=es
Zapopan,Departamento,RENTA,21000,,1.0,1.0,52,https://www.aciertamax.com/property/renta-departamento-en-valle-real-ventura-52-m2-2-habitacion-piso-14?agent=javier373&lang=es
Zapopan,Casa,RENTA,20900,,3.0,2.0,162,https://www.aciertamax.com/property/renta-valle-imperial?agent=javier373&lang=es
Zapopan,Departamento,RENTA,20800,,3.0,2.0,161,https://www.aciertamax.com/property/casa-en-renta-valle-del-imperio-bizantino-zapopan-jalisco?agent=javier373&lang=es
Zapopan,Departamento,RENTA,20500,"Departamento en renta en Life Patria Rinconada de La Calma, Zapopan Departam",2.0,2.0,91,https://www.aciertamax.com/property/departamento-en-renta-en-life-patria-f7fc85ed-c78e-4ecc-85f3-f4d459d360e2?agent=javier373&lang=es
Zapopan,Departamento,RENTA,20500,"Departamento en Renta, Torre Zentral, Puerta del Valle, Zapopan, Jalisco Pue",1.0,1.0,52.61,https://www.aciertamax.com/property/departamento-en-renta-torre-zentral-puerta-del-valle-zapopan-jalisco?agent=javier373&lang=es
Zapopan,Departamento,RENTA,20196,"Departamento Amueblado en Zapopan Centro Zapopan Centro, Zapopan Departamento 1 recáma",1.0,2.0,48,https://www.aciertamax.com/property/departamento-amueblado-en-zapopan-centro-zapopan-centro?agent=javier373&lang=es
Zapopan,Casa en condominio,RENTA,20000,Casa en Renta  frente a Amenidades en Alva Residencial Alva Residenc,4.0,3.0,140,https://www.aciertamax.com/property/casa-en-renta-frente-a-amenidades-en-alva-residencial?agent=javier373&lang=es
Zapopan,Casa en condominio,RENTA,20000,"Casa dentro de Fracc.  en renta en el Sur Los Pinos Campestre, Zapopan Casa en condomi",3.0,2.0,210,https://www.aciertamax.com/property/casa-amueblada-dentro-de-fracc-en-renta-en-el-sur?agent=javier373&lang=es
Zapopan,Casa,RENTA,20000,"Casa en renta Tabachines Residencial Tabachines, Zapopan Casa 3 recá",3.0,2.0,167.81,https://www.aciertamax.com/property/casa-en-renta-para-oficinas-tabachines-residencial?agent=javier373&lang=es
Zapopan,Departamento,RENTA,20000,,2.0,2.0,,https://www.aciertamax.com/property/depto-en-renta-stelar-bugambilias?agent=javier373&lang=es
Zapopan,Departamento,RENTA,19900,"Departamento en Renta Rinconada de La Calma, Zapopan Departamento 2 recámara",2.0,2.0,83.5,https://www.aciertamax.com/property/departamento-en-renta-rinconada-de-la-calma-departamento?agent=javier373&lang=es
Zapopan,Casa en condominio,RENTA,19800,"Casa en condominio 3 recámaras, 2 baños Ver detalles",3.0,2.0,,https://www.aciertamax.com/property/casa-en-renta-en-la-stravagante-residencial?agent=javier373&lang=es
Zapopan,Departamento,RENTA,19800,Departamento en Torre We Solares en Av. Aviación A 5 MIN DEL TEC DE MONTERRE,2.0,2.0,80,https://www.aciertamax.com/property/departamento-en-torre-we-solares-en-av-aviacion-a-5-min-del-tec-de-monterrey?agent=javier373&lang=es
Zapopan,Casa en condominio,RENTA,19500,"Casa en condominio 3 recámaras, 3 baños 200 m² Ver detalles",3.0,3.0,200,https://www.aciertamax.com/property/valle-imperial-renta-casa-92-como-nueva?agent=javier373&lang=es
Zapopan,Casa,RENTA,19500,"Casa en renta en Colli Urbano, Zapopan. El Colli Urbano 2a. sección,",3.0,2.0,122,https://www.aciertamax.com/property/casa-en-renta-en-colli-urbano-zapopan-el-colli-urbano-2a-seccion?agent=javier373&lang=es
Zapopan,Departamento,RENTA,19500,"Departamento en renta Nara Naciones Unidas Zapopan Jardines Universidad, Zap",1.0,1.0,50,https://www.aciertamax.com/property/departamento-en-renta-nara-naciones-unidas-zapopan?agent=javier373&lang=es
Zapopan,Departamento,RENTA,19500,,1.0,1.0,64.5,https://www.aciertamax.com/property/excelente-departamento-en-zona-real-jardines-del-valle?agent=javier373&lang=es
Zapopan,Casa,RENTA,19000,"Casa en Renta | Coto La Grana, San José del Bajío, Zapopan San José",3.0,2.0,135,https://www.aciertamax.com/property/casa-en-renta-coto-la-grana-san-jose-del-bajio-zapopan?agent=javier373&lang=es
Zapopan,Casa en condominio,RENTA,19000,"Casa en condominio 2 recámaras, 1 baño 120 m² Ver detalles",2.0,1.0,120,https://www.aciertamax.com/property/magnifica-casita-pequena-en-coto-la-estancia?agent=javier373&lang=es
Zapopan,Casa en condominio,RENTA,19000,"Casa en Renta en El Campestre | Roof Garden y Alberca El Campestre,",3.0,2.0,198,https://www.aciertamax.com/property/casa-en-renta-en-el-campestre-roof-garden-y-alberca?agent=javier373&lang=es
Zapopan,Departamento,RENTA,19000,"Departamento Torre Anuva Piso 10 nuevo en renta Virreyes Residencial, Zapopan Departamento 1 recámara,",1.0,1.0,74,https://www.aciertamax.com/property/departamento-torre-anuva-piso-10-nuevo-en-renta?agent=javier373&lang=es
Zapopan,Casa,RENTA,19000,"Casa en renta en valdepeñas Real de Valdepeñas, Zapopan Casa 3 recám",3.0,2.0,,https://www.aciertamax.com/property/casa-en-renta-en-valdepenas-real-de-valdepenas-zapopan?agent=javier373&lang=es
Zapopan,Departamento,RENTA,19000,"Departamento en Renta Amueblado Cerca de Zapopan Centro Loma Blanca, Zapopan",1.0,1.0,55,https://www.aciertamax.com/property/excelente-departamento-en-renta-amueblado-cerca-de-zapopan-centro?agent=javier373&lang=es
Zapopan,Departamento,RENTA,19000,"Departamento en Renta en Torre Soare, Solares Solares, Zapopan Departamento",1.0,1.0,57,https://www.aciertamax.com/property/departamento-en-renta-en-torre-soare-solares-solares-zapopan?agent=javier373&lang=es
Zapopan,Casa,RENTA,18800,"Casa en Renta en Residencial del Valle, Zapopan, Jalisco Residencial",3.0,2.0,,https://www.aciertamax.com/property/casa-en-renta-en-residencial-del-valle-zapopan-jalisco?agent=javier373&lang=es
Zapopan,Departamento,RENTA,18500,"Departamento en RENTA en Ciudad del Sol Ciudad Del Sol, Zapopan Departamento",3.0,2.0,88,https://www.aciertamax.com/property/departamento-en-renta-en-ciudad-del-sol-2ad6eeb9-fd8d-4bbf-b628-6c34d655abc3?agent=javier373&lang=es
Zapopan,Departamento,RENTA,18500,,1.0,1.0,60.27,https://www.aciertamax.com/property/excelente-departamento-renta-en-zona-real-jardines-del-valle?agent=javier373&lang=es
Zapopan,Departamento,RENTA,18400,,,1.0,37,https://www.aciertamax.com/property/loft-amueblado-o-sin-amueblar-en-lomas-altas?agent=javier373&lang=es
Zapopan,Casa en condominio,RENTA,18000,"Casa en RENTA coto NOUVE El Centinela, Zapopan Casa en condominio 3",3.0,2.0,,https://www.aciertamax.com/property/casa-en-renta-coto-nouve?agent=javier373&lang=es
Zapopan,Casa,RENTA,18000,,3.0,2.0,150,https://www.aciertamax.com/property/casa-en-renta-en-santa-margarita-3-habitaciones-estudio-y-amplia-terraza?agent=javier373&lang=es
Zapopan,Departamento,RENTA,18000,Departamento Nuevo en Renta en Lírica Towers | Naciones Unidas - Zona Virreyes Vir,1.0,1.0,46.5,https://www.aciertamax.com/property/departamento-en-renta-lirica-towers?agent=javier373&lang=es
Zapopan,Departamento,RENTA,18000,"Departamento Amueblado en Loma Bonita Sur Loma Bonita Sur, Zapopan Departamento 2 recá",2.0,1.0,65,https://www.aciertamax.com/property/departamento-amueblado-en-loma-bonita-sur-dc3c7cc2-b875-4abd-9172-3c0392ac87b8?agent=javier373&lang=es
Zapopan,Departamento,RENTA,18000,"Departamento amueblado en renta en Girasoles Acueducto | Zapopan Girasoles Acueducto,",2.0,2.0,78,https://www.aciertamax.com/property/departamento-en-renta-en-girasoles-acueducto-zapopan?agent=javier373&lang=es
Zapopan,Departamento,RENTA,18000,,,1.0,60,https://www.aciertamax.com/property/loft-amueblado-en-renta-cerca-de-san-nico?agent=javier373&lang=es
Zapopan,Casa en condominio,RENTA,18000,"Casa en renta, dentro de coto Encino, en Valle Imperial Valle Imperi",3.0,3.0,151,https://www.aciertamax.com/property/casa-en-renta-dentro-de-coto-encino-en-valle-imperial?agent=javier373&lang=es
Zapopan,Casa en condominio,RENTA,18000,"Casa en Renta, en coto Barcelona, en Nueva Galicia Nueva Galicia, Za",3.0,3.0,151,https://www.aciertamax.com/property/casa-en-venta-en-coto-barcelona-en-nueva-galicia?agent=javier373&lang=es
Zapopan,Departamento,RENTA,18000,,1.0,1.0,30,https://www.aciertamax.com/property/loft-amueblado-en-lighthouse?agent=javier373&lang=es
Zapopan,Departamento,RENTA,17500,,1.0,1.0,35,https://www.aciertamax.com/property/preciosa-suite-hotelera-con-servicios-y-amenidades?agent=javier373&lang=es
Zapopan,Departamento,RENTA,17500,"Departamento en Renta Amueblado La Perla Zapopan Mirador Del Sol, Zapopan De",1.0,1.0,50,https://www.aciertamax.com/property/departamento-en-renta-amueblado-la-perla-zapopan?agent=javier373&lang=es
Zapopan,Departamento,RENTA,17468,"Departamento en RENTA en Livorno Lomas Altas, Zapopan Clave interna: CL-1344",1.0,1.0,36.43,https://www.aciertamax.com/property/departamento-en-renta-en-livorno-84d35255-b7fe-473f-b757-39f48845c683?agent=javier373&lang=es
Zapopan,Casa,RENTA,17000,,3.0,1.0,103,https://www.aciertamax.com/property/excelente-casa-en-renta-en-la-calma-rinconada-de-la-calma?agent=javier373&lang=es
Zapopan,Casa,RENTA,17000,"Casa en renta en Pinar de La Calma, Zapopan. Pinar de La Calma, Zapo",4.0,2.0,158,https://www.aciertamax.com/property/casa-en-renta-en-pinar-de-la-calma-zapopan-abafb120-5521-49ab-9601-1d0587a5aae2?agent=javier373&lang=es
Zapopan,Departamento,RENTA,17000,,1.0,1.0,48,https://www.aciertamax.com/property/increible-departamento-nuevo-tipo-suite-torre-anuva?agent=javier373&lang=es
Zapopan,Departamento,RENTA,17000,,1.0,1.0,57,https://www.aciertamax.com/property/renta-de-departamento-en-ciudad-granja-ciudad-granja-departamento?agent=javier373&lang=es
Zapopan,Casa,RENTA,17000,"Casa amueblada en renta Santa Margarita, Zapopan Casa 3 recámaras, 2 baños 75",3.0,2.0,75,https://www.aciertamax.com/property/casa-amueblada-en-renta-santa-margarita-zapopan?agent=javier373&lang=es
Zapopan,Departamento,RENTA,16800,,2.0,2.0,74,https://www.aciertamax.com/property/departamento-en-tepeyac-el-colli-urbano-1a-seccion?agent=javier373&lang=es
Zapopan,Departamento,RENTA,16800,,2.0,2.0,67,https://www.aciertamax.com/property/tu-depa-ideal-a-un-paso-del-telmex-y-la-linea-3?agent=javier373&lang=es
Zapopan,Departamento,RENTA,16560,,1.0,1.0,48,https://www.aciertamax.com/property/renta-departamento-naciones-unidas-san-juan-de-ocotan?agent=javier373&lang=es
Zapopan,Departamento,RENTA,16500,,,1.0,48,https://www.aciertamax.com/property/loft-en-renta-naciones-unidas-zapopan?agent=javier373&lang=es
Zapopan,Departamento,RENTA,16500,"Departamento en Renta Zona Sur  BALANTY El Campanario, Zapopan Departamento",3.0,3.0,99,https://www.aciertamax.com/property/departamento-en-renta-zona-sur-agua-blanca?agent=javier373&lang=es
Zapopan,Casa,RENTA,16500,"Casa en Renta Tabachines, Zapopan Casa 3 recámaras, 2 baños 190 m² V",3.0,2.0,190,https://www.aciertamax.com/property/casa-en-renta-tabachines-casa?agent=javier373&lang=es
Zapopan,Casa,RENTA,16500,Casa en Renta,3.0,2.0,160,https://www.aciertamax.com/property/casa-en-renta-16-500-00-coto-cordova-real-de-valdepenas-zapopan-mantenimiento?agent=javier373&lang=es
Zapopan,Departamento,RENTA,16400,,2.0,1.0,53,https://www.aciertamax.com/property/estrena-departamento-cerca-del-telmex?agent=javier373&lang=es
Zapopan,Casa en condominio,RENTA,16200,"Casa en condominio 3 recámaras, 2 baños 150 m² Ver detalles",3.0,2.0,150,https://www.aciertamax.com/property/casa-en-renta-coto-el-campanario-zona-sur?agent=javier373&lang=es
Zapopan,Casa en condominio,RENTA,16000,"Casa en renta dentro de coto con Alberca Natura Bosque Residencial,",2.0,2.0,90,https://www.aciertamax.com/property/casa-en-renta-dentro-de-coto-con-alberca?agent=javier373&lang=es
Zapopan,Casa,RENTA,16000,"Casa en Renta en Avenida, Ideal para Negocio Tesistan Parques de Tes",2.0,2.0,100,https://www.aciertamax.com/property/casa-renta-en-avenida-ideal-para-negocio-tesistan?agent=javier373&lang=es
Zapopan,Departamento,RENTA,15700,"Departamento en Renta Camino Real Camino Real, Zapopan Departamento 3 recáma",3.0,2.0,80,https://www.aciertamax.com/property/departamento-en-renta-en-camino-real-a305c29f-6a93-4614-bd09-1c57abc942a0?agent=javier373&lang=es
Zapopan,Departamento,RENTA,15500,,3.0,2.0,88,https://www.aciertamax.com/property/departamento-en-renta-capital-norte-zapopan-departamento-62?agent=javier373&lang=es
Zapopan,Departamento,RENTA,15500,"Departamento en renta a estrenar Art Park El Vigía, Zapopan Departamento 1 r",1.0,1.0,49,https://www.aciertamax.com/property/departamento-en-renta-a-estrenar-art-park?agent=javier373&lang=es
Zapopan,Departamento,RENTA,15500,"Departamento en renta Planta Baja con Jardín El Batan, Zapopan Departamento",2.0,2.0,135,https://www.aciertamax.com/property/departamento-en-renta-planta-baja-periferico-norte-zapopan?agent=javier373&lang=es
Zapopan,Departamento,RENTA,15000,"Departamento Amueblado en Renta en Solares Solares, Zapopan Clave interna: A2-3 Depart",,1.0,33,https://www.aciertamax.com/property/departamento-amueblado-en-renta-en-solares-solares?agent=javier373&lang=es
Zapopan,Departamento,RENTA,15000,,3.0,2.0,82.6,https://www.aciertamax.com/property/bonito-departamento-en-balanty-torre-viva?agent=javier373&lang=es
Zapopan,Departamento,RENTA,15000,,,1.0,40,https://www.aciertamax.com/property/renta-departamento-tipo-loft-en-el-corazon-de-zapopan?agent=javier373&lang=es
Zapopan,Casa en condominio,RENTA,14800,"Casa en renta en condominio en Santa Ana Tepetitlán, Zapopan Santa A",3.0,2.0,160,https://www.aciertamax.com/property/casa-en-renta-en-condominio-en-santa-ana-tepetitlan-zapopan?agent=javier373&lang=es
Zapopan,Casa en condominio,RENTA,14500,"Casa en condominio 3 recámaras, 3 baños 108 m² Ver detalles",3.0,3.0,108,https://www.aciertamax.com/property/casa-renta-zona-tesistan?agent=javier373&lang=es
Zapopan,Departamento,RENTA,14500,"Departamento en Renta | Ferrara – Torre Venecia | Piso 13 Mariano Otero, Zap",2.0,1.0,59,https://www.aciertamax.com/property/departamento-en-renta-ferrara-torre-venecia-piso-13?agent=javier373&lang=es
Zapopan,Departamento,RENTA,14500,Departamento en renta en La Cantera – Piso 3 | 75 m² | 2 estacionamientos Nu,2.0,2.0,75,https://www.aciertamax.com/property/departamento-en-renta-en-la-cantera-piso-3-75-m-2-estacionamientos?agent=javier373&lang=es
Zapopan,Departamento,RENTA,14500,,2.0,2.0,75,https://www.aciertamax.com/property/departamento-en-renta-capital-norte-zapopan?agent=javier373&lang=es
Zapopan,Departamento,RENTA,14500,,2.0,2.0,88,https://www.aciertamax.com/property/estrena-depa-renta-en-balanty-el-campanario-zapopan?agent=javier373&lang=es
Zapopan,Departamento,RENTA,14500,,2.0,2.0,88,https://www.aciertamax.com/property/estrena-depa-renta-en-balanty-el-campanario-departamento?agent=javier373&lang=es
Zapopan,Casa,RENTA,14000,,3.0,2.0,,https://www.aciertamax.com/property/casa-pinar?agent=javier373&lang=es
Zapopan,Departamento,RENTA,14000,"Departamento Amueblado en Renta en Solares Solares, Zapopan Clave interna: A2-4 Depart",,1.0,33,https://www.aciertamax.com/property/departamento-amueblado-en-renta-en-solares-4e23eaef-0d6d-448b-98d6-28d7296d314b?agent=javier373&lang=es
Zapopan,Casa en condominio,RENTA,13900,"Casa en condominio 3 recámaras, 2 baños 105 m² Ver detalles",3.0,2.0,105,https://www.aciertamax.com/property/casa-en-renta-la-haciendita?agent=javier373&lang=es
Zapopan,Casa,RENTA,13900,"Casa en renta Fracc. Altus Quintas, por Juan Gil Preciado a Tesistan",3.0,3.0,82,https://www.aciertamax.com/property/casa-en-renta-fracc-altus-quintas-por-juan-gil-preciado-a-tesistan?agent=javier373&lang=es
Zapopan,Departamento,RENTA,13500,"Departamento en renta dentro de condominio, en Villa Universitaria, Zapopan",1.0,1.0,43,https://www.aciertamax.com/property/departamento-en-renta-dentro-de-condominio-en-villa-universitaria-zapopan?agent=javier373&lang=es
Zapopan,Departamento,RENTA,13500,"Departamento, en renta, Joseph Hyden , col prados de Guadalupe , Zapopan Jal",2.0,1.0,80,https://www.aciertamax.com/property/departamento-en-renta-joseph-hyden-col-prados-de-guadalupe-zapopan-jal?agent=javier373&lang=es
Zapopan,Casa en condominio,RENTA,13500,"Casa en RENTA - Bosques de San Gonzalo Bosques de San Gonzalo, Zapop",3.0,2.0,110,https://www.aciertamax.com/property/casa-en-renta-bosques-de-san-gonzalo-bosques-de-san-gonzalo?agent=javier373&lang=es
Zapopan,Departamento,RENTA,13500,,2.0,2.0,70,https://www.aciertamax.com/property/departamento-en-renta-capital-norte-zapopan-departamento-83?agent=javier373&lang=es
Zapopan,Departamento,RENTA,13500,"Departamento en renta en Col. Constitucion, cerca del auditorio Telmex y Mer",2.0,2.0,79,https://www.aciertamax.com/property/departamento-en-renta-en-col-constitucion-cerca-del-auditorio-telmex-y-mercado?agent=javier373&lang=es
Zapopan,Casa en condominio,RENTA,13500,"Casa en Renta, El Campestre, a 20 minutos de Zona Real, CUCBA, dentr",3.0,2.0,100,https://www.aciertamax.com/property/casa-en-renta-fraccionamiento-el-campestre-dentro-de-coto?agent=javier373&lang=es
Zapopan,Casa en condominio,RENTA,13000,"Casa en renta en Santa Ana Tepetitlán La Haciendita, Zapopan Casa en",2.0,2.0,95,https://www.aciertamax.com/property/casa-en-renta-en-santa-ana-tepetitlan-la-haciendita-zapopan?agent=javier373&lang=es
Zapopan,Departamento,RENTA,13000,"Departamento renta en Prados Tepeyac, Zapopan. Prados Tepeyac, Zapopan Clave inter",2.0,1.0,68,https://www.aciertamax.com/property/departamento-renta-en-prados-tepeyac-zapopan?agent=javier373&lang=es
Zapopan,Departamento,RENTA,13000,"Departamento Amueblado en Renta en Solares Solares, Zapopan Clave interna: A2-8 Depart",,1.0,32,https://www.aciertamax.com/property/departamento-amueblado-en-renta-en-solares-e2ebcf9c-28fc-446e-b695-68175631dfc7?agent=javier373&lang=es
Zapopan,Departamento,RENTA,13000,"Departamento Amueblado en Renta en Solares Solares, Zapopan Clave interna: A2-7 Depart",,1.0,32,https://www.aciertamax.com/property/departamento-amueblado-en-renta-en-solares-zapopan?agent=javier373&lang=es
Zapopan,Departamento,RENTA,13000,"Departamento en RENTA a 8 min del ITESO Villas del Ixtepete, Zapopan Departa",3.0,2.0,,https://www.aciertamax.com/property/departamento-en-renta-a-8-min-del-iteso?agent=javier373&lang=es
Guadalajara,Casa,VENTA,55000000,,8.0,,964,https://www.aciertamax.com/property/propiedad-con-uso-de-suelo-para-comercio-y-servicios?agent=javier373&lang=es
Guadalajara,Casa,VENTA,49950000,,3.0,4.0,932,https://www.aciertamax.com/property/venta-residencia-av-acueducto-colinas-de-san-javier?agent=javier373&lang=es
Guadalajara,Casa,VENTA,49950000,,3.0,4.0,932,https://www.aciertamax.com/property/residencia-venta-colinas-de-san-javier-colinas-de-san-javier?agent=javier373&lang=es
Guadalajara,Casa,VENTA,49600000,,5.0,8.0,997,https://www.aciertamax.com/property/residencia-iconica-con-doble-frente-en-colinas-de-san-javier-colinas-de-san-javier-guadalajara?agent=javier373&lang=es
Guadalajara,Casa,VENTA,47900000,"Casa en Venta en col. Americana, Av Vallarta, Guadalajara, Jalisco.",5.0,4.0,900,https://www.aciertamax.com/property/casa-en-venta-en-col-americana-av-vallarta-guadalajara-jalisco?agent=javier373&lang=es
Guadalajara,Casa,VENTA,47900000,"Casa En VENTA en colonia Americana de Guadalajara, Jalisco. Americana, Guadal",4.0,6.0,610,https://www.aciertamax.com/property/casa-en-venta-en-el-centro-de-guadalajara-jalisco-americana?agent=javier373&lang=es
Guadalajara,Casa,VENTA,37900000,,4.0,4.0,843,https://www.aciertamax.com/property/casa-en-venta-en-colinas-de-san-javier-zapopan-colinas-de-san-javier-guadalajara?agent=javier373&lang=es
Guadalajara,Casa,VENTA,37000000,,5.0,4.0,437,https://www.aciertamax.com/property/casa-en-venta-con-uso-de-suelo-chapalita-chapalita?agent=javier373&lang=es
Guadalajara,Casa,VENTA,37000000,,5.0,4.0,437,https://www.aciertamax.com/property/casa-en-venta-con-uso-de-suelo-chapalita?agent=javier373&lang=es
Guadalajara,Casa en condominio,VENTA,30000000,"Casa en condominio 4 recámaras, 3 baños 600 m² Ver detalles",4.0,3.0,600,https://www.aciertamax.com/property/casa-en-venta-guadalajara-atlas-colomos-4-habitac-quinta?agent=javier373&lang=es
Guadalajara,Departamento,VENTA,30000000,,3.0,3.0,626,https://www.aciertamax.com/property/departamento-en-venta-torre-imperia-en-country-club?agent=javier373&lang=es
Guadalajara,Departamento,VENTA,30000000,,3.0,4.0,626,https://www.aciertamax.com/property/penthouse-a-estrenar-en-country-club-country-club?agent=javier373&lang=es
Guadalajara,Casa,VENTA,30000000,,4.0,6.0,492.4,https://www.aciertamax.com/property/casa-en-venta-en-colinas-de-san-javier-guadalajara-jalisco-71dea8bf-f0b1-4182-9f5d-44d89c582df9?agent=javier373&lang=es
Guadalajara,Casa en condominio,VENTA,30000000,"Casa en condominio 4 recámaras, 4 baños 573 m² Ver detalles",4.0,4.0,573,https://www.aciertamax.com/property/residencia-en-puerta-las-lomas-puerta-las-lomas-guadalajara?agent=javier373&lang=es
Guadalajara,Casa en condominio,VENTA,29000000,"Casa en Villa Verona Puerta Las Lomas, Guadalajara Casa en condomini",5.0,5.0,600,https://www.aciertamax.com/property/casa-en-villa-verona-puerta-las-lomas?agent=javier373&lang=es
Guadalajara,Departamento,VENTA,26000000,"Departamento a la Venta en el Country Club Country Club, Guadalajara Departamento 3 rec",3.0,3.0,250,https://www.aciertamax.com/property/departamento-a-la-venta-en-el-country-club-a561e83b-529b-4a9b-abc5-021db35c0b28?agent=javier373&lang=es
Guadalajara,Casa,VENTA,25500000,,5.0,4.0,643.74,https://www.aciertamax.com/property/casa-en-venta-en-providencia-3321f59b-233d-4168-a53b-12334db9e7c5?agent=javier373&lang=es
Guadalajara,Departamento,VENTA,23990000,,3.0,3.0,306,https://www.aciertamax.com/property/hermoso-departamento-2-niveles-en-venta-zona-country?agent=javier373&lang=es
Guadalajara,Departamento,VENTA,23000000,,3.0,3.0,244,https://www.aciertamax.com/property/ph-rinconada-margaritas?agent=javier373&lang=es
Guadalajara,Departamento,VENTA,23000000,,3.0,3.0,244,https://www.aciertamax.com/property/hermoso-penthouse-en-rinconada-margaritas?agent=javier373&lang=es
Guadalajara,Casa,VENTA,22000000,,4.0,3.0,519,https://www.aciertamax.com/property/residencia-de-lujo-en-bugambilias-ciudad-bugambilia?agent=javier373&lang=es
Guadalajara,Casa,VENTA,22000000,"Casa en Providencia Providencia 3a Secc, Guadalajara Casa 3 recámara",3.0,4.0,450,https://www.aciertamax.com/property/casa-en-providencia-291a6a3c-352d-40cf-bfca-7d99182d1be0?agent=javier373&lang=es
Guadalajara,Casa,VENTA,22000000,"Casa en venta, JARDINES DEL BOSQUE Jardines del Bosque Centro, Guada",5.0,9.0,645,https://www.aciertamax.com/property/casa-en-venta-jardines-del-bosque-dd02303a-e5d2-4712-a5cd-99af30845e32?agent=javier373&lang=es
Guadalajara,Departamento,VENTA,21950000,,3.0,2.0,327.5,https://www.aciertamax.com/property/exclusivo-penthouse-en-renta-central-park-guadalajara?agent=javier373&lang=es
Guadalajara,Casa,VENTA,21750000,Casa en venta con uso de suelo comercial ideal para proyecto vertica,5.0,3.0,309,https://www.aciertamax.com/property/casa-en-venta-con-uso-de-suelo-comercial-ideal-para-proyecto-vertical?agent=javier373&lang=es
Guadalajara,Departamento,VENTA,20600000,"Departamento Penthouse en Venta en el Country Club, Guadalajara, Jal Country Club, Gua",5.0,6.0,405,https://www.aciertamax.com/property/hermoso-departamento-penthouse-en-venta-en-el-country-club-guadalajara-jal?agent=javier373&lang=es
Guadalajara,Casa,VENTA,19900000,"Casa en Lerdo de Tejada Americana, Guadalajara Casa 4 recámaras, 4 b",4.0,4.0,320,https://www.aciertamax.com/property/casa-en-lerdo-de-tejada?agent=javier373&lang=es
Guadalajara,Casa,VENTA,19900000,,3.0,3.0,349,https://www.aciertamax.com/property/casa-venta-providencia-prados-de-providencia?agent=javier373&lang=es
Guadalajara,Casa,VENTA,19450000,,4.0,6.0,500,https://www.aciertamax.com/property/residencia-de-lujo-en-venta-en-bugambilias?agent=javier373&lang=es
Guadalajara,Departamento,VENTA,17900000,,2.0,2.0,204,https://www.aciertamax.com/property/penthouse-en-venta-en-punto-sao-paulo-vertical-providencia?agent=javier373&lang=es
Guadalajara,Departamento,VENTA,17900000,,2.0,2.0,217,https://www.aciertamax.com/property/penthouse-de-lujo-en-sao-paulo-vertical-providencia-1a-secc?agent=javier373&lang=es
Guadalajara,Casa,VENTA,17900000,,6.0,1.0,695,https://www.aciertamax.com/property/casa-en-venta-con-uso-de-suelo-moderna-guadalajara?agent=javier373&lang=es
Guadalajara,Departamento,VENTA,17241300,"Departamento en Venta en Colonia Ladrón de Guevara, Guadalajara, Jalisco Arc",2.0,1.0,250,https://www.aciertamax.com/property/departamento-en-venta-en-colonia-ladron-de-guevara-guadalajara-jalisco-arcos-guadalajara?agent=javier373&lang=es
Guadalajara,Departamento,VENTA,17000000,,3.0,3.0,211,https://www.aciertamax.com/property/exclusivo-departamento-en-venta-en-torre-cavalia-country-club?agent=javier373&lang=es
Guadalajara,Casa,VENTA,16900000,"Casa en venta en colonia Juan Manuel, zona Monraz, Guadalajara Resid",5.0,4.0,391.19,https://www.aciertamax.com/property/casa-en-venta-en-colonia-juan-manuel-zona-monraz-guadalajara?agent=javier373&lang=es
Guadalajara,Departamento,VENTA,16900000,,2.0,2.0,253,https://www.aciertamax.com/property/ph-venta-colomos-providencia?agent=javier373&lang=es
Guadalajara,Casa en condominio,VENTA,16900000,"Casa en venta en Bugambilias Ciudad Bugambilia, Guadalajara Casa en",5.0,5.0,720,https://www.aciertamax.com/property/casa-en-venta-en-bugambilias-ciudad-bugambilia-guadalajara?agent=javier373&lang=es
Guadalajara,Departamento,VENTA,16673671,,3.0,3.0,236.74,https://www.aciertamax.com/property/departamento-en-venta-masaya-residencial-colomos-providencia-guadalajara?agent=javier373&lang=es
Guadalajara,Departamento,VENTA,16222884,,3.0,4.0,175.18,https://www.aciertamax.com/property/condominios-country-club-lujo-vistas-y-exclusividad-en-guadalajara-country-club?agent=javier373&lang=es
Guadalajara,Departamento,VENTA,15950000,,3.0,3.0,230,https://www.aciertamax.com/property/penthouse-en-venta-de-3-recamaras-mas-cuarto-de-tele?agent=javier373&lang=es
Guadalajara,Casa,VENTA,15900000,"Casa en venta en colonia Americana, Guadalajara Americana, Guadalaja",6.0,4.0,537,https://www.aciertamax.com/property/casa-en-venta-en-colonia-americana-guadalajara-americana-casa?agent=javier373&lang=es
Guadalajara,Departamento,VENTA,15619000,,3.0,2.0,263.54,https://www.aciertamax.com/property/departamento-2-plantas-en-venta-providencia-latitud?agent=javier373&lang=es
Guadalajara,Casa,VENTA,15500000,,6.0,3.0,327,https://www.aciertamax.com/property/sobre-av-la-paz-426-mts?agent=javier373&lang=es
Guadalajara,Casa,VENTA,15500000,"Casa en renta en Jardines del Bosque Jardines del Bosque Centro, Gua",5.0,3.0,651,https://www.aciertamax.com/property/casa-en-renta-en-jardines-del-bosque-395d45e5-cb66-47af-8c7b-6a54d69c7b88?agent=javier373&lang=es
Guadalajara,Casa,VENTA,15460000,Casa en venta en Bugambilias segunda sección. Frente al club Ciudad,4.0,5.0,525,https://www.aciertamax.com/property/casa-en-venta-en-bugambilias-segunda-seccion-frente-al-club?agent=javier373&lang=es
Guadalajara,Casa,VENTA,15350000,,5.0,5.0,400,https://www.aciertamax.com/property/casa-remodelada-prados-providencia-prados-de-providencia?agent=javier373&lang=es
Guadalajara,Departamento,VENTA,15250000,,3.0,3.0,215,https://www.aciertamax.com/property/depa-en-el-country-club-con-vista?agent=javier373&lang=es
Guadalajara,Casa,VENTA,15000000,"Casa en Venta en Americana, inmejorable ubicación en la ciudad Ameri",4.0,3.0,342.12,https://www.aciertamax.com/property/casa-en-venta-inmejorable-ubicacion-en-la-ciudad?agent=javier373&lang=es
Guadalajara,Casa,VENTA,15000000,,5.0,4.0,650,https://www.aciertamax.com/property/casa-en-venta-col-independencia-cee1dc80-dbb4-4dad-af05-dd2383ae1aa7?agent=javier373&lang=es
Guadalajara,Casa,VENTA,15000000,,8.0,5.0,292,https://www.aciertamax.com/property/casa-para-oficina-o-coorporativa-en-el-centro?agent=javier373&lang=es
Guadalajara,Departamento,VENTA,15000000,"Departamento en venta en  Central park Guadalajara Vallarta San Jorge, Guada",3.0,4.0,198,https://www.aciertamax.com/property/departamento-en-venta-en-central-park-guadalajara-722398a0-80a4-4420-ad5d-b2738b1a61e5?agent=javier373&lang=es
Guadalajara,Casa,VENTA,14990000,,3.0,3.0,432.74,https://www.aciertamax.com/property/casa-en-venta-en-bernardo-de-balbuena-a479db7e-fcaf-416a-83c5-3b2e78d48b79?agent=javier373&lang=es
Guadalajara,Departamento,VENTA,14950000,"Departamento en venta en Country Club, Torre Fairway Uno Country Club, Guada",2.0,3.0,201,https://www.aciertamax.com/property/departamento-en-venta-en-country-club-torre-fairway-uno?agent=javier373&lang=es
Guadalajara,Casa,VENTA,14900000,,5.0,5.0,400,https://www.aciertamax.com/property/casa-remodelada-prados-providencia-prados-de-providencia-guadalajara?agent=javier373&lang=es
Guadalajara,Casa,VENTA,14900000,Casa en Venta Bosques de la Victoria | Casa en Esquina | 444 m² Bosq,3.0,3.0,444,https://www.aciertamax.com/property/casa-en-esquina-en-venta-en-bosques-de-la-victoria?agent=javier373&lang=es
Guadalajara,Casa,VENTA,14900000,"Casa en la americana Americana, Guadalajara Casa 4 recámaras, 3 baño",4.0,3.0,250,https://www.aciertamax.com/property/casa-en-la-americana-americana?agent=javier373&lang=es
Guadalajara,Casa,VENTA,14900000,"Casa en Venta, Circunvalación Vallarta, Guadalajara Circunvalación V",6.0,5.0,400,https://www.aciertamax.com/property/casa-en-venta-circunvalacion-vallarta-guadalajara-circunvalacion-vallarta?agent=javier373&lang=es
Guadalajara,Casa,VENTA,14500000,,15.0,1.0,696,https://www.aciertamax.com/property/casa-en-venta-en-la-americana-a-unas-cuadras-de-universidad-de-guadalajara-americana?agent=javier373&lang=es
Guadalajara,Departamento,VENTA,14298373,,2.0,2.0,161.55,https://www.aciertamax.com/property/condominios-country-club-lujo-vistas-y-exclusividad-en-guadalajara-country-club-guadalajara?agent=javier373&lang=es
Guadalajara,Casa,VENTA,14190000,,4.0,2.0,352,https://www.aciertamax.com/property/propiedad-comercial-en-providencia-sobre-av-terranova-alta-visibilidad-e-inve?agent=javier373&lang=es
Guadalajara,Departamento,VENTA,14000000,,2.0,2.0,174,https://www.aciertamax.com/property/departamento-nuevo-en-renta-frente-al-country-club-con-terraza?agent=javier373&lang=es
Guadalajara,Casa,VENTA,14000000,,5.0,,365,https://www.aciertamax.com/property/venta-casa-en-avenida?agent=javier373&lang=es
Guadalajara,Departamento,VENTA,13999000,,3.0,3.0,201.07,https://www.aciertamax.com/property/penthause-en-venta-en-chapalita-guadalajara?agent=javier373&lang=es
Guadalajara,Departamento,VENTA,13950000,"Departamento en Venta en Torre Cavalia, Country Club, Guadalajara Country Cl",3.0,4.0,185,https://www.aciertamax.com/property/departamento-en-venta-en-torre-cavalia-country-club-guadalajara-country-club?agent=javier373&lang=es
Guadalajara,Casa,VENTA,13800000,"Casa en Venta en Colonia Americana, uso mixto Americana, Guadalajara",6.0,2.0,413,https://www.aciertamax.com/property/casa-en-venta-en-colonia-americana-uso-mixto?agent=javier373&lang=es
Guadalajara,Casa,VENTA,13800000,"Casa en Venta Bosques de La Victoria Bosques de La Victoria, Guadala",6.0,6.0,450,https://www.aciertamax.com/property/amplia-casa-en-venta-bosques-de-la-victoria?agent=javier373&lang=es
Guadalajara,Casa,VENTA,13800000,,6.0,6.0,450,https://www.aciertamax.com/property/casa-en-venta-bosques-de-la-victoria-9f3f404f-60e5-4849-bf32-548db48af223?agent=javier373&lang=es
Guadalajara,Casa,VENTA,13700000,"Casa en Venta, Colonia Terranova, Guadalajara, Jalisco Terranova, Gu",3.0,4.0,535,https://www.aciertamax.com/property/casa-en-venta-colonia-terranova-guadalajara-jalisco?agent=javier373&lang=es
Guadalajara,Casa,VENTA,13600000,"Casa en venta en Providencia Montreal Providencia 1a Secc, Guadalaja",3.0,4.0,162,https://www.aciertamax.com/property/casa-en-venta-en-providencia-montreal?agent=javier373&lang=es
Guadalajara,Casa,VENTA,13500000,"Casa en Lomas del Country Lomas Del Country, Guadalajara Clave inter",5.0,4.0,308,https://www.aciertamax.com/property/casa-en-lomas-del-country-lomas-del-country-house?agent=javier373&lang=es
Guadalajara,Departamento,VENTA,13500000,,2.0,2.0,174,https://www.aciertamax.com/property/country-club-departamento-con-vista-al-campo-a-estrenar-country-club-guadalajara?agent=javier373&lang=es
Guadalajara,Departamento,VENTA,13500000,,3.0,4.0,150,https://www.aciertamax.com/property/penthouse-de-lujo-en-providencia-zona-financiera-providencia-3a-secc?agent=javier373&lang=es
Guadalajara,Casa,VENTA,13150000,,3.0,2.0,300,https://www.aciertamax.com/property/casa-en-renta-en-providencia-para-inversionistas?agent=javier373&lang=es
Guadalajara,Casa,VENTA,13100000,Casa en venta en Lomas de Guevara por Providencia precio,4.0,4.0,450,https://www.aciertamax.com/property/casa-en-venta-en-lomas-de-guevara-por-providencia-precio-16-600-000?agent=javier373&lang=es
Guadalajara,Departamento,VENTA,12990000,,2.0,2.0,174,https://www.aciertamax.com/property/amplio-y-bonito-depto-en-el-country-a-estrenar?agent=javier373&lang=es
Guadalajara,Casa,VENTA,12950000,,6.0,3.0,470,https://www.aciertamax.com/property/casa-en-venta-colonia-ladron-de-guevara?agent=javier373&lang=es
Guadalajara,Casa,VENTA,12900000,,6.0,6.0,288,https://www.aciertamax.com/property/casa-antigua-remodelada-100-capilla-de-jesus?agent=javier373&lang=es
Guadalajara,Casa,VENTA,12900000,"Casa en Venta en Esquina, Providencia, Guadalajara, Jalisco Italia P",5.0,4.0,445,https://www.aciertamax.com/property/casa-en-venta-en-esquina-prividencia-guadalajara-jalisco?agent=javier373&lang=es
Guadalajara,Casa,VENTA,12750000,,3.0,3.0,313,https://www.aciertamax.com/property/venta-casa-country-club-para-demoler?agent=javier373&lang=es
Guadalajara,Casa,VENTA,12600000,,7.0,5.0,443,https://www.aciertamax.com/property/propiedad-en-venta-en-guadalajara-jalisco-jardines-alcalde?agent=javier373&lang=es
Guadalajara,Departamento,VENTA,12500000,,3.0,3.0,178,https://www.aciertamax.com/property/country-club-en-guadalajara-departamento-en-venta?agent=javier373&lang=es
Guadalajara,Casa,VENTA,12500000,"Casa en Venta, Col Jardines del country ,Guadalajara, Jal Jardines d",4.0,3.0,305.7,https://www.aciertamax.com/property/casa-en-venta-col-jardines-del-country-guadalajara-jal-jardines-del-country?agent=javier373&lang=es
Guadalajara,Casa,VENTA,12500000,"Casa en VENTA en providencia Italia Providencia, Guadalajara Casa 6",6.0,4.0,320,https://www.aciertamax.com/property/casa-en-venta-en-providencia-c1fbc480-17a0-4fe7-8d5b-a3d4206d10ab?agent=javier373&lang=es
Guadalajara,Departamento,VENTA,12500000,,2.0,2.0,143.77,https://www.aciertamax.com/property/exclusivo-penthouse-en-providencia-desarrollo-puerta-colomos?agent=javier373&lang=es
Guadalajara,Casa,VENTA,12500000,"Casa en venta en Arcos Vallarta, Guadalajara Arcos Vallarta, Guadala",6.0,,296,https://www.aciertamax.com/property/casa-en-venta-en-arcos-vallarta-guadalajara-8662e20e-055c-4a9a-9bf4-44e24270b0bc?agent=javier373&lang=es
Guadalajara,Casa,VENTA,12500000,"Casa en Venta Lomas de Providencia Lomas de Providencia, Guadalajara",4.0,4.0,362,https://www.aciertamax.com/property/casa-en-venta-lomas-de-providencia-8d1b5537-8f0e-469f-af8f-b03222a07b4e?agent=javier373&lang=es
Guadalajara,Departamento,VENTA,12500000,,2.0,2.0,,https://www.aciertamax.com/property/preventa-solo-11-depas-en-el-country-club-mar-rojo?agent=javier373&lang=es
Guadalajara,Casa,VENTA,12100000,"Casa renovada en venta en Colonia Chapalita con uso comercial Chapalita, Guad",4.0,4.0,445,https://www.aciertamax.com/property/casa-renovada-en-venta-en-colonia-chapalita-con-uso-comercial?agent=javier373&lang=es
Guadalajara,Departamento,VENTA,12000000,,3.0,3.0,358,https://www.aciertamax.com/property/increible-penthouse-en-la-colonia-americana?agent=javier373&lang=es
Guadalajara,Casa,VENTA,12000000,"Casa en venta, Col. Americana, Guadalajara, Jal. Americana, Guadalaj",1.0,1.0,490,https://www.aciertamax.com/property/casa-en-venta-col-americana-guadalajara-jal?agent=javier373&lang=es
Guadalajara,Departamento,VENTA,12000000,Departamento en Mármara Country | Exclusiva Zona Lomas del Country Lomas Del,3.0,2.0,300,https://www.aciertamax.com/property/departamento-en-venta-en-marmara-country?agent=javier373&lang=es
Guadalajara,Casa,VENTA,12000000,"Casa en venta en Providencia Providencia 5a Secc, Guadalajara Casa 4",4.0,3.0,379,https://www.aciertamax.com/property/casa-en-venta-en-providencia-providencia-5a-secc?agent=javier373&lang=es
Guadalajara,Casa,VENTA,12000000,"Casa en Venta, muy Amplia en Santa Tere, Calle Reforma Santa Teresit",5.0,4.0,355.32,https://www.aciertamax.com/property/casa-en-venta-muy-amplia-en-santa-tere-calle-reforma?agent=javier373&lang=es
Guadalajara,Casa,VENTA,11990000,,5.0,4.0,450,https://www.aciertamax.com/property/casa-en-venta-en-av-terranova?agent=javier373&lang=es
Guadalajara,Casa,VENTA,11900000,Casa en Venta en Jardines del Bosque – Uso Mixto Ideal para Inversió,3.0,3.0,568,https://www.aciertamax.com/property/casa-en-venta-en-jardines-del-bosque-uso-mixto-ideal-para-inversion-o-negocio?agent=javier373&lang=es
Guadalajara,Casa,VENTA,11750000,,5.0,3.0,397,https://www.aciertamax.com/property/casa-en-venta-ladron-de-guevara-281e6c81-871c-4431-ac1c-067ad1a0556b?agent=javier373&lang=es
Guadalajara,Casa,VENTA,11685000,Casa en Venta Colonia Residencial Victoria | Guadalajara Residencial,4.0,4.0,416.5,https://www.aciertamax.com/property/casa-en-venta-colonia-residencial-victoria-guadalajara?agent=javier373&lang=es
Guadalajara,Departamento,VENTA,11490000,,3.0,3.0,300,https://www.aciertamax.com/property/penthouse-en-venta-torre-marmara?agent=javier373&lang=es
Guadalajara,Casa,VENTA,11400000,"Casa en venta, Col. Italia Providencia, Guadalajara, Jal. Italia Pro",5.0,2.0,304.6,https://www.aciertamax.com/property/casa-en-venta-col-italia-providencia-guadalajara-jal?agent=javier373&lang=es
Guadalajara,Departamento,VENTA,11321625,"Departamento de 2 Niveles en Colonia Americana, Guadalajara. En Venta Americana, Guadalaj",3.0,3.0,194,https://www.aciertamax.com/property/departamento-de-2-niveles-en-colonia-americana-guadalajara-en-venta?agent=javier373&lang=es
Guadalajara,Departamento,VENTA,11300000,,3.0,3.0,219,https://www.aciertamax.com/property/en-venta-departamento-3-recamaras-colonia-americana-americana?agent=javier373&lang=es
Guadalajara,Casa,VENTA,11200000,,4.0,3.0,325,https://www.aciertamax.com/property/casa-a-5-minutos-de-zona-financiera?agent=javier373&lang=es
Guadalajara,Departamento,VENTA,11000000,,3.0,4.0,206,https://www.aciertamax.com/property/amplio-depto-en-venta-en-la-americana?agent=javier373&lang=es
Guadalajara,Departamento,VENTA,10980000,,3.0,3.0,157.21,https://www.aciertamax.com/property/venta-departamento-col-americana-torre-oliva?agent=javier373&lang=es
Guadalajara,Departamento,VENTA,10940000,,2.0,2.0,164,https://www.aciertamax.com/property/venta-departamento-col-americana-torre-oliva-164-m2-2-recamaras-cajones?agent=javier373&lang=es
Guadalajara,Casa,VENTA,10890000,,4.0,4.0,279,https://www.aciertamax.com/property/excelente-casa-remodelada-en-chapalita?agent=javier373&lang=es
Guadalajara,Departamento,VENTA,10850000,,2.0,2.0,150,https://www.aciertamax.com/property/departamento-en-venta-mar-mediterraneo-country-club-departamento?agent=javier373&lang=es
Guadalajara,Departamento,VENTA,10800000,"Departamento en Providencia con terraza privada Prados de Providencia, Guada",3.0,2.0,155,https://www.aciertamax.com/property/departamento-en-providencia-con-terraza-privada?agent=javier373&lang=es
Guadalajara,Departamento,VENTA,10800000,,3.0,3.0,195,https://www.aciertamax.com/property/depa-de-lujo-en-venta-en-ruben-dario-providencia?agent=javier373&lang=es
Guadalajara,Departamento,VENTA,10600000,"Departamento en Venta en Providencia Providencia 1a Secc, Guadalajara Depart",3.0,3.0,152,https://www.aciertamax.com/property/departamento-en-venta-en-providencia-9e881e4c-eb56-46b3-910a-11e8f80a59e7?agent=javier373&lang=es
Guadalajara,Casa,VENTA,10565000,"Casa en venta en colonia Verde Valle, Guadalajara (zona Expo GDL-Res",3.0,2.0,254,https://www.aciertamax.com/property/casa-en-venta-en-colonia-verde-valle-guadalajara-zona-expo-gdl-residencial-vic?agent=javier373&lang=es
Guadalajara,Departamento,VENTA,10500000,,4.0,2.0,230,https://www.aciertamax.com/property/departamento-penthouse-en-venta-de-3-o-4-recamaras?agent=javier373&lang=es
Guadalajara,Casa,VENTA,10500000,,5.0,4.0,334,https://www.aciertamax.com/property/oportunidad-casa-en-venta-en-el-corazon-de-providencia?agent=javier373&lang=es
Guadalajara,Casa,VENTA,10500000,,2.0,2.0,245,https://www.aciertamax.com/property/casa-en-venta-en-la-colonia-monraz-terrazas-monraz?agent=javier373&lang=es
Guadalajara,Casa,VENTA,10500000,"Casa en venta en Providencia Lomas de Providencia, Guadalajara Casa",4.0,2.0,222.49,https://www.aciertamax.com/property/casa-en-venta-en-providencia-e60f68c9-db8c-4d9b-b683-7ccc5f3a8253?agent=javier373&lang=es
Guadalajara,Casa,VENTA,10500000,"Casa de UNA PLANTA en venta, Jardines del Bosque.",4.0,3.0,380,https://www.aciertamax.com/property/casa-de-una-planta-en-venta-jardines-del-bosque-9-990-000?agent=javier373&lang=es
Guadalajara,Departamento,VENTA,10500000,,2.0,2.0,143,https://www.aciertamax.com/property/se-vende-departamento-nuevo-en-country-club?agent=javier373&lang=es
Guadalajara,Casa,VENTA,10490000,,4.0,2.0,275,https://www.aciertamax.com/property/casa-venta-col-americana-lafayette-avchapultepec?agent=javier373&lang=es
Guadalajara,Casa,VENTA,10400000,,3.0,2.0,438,https://www.aciertamax.com/property/casa-en-venta-en-la-americana-americana-casa?agent=javier373&lang=es
Guadalajara,Departamento,VENTA,10364949,,2.0,2.0,115.56,https://www.aciertamax.com/property/condominios-country-club-lujo-vistas-y-exclusividad-en-guadalajara?agent=javier373&lang=es
Guadalajara,Departamento,VENTA,10300000,Departamento en Condominio Artea Zona Financiera Nivel 10 Providencia 3a Sec,2.0,2.0,122,https://www.aciertamax.com/property/exclusivo-departamento-en-condominio-artea-zona-financiera-nivel-10?agent=javier373&lang=es
Guadalajara,Departamento,VENTA,10250000,,2.0,2.0,144.11,https://www.aciertamax.com/property/exclusivo-departamento-en-venta-en-providencia-desarrollo-puerta-colomos-1d7a164f-6306-40fc-956a-c82c06b12c0b?agent=javier373&lang=es
Guadalajara,Departamento,VENTA,10236000,,,,,https://www.aciertamax.com/property/excelentes-departamentos-en-pre-venta-providencia-1a-secc-guadalajara?agent=javier373&lang=es
Guadalajara,Casa,VENTA,10229000,"Casa en Venta a una cuadra de Chapultepec Lafayette, Guadalajara Cas",4.0,3.0,250,https://www.aciertamax.com/property/casa-en-venta-a-una-cuadra-de-chapultepec?agent=javier373&lang=es
Guadalajara,Departamento,VENTA,10200000,"Departamento en Espacio Minerva Vallarta Norte, Guadalajara Departamento 3 r",3.0,4.0,168,https://www.aciertamax.com/property/departamento-en-espacio-minerva-437778e7-bc16-464d-b28b-754d1fec53c8?agent=javier373&lang=es
Guadalajara,Departamento,VENTA,10050000,"Departamento en venta Ontario | Providencia Providencia 3a Secc, Guadalajara",3.0,3.0,182.73,https://www.aciertamax.com/property/departamento-en-venta-ontario-providencia?agent=javier373&lang=es
Guadalajara,Departamento,VENTA,10050000,"Departamento en venta Ontario | Providencia Providencia 3a Secc, Guadalajara",3.0,3.0,182.73,https://www.aciertamax.com/property/preventa-town-house-terraza-1-recamara-colonia-americana-americana-guadalajara?agent=javier373&lang=es
Guadalajara,Departamento,VENTA,10050000,"Departamento en venta Ontario | Providencia Providencia 3a Secc, Guadalajara",3.0,3.0,182.73,https://www.aciertamax.com/property/excelentes-estudios-en-preventa?agent=javier373&lang=es
Guadalajara,Departamento,VENTA,10000000,,4.0,4.0,438,https://www.aciertamax.com/property/ph-venta-bugambilias?agent=javier373&lang=es
Guadalajara,Departamento,VENTA,10000000,,2.0,3.0,146.47,https://www.aciertamax.com/property/excelente-departamento-de-lujo-brasilia-10?agent=javier373&lang=es
Guadalajara,Casa,VENTA,9995000,"Casa en venta, Lomas de Guevara, Gdl. Lomas de Guevara, Guadalajara",5.0,5.0,385,https://www.aciertamax.com/property/casa-en-venta-lomas-de-guevara-gdl?agent=javier373&lang=es
Guadalajara,Casa,VENTA,9995000,,4.0,4.0,385,https://www.aciertamax.com/property/casa-en-venta-en-guadalajara-jalisco-lomas-de-guevara?agent=javier373&lang=es
Guadalajara,Departamento,VENTA,9960000,,3.0,2.0,172,https://www.aciertamax.com/property/departamento-en-venta-en-hidalgo-residences-colonia-americana-guadalajara?agent=javier373&lang=es
Guadalajara,Departamento,VENTA,9960000,,3.0,3.0,172,https://www.aciertamax.com/property/deparatmento-en-hidalgo-residences?agent=javier373&lang=es
Guadalajara,Casa,VENTA,9950000,,4.0,2.0,298.91,https://www.aciertamax.com/property/casa-con-uso-de-suelo-sobre-av-vallarte-enfrente-de-plaza-sania?agent=javier373&lang=es
Guadalajara,Departamento,VENTA,9900000,,2.0,2.0,154,https://www.aciertamax.com/property/departamentos-pre-venta-zona-country-de-2-recamaras?agent=javier373&lang=es
Guadalajara,Departamento,VENTA,9900000,"Departamento a Estrenar en Torre Mar Mediterraneo – Country Club Country Club, Guadalaj",2.0,2.0,143,https://www.aciertamax.com/property/departamento-a-estrenar-en-torre-mar-mediterraneo-country-club?agent=javier373&lang=es
Guadalajara,Casa,VENTA,9900000,,5.0,,334,https://www.aciertamax.com/property/oportunidad-de-inversion-casa-en-providencia-italia-providencia-guadalajara?agent=javier373&lang=es
Guadalajara,Casa,VENTA,9900000,Casa en venta cerca de Midtown | 3 recámaras con vestidor | Diseño p,3.0,5.0,382.7,https://www.aciertamax.com/property/casa-en-venta-en-calle-compostela-4-recamaras-con-bano-chapultepec-country?agent=javier373&lang=es
Guadalajara,Casa,VENTA,9590000,,4.0,4.0,406,https://www.aciertamax.com/property/casa-en-venta-en-arcos-sur-12-de-diciembre?agent=javier373&lang=es
Guadalajara,Casa,VENTA,9570000,,6.0,3.0,155,https://www.aciertamax.com/property/casa-en-venta-lomas-del-paradero-guadalajara?agent=javier373&lang=es
Guadalajara,Casa,VENTA,9500000,,3.0,2.0,311.64,https://www.aciertamax.com/property/casa-en-venta-para-inversionista-italia-providencia?agent=javier373&lang=es
Guadalajara,Casa,VENTA,9500000,,1.0,4.0,450,https://www.aciertamax.com/property/casa-con-uso-comercial-tetlan?agent=javier373&lang=es
Guadalajara,Casa,VENTA,9500000,"Casa en venta Bugambilias primera sección Ciudad Bugambilia, Guadala",7.0,5.0,580,https://www.aciertamax.com/property/casa-en-venta-bugambilias-primera-seccion-ciudad-bugambilia-guadalajara?agent=javier373&lang=es
Guadalajara,Departamento,VENTA,9500000,,3.0,3.0,194,https://www.aciertamax.com/property/departamento-en-venta-en-providencia-guadalajara-65b477ba-5191-4a9c-81b5-91b1f347fa73?agent=javier373&lang=es
Guadalajara,Departamento,VENTA,9500000,,3.0,3.0,194,https://www.aciertamax.com/property/departamento-nuevo-en-providencia-providencia-2a-secc?agent=javier373&lang=es
Guadalajara,Departamento,VENTA,9500000,,3.0,3.0,194,https://www.aciertamax.com/property/hermoso-departamento-en-providencia-colomos-providencia-guadalajara?agent=javier373&lang=es
Guadalajara,Departamento,VENTA,9500000,,3.0,3.0,194,https://www.aciertamax.com/property/departamento-25-en-casa-ines-guadalajara-centro?agent=javier373&lang=es
Guadalajara,Departamento,VENTA,9500000,,3.0,3.0,194,https://www.aciertamax.com/property/departamento-7-en-casa-ines-guadalajara-centro?agent=javier373&lang=es
Guadalajara,Departamento,VENTA,9500000,"Departamento en venta MONTEVIDEO Prados de Providencia, Guadalajara Departam",3.0,3.0,161,https://www.aciertamax.com/property/departamento-en-venta-montevideo?agent=javier373&lang=es
Guadalajara,Departamento,VENTA,9500000,,2.0,2.0,153,https://www.aciertamax.com/property/hermoso-amplio-y-nuevo-depto-en-el-country?agent=javier373&lang=es
Guadalajara,Departamento,VENTA,9500000,,3.0,2.0,233.7,https://www.aciertamax.com/property/venta-de-ph-en-la-americana?agent=javier373&lang=es
Guadalajara,Departamento,VENTA,9500000,,2.0,2.0,125,https://www.aciertamax.com/property/exclusivo-departamento-en-torre-imperia-en-zona-country-club?agent=javier373&lang=es
Guadalajara,Casa,VENTA,9500000,,3.0,2.0,311.64,https://www.aciertamax.com/property/casa-en-venta-con-3-plantas-ideal-para-airbnb-oficinas-o-condominio?agent=javier373&lang=es
Guadalajara,Departamento,VENTA,9490000,,2.0,2.0,142,https://www.aciertamax.com/property/departamento-venta-country-club-departamento?agent=javier373&lang=es
Guadalajara,Departamento,VENTA,9490000,,3.0,3.0,152,https://www.aciertamax.com/property/hermoso-y-amplio-departamento-en-planta-baja-colomos-providencia?agent=javier373&lang=es
Guadalajara,Departamento,VENTA,9490000,,2.0,2.0,142,https://www.aciertamax.com/property/departamento-venta-country-club-05da046d-373d-4f88-ac85-cdaf58bacfa7?agent=javier373&lang=es
Guadalajara,Departamento,VENTA,9351342,"Departamento a estrenar en Providencia Prados de Providencia, Guadalajara Departamento",3.0,2.0,155.7,https://www.aciertamax.com/property/departamento-a-estrenar-en-providencia?agent=javier373&lang=es
Guadalajara,Casa,VENTA,9300000,,4.0,2.0,424,https://www.aciertamax.com/property/casa-en-venta-en-residencial-victoria-d635f815-8c0c-464d-8d50-7dfc0b52a1e9?agent=javier373&lang=es
Guadalajara,Departamento,VENTA,9292824,,3.0,2.0,135.86,https://www.aciertamax.com/property/departamento-en-venta-en-jardines-del-bosque-guadalajara-cau?agent=javier373&lang=es
Guadalajara,Departamento,VENTA,9226000,"Departamento en Venta Mar de Ross, Frente al Parque Country Club, Guadalajar",2.0,2.0,131,https://www.aciertamax.com/property/departamento-en-venta-mar-de-ross-frente-al-parque?agent=javier373&lang=es
Guadalajara,Departamento,VENTA,9211365,Departamento en Planta Baja en Warhol Providencia (Colomos) Colomos Providen,2.0,2.0,136,https://www.aciertamax.com/property/departamento-en-planta-baja-en-warhol-providencia-colomos-colomos-providencia?agent=javier373&lang=es
Guadalajara,Departamento,VENTA,9124800,Departamento en venta 2 recámaras Col. Providencia | Torre Río | Guadalajara,2.0,2.0,98.92,https://www.aciertamax.com/property/departamento-en-venta-2-recamaras-col-providencia-torre-rio-guadalajara?agent=javier373&lang=es
Guadalajara,Departamento,VENTA,9124800,Departamento en venta 2 recámaras Col. Providencia | Torre Río | Guadalajara,2.0,2.0,98.92,https://www.aciertamax.com/property/departamento-en-venta-1-recamara-col-providencia-torre-rio-guadalajara?agent=javier373&lang=es
Guadalajara,Departamento,VENTA,9069300,"Departamento en PREVENTA en Providencia TORRE RIO Italia Providencia, Guadal",2.0,2.0,108.41,https://www.aciertamax.com/property/departamento-en-preventa-en-providencia-torre-rio?agent=javier373&lang=es
Guadalajara,Departamento,VENTA,9069300,"Departamento en PREVENTA en Providencia TORRE RIO Italia Providencia, Guadal",2.0,2.0,108.41,https://www.aciertamax.com/property/en-pre-venta-departamento-loft-doble-altura-amplia-terraza-colonia-americana?agent=javier373&lang=es
Guadalajara,Departamento,VENTA,9069300,"Departamento en PREVENTA en Providencia TORRE RIO Italia Providencia, Guadal",2.0,2.0,108.41,https://www.aciertamax.com/property/habitad-country-mezquitan-country?agent=javier373&lang=es
Guadalajara,Departamento,VENTA,9069300,"Departamento en PREVENTA en Providencia TORRE RIO Italia Providencia, Guadal",2.0,2.0,108.41,https://www.aciertamax.com/property/en-preventa-departamento-tipo-loft-doble-altura-colonia-americana?agent=javier373&lang=es
Guadalajara,Casa,VENTA,9000000,"Casa en venta en Jardines de los Arcos Jardines de los Arcos, Guadal",4.0,3.0,331,https://www.aciertamax.com/property/casa-en-jardines-de-los-arcos-6f4eca04-5a5d-41b5-8b78-87b7a9fdab37?agent=javier373&lang=es
Guadalajara,Casa,VENTA,9000000,,4.0,3.0,290,https://www.aciertamax.com/property/casa-en-venta-colonia-americana-guadalajara-jalisco-americana-guadalajara?agent=javier373&lang=es
Guadalajara,Departamento,VENTA,9000000,,2.0,2.0,135,https://www.aciertamax.com/property/departamentos-en-preventa-de-una-dos-y-tres-recamaras-corazon-de-providencia?agent=javier373&lang=es
Guadalajara,Departamento,VENTA,8990000,Departamento de Lujo en Venta con Vista al Golf | Country Club Guadalajara Country C,2.0,2.0,139,https://www.aciertamax.com/property/departamento-en-venta-en-country-club-torre-enalta?agent=javier373&lang=es
Guadalajara,Departamento,VENTA,8850000,"Departamento en venta, COL. AMERICANA OLIVA RESIDENCIAL Americana, Guadalaja",3.0,3.0,175,https://www.aciertamax.com/property/departamento-en-venta-col-americana-oliva-residencial?agent=javier373&lang=es
Guadalajara,Departamento,VENTA,8827875,,2.0,2.0,159,https://www.aciertamax.com/property/amplios-departamentos-col-americana?agent=javier373&lang=es
Guadalajara,Departamento,VENTA,8800000,,2.0,2.0,120,https://www.aciertamax.com/property/departamentos-pre-venta-zona-country-de-2-recamaras-country-club?agent=javier373&lang=es
Guadalajara,Casa,VENTA,8800000,"Casa en venta Jardines del country Guadalajara Jardines del Country,",3.0,2.0,363.2,https://www.aciertamax.com/property/casa-en-venta-jardines-del-country-guadalajara-jardines-del-country?agent=javier373&lang=es
Guadalajara,Casa,VENTA,8799900,Casa nueva en venta  en Jardines del Bosque Guadalajara Jardines del Bosqu,3.0,2.0,208,https://www.aciertamax.com/property/casas-en-preventa-en-jardines-del-bosque-guadalajara-jardines-del-bosque-centro-guadalajara?agent=javier373&lang=es
Guadalajara,Casa en condominio,VENTA,8799900,"Casa en PREVENTA en Jardines del Bosque Jardines del Bosque Centro,",3.0,2.0,187,https://www.aciertamax.com/property/casa-en-preventa-en-jardines-del-bosque-jardines-del-bosque-centro-guadalajara?agent=javier373&lang=es
Guadalajara,Casa,VENTA,8790000,,9.0,2.0,300,https://www.aciertamax.com/property/casa-en-venta-ladron-de-guevara-187f89c4-234b-40bc-839e-19a1bb39e1d3?agent=javier373&lang=es
Guadalajara,Departamento,VENTA,8700000,"Departamento en venta Providencia Providencia 3a Secc, Guadalajara Departame",3.0,2.0,122.3,https://www.aciertamax.com/property/departamento-en-venta-providencia-7725fb36-fcbb-4913-93ee-5911537a4596?agent=javier373&lang=es
Guadalajara,Casa,VENTA,8700000,"Casa en Venta en la Colonia Independencia Independencia, Guadalajara",13.0,4.0,407.87,https://www.aciertamax.com/property/casa-en-venta-en-la-colonia-independencia-ed76c562-129d-4b26-adaf-e2d35e90ca6f?agent=javier373&lang=es
Guadalajara,Departamento,VENTA,8680000,,2.0,2.0,130,https://www.aciertamax.com/property/departamento-a-estrenar-torre-latitud-venta?agent=javier373&lang=es
Guadalajara,Casa,VENTA,8669200,Casa en Venta en Jardines del Bosque Guadalajara Jardines del Bosque,3.0,3.0,205,https://www.aciertamax.com/property/casa-en-venta-en-jardines-del-bosque-guadalajara-4de4a8b1-4c82-4bdd-9d42-35e94c6c35a4?agent=javier373&lang=es
Guadalajara,Departamento,VENTA,8669200,"Departamento de 3 niveles en Jardines del Bosque Guadalajara Jardines del Bosque Centro,",3.0,2.0,206,https://www.aciertamax.com/property/departamento-de-3-niveles-en-jardines-del-bosque-guadalajara?agent=javier373&lang=es
Guadalajara,Casa,VENTA,8669200,Casa en Venta en Jardines del Bosque Guadalajara Jardines del Bosque,3.0,3.0,205,https://www.aciertamax.com/property/casa-en-venta-en-jardines-del-bosque-guadalajara-2a02d250-7320-4ab9-ac7e-8390c9f3ac71?agent=javier373&lang=es
Guadalajara,Casa en condominio,VENTA,8654100,Casa NUEVA en venta en Jardines del Bosque Guadalajara Jardines del Bosque,3.0,2.0,205,https://www.aciertamax.com/property/casa-nueva-en-venta-en-jardines-del-bosque-guadalajara-jardines-del-bosque-centro?agent=javier373&lang=es
Guadalajara,Departamento,VENTA,8628375,"Departamento de lujo en venta en Colonia Americana | Oliva Residence Americana, Guad",2.0,2.0,155,https://www.aciertamax.com/property/departamento-de-lujo-en-venta-en-colonia-americana-oliva-residence?agent=javier373&lang=es
Guadalajara,Departamento,VENTA,8628000,,2.0,2.0,155,https://www.aciertamax.com/property/en-venta-departamento-2-recamaras-colonia-americana?agent=javier373&lang=es
Guadalajara,Casa,VENTA,8600000,"Casa remodelada en venta estadio Jalisco Independencia, Guadalajara Casa 13 rec",13.0,4.0,407,https://www.aciertamax.com/property/casa-remodelada-en-venta-estadio-jalisco?agent=javier373&lang=es
Guadalajara,Casa,VENTA,8500000,,3.0,3.0,234,https://www.aciertamax.com/property/venta-casa-a-pie-de-calle-monraz?agent=javier373&lang=es
Guadalajara,Departamento,VENTA,8500000,,2.0,2.0,141,https://www.aciertamax.com/property/departamento-renta-amueblado-alara-montevideo?agent=javier373&lang=es
Guadalajara,Departamento,VENTA,8500000,,2.0,2.0,141,https://www.aciertamax.com/property/departamento-amueblado-renta-y-venta-torre-alara-montevideo?agent=javier373&lang=es
Guadalajara,Departamento,VENTA,8500000,Departamento en venta piso alto en  Central Park Guadalajara Vallarta San Jo,2.0,2.0,131,https://www.aciertamax.com/property/departamento-amueblado-central-park-en-guadalajara?agent=javier373&lang=es
Guadalajara,Departamento,VENTA,8500000,,4.0,4.0,206,https://www.aciertamax.com/property/departamento-amueblado-en-renta-en-torre-montmartre?agent=javier373&lang=es
Guadalajara,Casa,VENTA,8400000,,5.0,6.0,600,https://www.aciertamax.com/property/residencia-de-tres-niveles-en-bosques-de-la-victoria-con-amplios-espacios-49c110d7-3657-4d09-b1f4-1c54d5dbad13?agent=javier373&lang=es
Guadalajara,Departamento,VENTA,8400000,"Departamento en Venta, Amerittania en Justo Sierra Ladrón de Guevara, Guadal",3.0,2.0,157,https://www.aciertamax.com/property/departaento-en-venta-amerittania-en-justo-sierra?agent=javier373&lang=es
Guadalajara,Departamento,VENTA,8400000,"Departamento en renta chapultepec Ladrón de Guevara, Guadalajara Departament",3.0,2.0,157,https://www.aciertamax.com/property/departamento-en-renta-chapultepec-ladron-de-guevara?agent=javier373&lang=es
Guadalajara,Departamento,VENTA,8380000,"Departamento en Venta Espacio Minerva Vallarta Norte, Guadalajara Departamen",3.0,4.0,161,https://www.aciertamax.com/property/departamento-en-venta-la-minerva?agent=javier373&lang=es
Guadalajara,Departamento,VENTA,8300000,,3.0,3.0,185,https://www.aciertamax.com/property/departamento-en-venta-de-3-recamaras-de-oportunidad?agent=javier373&lang=es
Guadalajara,Departamento,VENTA,8225000,Departamento en venta en Renzo Tower Frente a Centro Magno Guadalajara Arcos,2.0,2.0,115,https://www.aciertamax.com/property/departamento-en-venta-en-renzo-tower-frente-a-centro-magno-guadalajara?agent=javier373&lang=es
Guadalajara,Departamento,VENTA,8200000,,2.0,2.0,135,https://www.aciertamax.com/property/torre-me-mar-egeo-country-club?agent=javier373&lang=es
Guadalajara,Casa,VENTA,8200000,"Casa en venta Vallarta Poniente, Guadalajara Casa 3 recámaras, 2 bañ",3.0,2.0,291,https://www.aciertamax.com/property/casa-en-venta-vallarta-poniente-guadalajara?agent=javier373&lang=es
Guadalajara,Departamento,VENTA,8200000,,2.0,2.0,104,https://www.aciertamax.com/property/departamento-de-lujo-penthouse-nivel-12-artea-providencia-zona-financiera?agent=javier373&lang=es
Guadalajara,Departamento,VENTA,8125000,"Departamento en venta 2 habitaciones y estudio Country Club Country Club, Gu",2.0,2.0,125,https://www.aciertamax.com/property/departamento-nuevo-en-venta-country-club-guadalajara-country-club?agent=javier373&lang=es
Guadalajara,Departamento,VENTA,8120000,Departamento en venta en Providencia | Torre Brasilia | Guadalajara Colomos,2.0,3.0,120,https://www.aciertamax.com/property/departamento-en-venta-en-providencia-torre-brasilia-guadalajara?agent=javier373&lang=es
Guadalajara,Departamento,VENTA,8120000,,2.0,2.0,138.8,https://www.aciertamax.com/property/penthouse-nuevo-en-venta-en-torre-torret-providencia-guadalajara?agent=javier373&lang=es
Guadalajara,Departamento,VENTA,8100000,,2.0,2.0,138.88,https://www.aciertamax.com/property/penthouse-en-venta-en-prados-providencia?agent=javier373&lang=es
Guadalajara,Departamento,VENTA,8033000,Departamento en venta  Avila Camacho y Enrique Diaz de León Mezquitan Countr,3.0,2.0,114,https://www.aciertamax.com/property/departamento-en-venta-entre-avila-camacho-y-enrique-diaz-de-leon-mezquitan-country-guadalajara?agent=javier373&lang=es
Guadalajara,Departamento,VENTA,8000000,,1.0,2.0,82.21,https://www.aciertamax.com/property/tu-depa-en-sao-paulo?agent=javier373&lang=es
Guadalajara,Departamento,VENTA,7998000,Departamento nuevo en venta en planta baja en Zona Minerva Torre LUXIA Vallarta No,2.0,2.0,118.92,https://www.aciertamax.com/property/departamento-nuevo-en-venta-en-planta-baja-en-zona-minerva?agent=javier373&lang=es
Guadalajara,Casa,VENTA,7950000,"Casa en venta Capilla de Jesus Guadalajara Capilla de Jesús, Guadala",4.0,3.0,322.26,https://www.aciertamax.com/property/casa-en-venta-capilla-de-jesus-guadalajara?agent=javier373&lang=es
Guadalajara,Casa,VENTA,7900000,,3.0,2.0,165,https://www.aciertamax.com/property/casa-en-venta-vallarta-sur-6952e716-9fe2-4cbe-9cb3-2e857cc59015?agent=javier373&lang=es
Guadalajara,Departamento,VENTA,7900000,"Departamento de Lujo en Venta | Torre MM | Country Club | Guadalajara Country Club,",2.0,2.0,92,https://www.aciertamax.com/property/departamento-de-lujo-en-venta-torre-mm-country-club-guadalajara?agent=javier373&lang=es
Guadalajara,Departamento,VENTA,7900000,,2.0,2.0,108,https://www.aciertamax.com/property/departamento-de-2-recamaras-en-providencia?agent=javier373&lang=es
Guadalajara,Casa,VENTA,7900000,"Casa en venta, VALLARTA SUR Vallarta Sur, Guadalajara Casa 4 recámar",4.0,3.0,250,https://www.aciertamax.com/property/casa-en-venta-vallarta-sur-vallarta-sur-guadalajara?agent=javier373&lang=es
Guadalajara,Casa,VENTA,7850000,,4.0,2.0,175,https://www.aciertamax.com/property/casa-para-invertir-oportunidad-de-negocio-flipping-30025bda-c44e-4256-9480-6fb23413a0ea?agent=javier373&lang=es
Guadalajara,Departamento,VENTA,7822500,"Departamento a la venta en Elysian High Country, Country Club Country Club, Guadalajara",3.0,3.0,104.3,https://www.aciertamax.com/property/departamento-nuevo-a-la-renta-en-elysian-high-country-colomos-providencia-colomos-providencia-guadalajara?agent=javier373&lang=es
Guadalajara,Departamento,VENTA,7815000,Departamento Nuevo en Venta en Providencia | Torre Siena 2 recámaras | GDL Prados,2.0,2.0,99,https://www.aciertamax.com/property/departamento-nuevo-en-venta-en-providencia-torre-siena-2-recamaras-gdl?agent=javier373&lang=es
Guadalajara,Casa,VENTA,7800000,"Casa en Venta Jardines de los Arcos Jardines de los Arcos, Guadalaja",3.0,3.0,254,https://www.aciertamax.com/property/casa-en-venta-jardines-de-los-arcos-jardines-de-los-arcos?agent=javier373&lang=es
Guadalajara,Departamento,VENTA,7800000,"Casa en Venta Jardines de los Arcos Jardines de los Arcos, Guadalaja",3.0,3.0,254,https://www.aciertamax.com/property/preventa-departamentos-en-providencia-veneciana-residences-italia-providencia?agent=javier373&lang=es
Guadalajara,Departamento,VENTA,7800000,"Casa en Venta Jardines de los Arcos Jardines de los Arcos, Guadalaja",3.0,3.0,254,https://www.aciertamax.com/property/inversionistas-se-vende-departamento-a-2-calles-de-plaza-del-sol?agent=javier373&lang=es
Guadalajara,Departamento,VENTA,7800000,,2.0,2.0,112,https://www.aciertamax.com/property/departamento-a-estrenar-alara-montevideo?agent=javier373&lang=es
Guadalajara,Departamento,VENTA,7749000,,3.0,2.0,123,https://www.aciertamax.com/property/departamento-3-recamaras-en-venta-col-americana-renzo-towers?agent=javier373&lang=es
Guadalajara,Casa en condominio,VENTA,7650000,"Casa en venta El Manantial, Tlajomulco de Zuñiga El Manantial, Guada",4.0,3.0,252,https://www.aciertamax.com/property/casa-en-venta-en-fresno-el-manantial-los-gavilanes?agent=javier373&lang=es
Guadalajara,Casa,VENTA,7600000,"Casa en Venta jardines de la Cruz; uso de suelo mixto, ideal para ne",2.0,2.0,273,https://www.aciertamax.com/property/casa-en-venta-col-bosques-de-la-victoria-espacio-y-comodidad-entrega-inmediata?agent=javier373&lang=es
Guadalajara,Departamento,VENTA,7600000,"Casa en Venta jardines de la Cruz; uso de suelo mixto, ideal para ne",2.0,2.0,273,https://www.aciertamax.com/property/departamento-en-venta-en-torre-boutique-italia-providencia-italia-providencia-guadalajara?agent=javier373&lang=es
Guadalajara,Departamento,VENTA,7600000,"Casa en Venta jardines de la Cruz; uso de suelo mixto, ideal para ne",2.0,2.0,273,https://www.aciertamax.com/property/departamento-en-venta-en-torre-boutique-italia-providencia-italia-providencia?agent=javier373&lang=es
Guadalajara,Departamento,VENTA,7600000,"Casa en Venta jardines de la Cruz; uso de suelo mixto, ideal para ne",2.0,2.0,273,https://www.aciertamax.com/property/departamento-en-venta-en-torre-boutique-italia-providencia?agent=javier373&lang=es
Guadalajara,Departamento,VENTA,7600000,"Casa en Venta jardines de la Cruz; uso de suelo mixto, ideal para ne",2.0,2.0,273,https://www.aciertamax.com/property/departamento-en-venta-sobre-avila-camacho-mezquitan-country-mezquitan-country-guadalajara?agent=javier373&lang=es
Guadalajara,Departamento,VENTA,7600000,"Casa en Venta jardines de la Cruz; uso de suelo mixto, ideal para ne",2.0,2.0,273,https://www.aciertamax.com/property/departamento-en-venta-sobre-avila-camacho-mezquitan-country-mezquitan-country?agent=javier373&lang=es
Guadalajara,Departamento,VENTA,7600000,"Casa en Venta jardines de la Cruz; uso de suelo mixto, ideal para ne",2.0,2.0,273,https://www.aciertamax.com/property/departamento-en-venta-sobre-avila-camacho-mezquitan-country?agent=javier373&lang=es
Guadalajara,Departamento,VENTA,7600000,"Casa en Venta jardines de la Cruz; uso de suelo mixto, ideal para ne",2.0,2.0,273,https://www.aciertamax.com/property/departamento-en-preventa-en-providencia-5435cf7f-2a9d-493f-b395-9ea4f098c0d2?agent=javier373&lang=es
Guadalajara,Departamento,VENTA,7600000,"Casa en Venta jardines de la Cruz; uso de suelo mixto, ideal para ne",2.0,2.0,273,https://www.aciertamax.com/property/departamento-en-venta-en-avila-leon-mezquitan-country?agent=javier373&lang=es
Guadalajara,Departamento,VENTA,7600000,"Casa en Venta jardines de la Cruz; uso de suelo mixto, ideal para ne",2.0,2.0,273,https://www.aciertamax.com/property/departamento-en-preventa-en-providencia-providencia-3a-secc-departamento?agent=javier373&lang=es
Guadalajara,Casa,VENTA,7600000,"Casa en venta en Colonia Independencia Independencia, Guadalajara Ca",4.0,4.0,360,https://www.aciertamax.com/property/casa-en-venta-en-colonia-independencia-4ad0e71a-2ca4-409a-a5c1-8ccee272656e?agent=javier373&lang=es
Guadalajara,Departamento,VENTA,7599000,,3.0,3.0,150,https://www.aciertamax.com/property/departamento-en-venta-torre-marmara?agent=javier373&lang=es
Guadalajara,Departamento,VENTA,7549000,"Departamento en Venta, Mármara Country | 3 Recámaras en Lomas del Country Lo",3.0,2.0,125,https://www.aciertamax.com/property/departamento-en-venta-en-marmara-country-lomas-del-country?agent=javier373&lang=es
Guadalajara,Departamento,VENTA,7539000,"Departamentos en VENTA en TORRE ATENA Americana, Guadalajara Departamento 2 r",2.0,2.0,114,https://www.aciertamax.com/property/departamentos-en-venta-en-torre-atena?agent=javier373&lang=es
Guadalajara,Departamento,VENTA,7538401,,2.0,2.0,115,https://www.aciertamax.com/property/estrena-depa-en-col-americana-con-amplia-terraza?agent=javier373&lang=es
Guadalajara,Departamento,VENTA,7500000,,3.0,2.0,124.91,https://www.aciertamax.com/property/pent-house-en-venta-en-providencia-providencia-4a-secc?agent=javier373&lang=es
Guadalajara,Casa en condominio,VENTA,7500000,"Casa en condominio 3 recámaras, 3 baños 166 m² Ver detalles",3.0,3.0,166,https://www.aciertamax.com/property/casa-venta-en-pablo-neruda?agent=javier373&lang=es
Guadalajara,Departamento,VENTA,7500000,,,,,https://www.aciertamax.com/property/excelentes-departamentos-en-pre-venta-country-club?agent=javier373&lang=es
Guadalajara,Departamento,VENTA,7500000,,2.0,2.0,117.9,https://www.aciertamax.com/property/hermoso-departamento-en-venta-en-providencia-colomos-providencia-guadalajara?agent=javier373&lang=es
Guadalajara,Casa,VENTA,7495000,"Casa en Jardines del Bosque Jardines del Bosque Centro, Guadalajara",4.0,4.0,450,https://www.aciertamax.com/property/venta-de-casa-en-jardines-del-bosque-jardines-del-bosque-centro-casa?agent=javier373&lang=es
Guadalajara,Casa,VENTA,7490000,,5.0,4.0,326,https://www.aciertamax.com/property/casa-venta-san-andres-san-rafael?agent=javier373&lang=es
Guadalajara,Departamento,VENTA,7450000,"Departamento en Punto Sao Paulo Colomos Providencia, Guadalajara Departament",2.0,2.0,88,https://www.aciertamax.com/property/rento-departamento-punto-sao-paulo?agent=javier373&lang=es
Guadalajara,Departamento,VENTA,7434000,,2.0,2.0,121.9,https://www.aciertamax.com/property/bosque-satelite-departamento-8-tipo-c1-con-terraza-jardines-del-bosque-centro?agent=javier373&lang=es
Guadalajara,Departamento,VENTA,7380360,,2.0,2.0,107.9,https://www.aciertamax.com/property/departamento-en-venta-jardines-del-bosque-guadalajara-cau?agent=javier373&lang=es
Guadalajara,Departamento,VENTA,7310000,"Departamento nuevo en venta en Providencia Providencia 4a Secc, Guadalajara Depart",2.0,2.0,99,https://www.aciertamax.com/property/departamento-nuevo-en-venta-en-providencia-providencia-4a-secc-guadalajara?agent=javier373&lang=es
Guadalajara,Departamento,VENTA,7300000,Departamento en Venta en Arcos Vallarta | Terraza Amplia | 2 recámaras Arcos,2.0,2.0,129,https://www.aciertamax.com/property/departamento-en-venta-en-arcos-vallarta-terraza-amplia-2-recamaras?agent=javier373&lang=es
Guadalajara,Departamento,VENTA,7300000,"Departamento en venta en Circunvalación Vallarta Circunvalación Vallarta, Gu",2.0,2.0,109,https://www.aciertamax.com/property/departamento-en-venta-en-circunvalacion-vallarta-circunvalacion-vallarta-guadalajara?agent=javier373&lang=es
Guadalajara,Casa,VENTA,7250000,,3.0,3.0,220,https://www.aciertamax.com/property/casa-venta-arcos-guadalupe-jardines-chapalita?agent=javier373&lang=es
Guadalajara,Departamento,VENTA,7246800,,2.0,3.0,136.1,https://www.aciertamax.com/property/bosque-satelite-departamento-10-tipo-e-con-cuarto-de-servicio?agent=javier373&lang=es
Guadalajara,Departamento,VENTA,7236075,,2.0,2.0,145,https://www.aciertamax.com/property/exclusivo-departamento-en-6-nivel-de-soho-5220-2-recamaras-entrega-inmediata?agent=javier373&lang=es
Guadalajara,Departamento,VENTA,7200000,,2.0,2.0,110,https://www.aciertamax.com/property/increible-departamento-en-venta-en-providencia-providencia-1a-secc?agent=javier373&lang=es
Guadalajara,Departamento,VENTA,7200000,,2.0,2.0,78,https://www.aciertamax.com/property/estrena-departamento-en-sao-paulo-urbano-zona-financiera-guadalajara?agent=javier373&lang=es
Guadalajara,Departamento,VENTA,7157000,"Departamento 2 recámaras en Zona del Country Country Club, Guadalajara Departamento 2 re",2.0,2.0,110.7,https://www.aciertamax.com/property/exclusivo-departamento-3-recamaras-en-zona-del-country?agent=javier373&lang=es
Guadalajara,Departamento,VENTA,7150000,Departamento de 3 Recámaras en Torre Santora | En el Corazón de Arcos Vallarta Ladrón de Gu,3.0,2.0,116.04,https://www.aciertamax.com/property/depa-santora?agent=javier373&lang=es
Guadalajara,Departamento,VENTA,7150000,,2.0,2.0,109,https://www.aciertamax.com/property/extraordinario-depa-en-providencia-torre-prava?agent=javier373&lang=es
Guadalajara,Departamento,VENTA,7100000,"Departamento en Colomos Providencia Colomos Providencia, Guadalajara Departa",3.0,2.0,168,https://www.aciertamax.com/property/se-vende-departamento-en-colomos-providencia-colomos-providencia?agent=javier373&lang=es
Guadalajara,Departamento,VENTA,7100000,"Departamento en el Country Club Country Club, Guadalajara Departamento 2 rec",2.0,2.0,104,https://www.aciertamax.com/property/departamento-en-el-country-club-71b22500-1380-47fc-8ac9-63bc9cf65de1?agent=javier373&lang=es
Guadalajara,Departamento,VENTA,7047500,"Departamento en preventa en el Country Mezquitan Country, Guadalaj",1.0,1.0,86,https://www.aciertamax.com/property/torre-rio-providencia-guadalajara-providencia-1a-secc?agent=javier373&lang=es
Guadalajara,Departamento,VENTA,7047500,"Departamento en preventa en el Country Mezquitan Country, Guadalaj",1.0,1.0,86,https://www.aciertamax.com/property/torre-rio-providencia-guadalajara?agent=javier373&lang=es
Guadalajara,Departamento,VENTA,7047500,"Departamento en preventa en el Country Mezquitan Country, Guadalaj",1.0,1.0,86,https://www.aciertamax.com/property/departamento-en-preventa-en-el-country?agent=javier373&lang=es
Guadalajara,Departamento,VENTA,7047500,"Departamento en preventa en el Country Mezquitan Country, Guadalaj",1.0,1.0,86,https://www.aciertamax.com/property/pre-venta-de-departamentos-en-providencia?agent=javier373&lang=es
Guadalajara,Departamento,VENTA,7047500,"Departamento en preventa en el Country Mezquitan Country, Guadalaj",1.0,1.0,86,https://www.aciertamax.com/property/departamento-en-pre-venta-en-providencia-providencia-1a-secc-departamento?agent=javier373&lang=es
Guadalajara,Departamento,VENTA,7036300,,2.0,2.0,83,https://www.aciertamax.com/property/preventa-italia-providencia-depas-exclusivos-alta-plusvalia-cerca-de-midto-italia-providencia?agent=javier373&lang=es
Guadalajara,Casa,VENTA,7000000,,6.0,5.0,400,https://www.aciertamax.com/property/excelente-ubicacion-casa-amplia-col-monumental-80c84335-9be1-4a2c-b086-c1e946111ee7?agent=javier373&lang=es
Guadalajara,Departamento,VENTA,7000000,"Departamento en venta con ubicación privilegiada Circunvalación Vallarta, Gu",2.0,2.0,105,https://www.aciertamax.com/property/departamento-con-excelente-ubicacion-en-venta-circunvalacion-vallarta?agent=javier373&lang=es
Guadalajara,Departamento,VENTA,6992400,"Departamento Tipo TOWNHOUSE  en ORZA LOFT | Planta Baja Moderna, Guadalajara Departamento 1",3.0,2.0,101.8,https://www.aciertamax.com/property/departamento-2-recamaras-en-barranquilla-2964-colomos-providencia?agent=javier373&lang=es
Guadalajara,Departamento,VENTA,6992400,"Departamento Tipo TOWNHOUSE  en ORZA LOFT | Planta Baja Moderna, Guadalajara Departamento 1",3.0,2.0,101.8,https://www.aciertamax.com/property/preventa-departamentos-nuvo-montevideo-3-recamaras?agent=javier373&lang=es
Guadalajara,Departamento,VENTA,6992400,"Departamento Tipo TOWNHOUSE  en ORZA LOFT | Planta Baja Moderna, Guadalajara Departamento 1",3.0,2.0,101.8,https://www.aciertamax.com/property/daiku-americana-departamento-totalmente-amueblado-y-equipado?agent=javier373&lang=es
Guadalajara,Departamento,VENTA,6992400,"Departamento Tipo TOWNHOUSE  en ORZA LOFT | Planta Baja Moderna, Guadalajara Departamento 1",3.0,2.0,101.8,https://www.aciertamax.com/property/departamento-en-preventa-torre-fauna-tipo-estudio?agent=javier373&lang=es
Guadalajara,Departamento,VENTA,6992400,"Departamento Tipo TOWNHOUSE  en ORZA LOFT | Planta Baja Moderna, Guadalajara Departamento 1",3.0,2.0,101.8,https://www.aciertamax.com/property/departamento-en-preventa-torre-fauna-2-recamaras?agent=javier373&lang=es
Guadalajara,Departamento,VENTA,6992400,"Departamento Tipo TOWNHOUSE  en ORZA LOFT | Planta Baja Moderna, Guadalajara Departamento 1",3.0,2.0,101.8,https://www.aciertamax.com/property/departamento-en-preventa-en-country-club-lomas-del-country?agent=javier373&lang=es
Guadalajara,Departamento,VENTA,6990000,"Departamento de lujo en venta en Colomos Providencia Colomos Providencia, Guadalajar",1.0,1.0,90,https://www.aciertamax.com/property/departamento-de-lujo-en-venta-en-colomos-providencia-colomos-providencia-guadalajara?agent=javier373&lang=es
Guadalajara,Casa,VENTA,6980000,,4.0,4.0,185,https://www.aciertamax.com/property/casa-en-independencia-978a8d68-e227-4a04-8d68-02e8257877bd?agent=javier373&lang=es
Guadalajara,Departamento,VENTA,6950000,"Departamento en venta en Zona Minerva - Espacio Yaquis Vallarta San Jorge, G",2.0,2.0,110.39,https://www.aciertamax.com/property/excelente-departamento-en-venta-en-espacio-yaquis-a-unas-cuadras-de-la-minerva?agent=javier373&lang=es
Guadalajara,Casa,VENTA,6950000,,,,532,https://www.aciertamax.com/property/clinica-en-venta-en-colonia-miravalle?agent=javier373&lang=es
Guadalajara,Departamento,VENTA,6950000,,2.0,2.0,108,https://www.aciertamax.com/property/departamento-en-venta-col-arcos-vallarta-arcos-vallarta?agent=javier373&lang=es
Guadalajara,Departamento,VENTA,6947400,"Departamento nuevo en venta Zona Minerva (Luxia Ares) Vallarta San Jorge, Guadalaj",2.0,2.0,85.78,https://www.aciertamax.com/property/departamento-nuevo-en-venta-zona-minerva?agent=javier373&lang=es
Guadalajara,Departamento,VENTA,6900000,"Departamento en venta Av. Lopez Cotilla, colonia Americana Americana, Guadal",2.0,2.0,103,https://www.aciertamax.com/property/departamento-en-venta-av-lopez-cotilla-colonia-americana?agent=javier373&lang=es
Guadalajara,Departamento,VENTA,6900000,,2.0,2.0,133,https://www.aciertamax.com/property/departamento-con-la-mejor-ubicacion-zona-centro-magno-y-la-americana?agent=javier373&lang=es
Guadalajara,Casa,VENTA,6900000,"Casa en venta, Zona Centro de Guadalajara Guadalajara Centro, Guadal",7.0,3.0,475,https://www.aciertamax.com/property/casa-en-venta-zona-centro-de-guadalajara-guadalajara-centro-casa?agent=javier373&lang=es
Guadalajara,Departamento,VENTA,6899000,"Departamento en venta en Colomos Providencia Brasilia Colomos Providencia, G",2.0,2.0,102.67,https://www.aciertamax.com/property/departamento-en-venta-en-colomos-providencia-brasilia?agent=javier373&lang=es
Guadalajara,Departamento,VENTA,6882000,"Departamento en Venta en Colonia Ladrón de Guevara, Guadalajara, Jalisco Arc",1.0,1.0,97,https://www.aciertamax.com/property/departamento-en-venta-en-colonia-ladron-de-guevara-guadalajara-jalisco-arcos?agent=javier373&lang=es
Guadalajara,Departamento,VENTA,6882000,"Departamentos en ZONA DEL COUNTRY CLUB Country Club, Guadalajara Departamento",2.0,2.0,75.45,https://www.aciertamax.com/property/exclusivos-departamentos-en-zona-del-country-club?agent=javier373&lang=es
Guadalajara,Departamento,VENTA,6868425,,1.0,2.0,94,https://www.aciertamax.com/property/preventa-italia-providencia-depas-exclusivos-alta-plusvalia-cerca-de-midto?agent=javier373&lang=es
Guadalajara,Departamento,VENTA,6850000,"Departamento en venta en Providencia Providencia 1a Secc, Guadalajara Depart",2.0,2.0,110,https://www.aciertamax.com/property/departamento-en-venta-en-providencia-dce317ac-67c6-4eda-a1bc-edbb512bab1b?agent=javier373&lang=es
Guadalajara,Departamento,VENTA,6820000,"Departamento en Venta – Puerta Providencia Circunvalación Vallarta, Guadalaj",2.0,2.0,108,https://www.aciertamax.com/property/departamento-puerta-providencia-amueblado?agent=javier373&lang=es
Guadalajara,Departamento,VENTA,6800000,"Departamento en Venta amueblado en Justo Sierra Ladrón de Guevara, Guadalaja",1.0,1.0,118,https://www.aciertamax.com/property/departamento-en-venta-amueblado-en-justo-sierra?agent=javier373&lang=es
Guadalajara,Departamento,VENTA,6775700,,1.0,1.0,86,https://www.aciertamax.com/property/tu-nuevo-nivel-de-vida-empieza-aqui?agent=javier373&lang=es
Guadalajara,Departamento,VENTA,6751578,"Departamento en venta en Warhol Providencia (Colomos) Colomos Providencia, G",2.0,2.0,93,https://www.aciertamax.com/property/departamento-en-venta-en-warhol-providencia-colomos?agent=javier373&lang=es
Guadalajara,Departamento,VENTA,6751578,"Departamento en venta en Warhol Providencia (Colomos) Colomos Providencia, G",2.0,2.0,93,https://www.aciertamax.com/property/optima-preventa-de-departamentos?agent=javier373&lang=es
Guadalajara,Departamento,VENTA,6751578,"Departamento en venta en Warhol Providencia (Colomos) Colomos Providencia, G",2.0,2.0,93,https://www.aciertamax.com/property/departamentos-en-preventa-artesanos?agent=javier373&lang=es
Guadalajara,Departamento,VENTA,6751578,"Departamento en venta en Warhol Providencia (Colomos) Colomos Providencia, G",2.0,2.0,93,https://www.aciertamax.com/property/casas-en-preventa-en-jardines-del-bosque-guadalajara-jardines-del-bosque-centro?agent=javier373&lang=es
Guadalajara,Departamento,VENTA,6751578,"Departamento en venta en Warhol Providencia (Colomos) Colomos Providencia, G",2.0,2.0,93,https://www.aciertamax.com/property/departamento-en-venta-mezquitan-mezquitan?agent=javier373&lang=es
Guadalajara,Departamento,VENTA,6750000,,2.0,2.0,93,https://www.aciertamax.com/property/depa-a-estrenar-en-colomos-providencia-colomos-providencia?agent=javier373&lang=es
Guadalajara,Casa,VENTA,6750000,"Casa en Venta zona Lafayette Lafayette, Guadalajara Casa 4 recámaras",4.0,2.0,220.74,https://www.aciertamax.com/property/casa-en-venta-zona-la-fayette-lafayette?agent=javier373&lang=es
Guadalajara,Departamento,VENTA,6749000,,1.0,1.0,54,https://www.aciertamax.com/property/haz-realidad-el-estilo-de-vida-que-imaginaste-veq-asuncion-providencia?agent=javier373&lang=es
Guadalajara,Departamento,VENTA,6749000,,1.0,1.0,54,https://www.aciertamax.com/property/vive-donde-la-ciudad-vibra-y-la-tranquilidad-te-abraza-veq-severo-diaz?agent=javier373&lang=es
Guadalajara,Departamento,VENTA,6749000,,1.0,1.0,54,https://www.aciertamax.com/property/departamentos-en-preventa-providencia-guadalajara-jal?agent=javier373&lang=es
Guadalajara,Departamento,VENTA,6749000,,1.0,1.0,54,https://www.aciertamax.com/property/preventa-de-departamentos-excelente?agent=javier373&lang=es
Guadalajara,Departamento,VENTA,6749000,,1.0,1.0,54,https://www.aciertamax.com/property/departamento-modelo-c100m2-torre-tria?agent=javier373&lang=es
Guadalajara,Departamento,VENTA,6700000,"Departamento en VENTA! Americana, Guadalajara Departamento 2 recámaras, 1 ba",2.0,1.0,,https://www.aciertamax.com/property/excelente-departamento-en-venta-americana?agent=javier373&lang=es
Guadalajara,Departamento,VENTA,6700000,"Departamento en Venta, Colomos Providencia, Zapopan Colomos Providencia, Gua",2.0,3.0,103,https://www.aciertamax.com/property/departamento-en-venta-colomos-providencia-zapopan?agent=javier373&lang=es
Guadalajara,Casa,VENTA,6645000,,8.0,3.0,294,https://www.aciertamax.com/property/casa-de-oportunidad-en-venta-jardines-del-country?agent=javier373&lang=es
Guadalajara,Departamento,VENTA,6600000,Departamento en Venta Patria 2644 | Vista a Colomos |2 Recámaras y Amenidade,2.0,2.0,95,https://www.aciertamax.com/property/departamento-en-venta-patria-2644-vista-a-colomos-2-recamaras-y-amenidades?agent=javier373&lang=es
Guadalajara,Casa,VENTA,6600000,,5.0,3.0,330,https://www.aciertamax.com/property/casa-en-venta-col-libertad-9341bbdf-3370-4df8-ab1b-e55480d0374c?agent=javier373&lang=es
Guadalajara,Casa,VENTA,6550000,"Casa en venta, Col. San Andrés, Guadalajara, Jal. San Andrés, Guadal",3.0,2.0,341.6,https://www.aciertamax.com/property/casa-en-venta-col-san-andres-guadalajara-jal?agent=javier373&lang=es
Guadalajara,Departamento,VENTA,6542000,,1.0,2.0,75,https://www.aciertamax.com/property/departamento-en-sao-paulo-vertical-en-venta-providencia-1a-secc?agent=javier373&lang=es
Guadalajara,Departamento,VENTA,6539008,,3.0,2.0,99.68,https://www.aciertamax.com/property/departamento-en-venta-sobre-av-chapultepec-en-guadalajara-dc?agent=javier373&lang=es
Guadalajara,Departamento,VENTA,6528035,"Departamento nuevo en venta en la Colonia Moderna Moderna, Guadalajara Departament",2.0,2.0,76,https://www.aciertamax.com/property/departamento-nuevo-en-venta-en-la-colonia-moderna?agent=javier373&lang=es
Guadalajara,Departamento,VENTA,6520000,"Departamento en Venta Torre Tribeca en La Colonia Americana Obrera, Guadalaj",3.0,2.0,130,https://www.aciertamax.com/property/departamento-en-venta-torre-tribeca-en-la-colonia-americana?agent=javier373&lang=es
Guadalajara,Departamento,VENTA,6520000,"Departamento en Venta Torre Tribeca en La Colonia Americana Obrera, Guadalaj",3.0,2.0,130,https://www.aciertamax.com/property/departamentos-en-preventa-en-la-colonia-chapultepec-country?agent=javier373&lang=es
Guadalajara,Departamento,VENTA,6520000,"Departamento en Venta Torre Tribeca en La Colonia Americana Obrera, Guadalaj",3.0,2.0,130,https://www.aciertamax.com/property/departamentos-de-lujo-en-country-club-11b85b9e-8039-41d7-97a6-4608c5e046cf?agent=javier373&lang=es
Guadalajara,Departamento,VENTA,6520000,"Departamento en Venta Torre Tribeca en La Colonia Americana Obrera, Guadalaj",3.0,2.0,130,https://www.aciertamax.com/property/departamentos-de-lujo-en-country-club-848941cc-206d-415e-b727-591d6599c568?agent=javier373&lang=es
Guadalajara,Departamento,VENTA,6520000,"Departamento en Venta Torre Tribeca en La Colonia Americana Obrera, Guadalaj",3.0,2.0,130,https://www.aciertamax.com/property/en-preventa-departamentos-tipo-suite-av-mexico-vallarta-norte?agent=javier373&lang=es
Guadalajara,Casa,VENTA,6500000,"Casa en Venta en Jardines del Country, Guadalajara, Jalisco Jardines",4.0,3.0,323,https://www.aciertamax.com/property/casa-en-venta-en-jardines-del-country-guadalajara-jalisco-0ae0909b-a1b1-4930-b451-0e8508d9f26f?agent=javier373&lang=es
Guadalajara,Departamento,VENTA,6500000,"Departamento en venta, Sao Paulo Vertical Providencia 1a Secc, Guadalajara D",1.0,1.0,80,https://www.aciertamax.com/property/departamento-en-venta-sao-paulo-vertical-providencia-1a-secc?agent=javier373&lang=es
Guadalajara,Casa,VENTA,6500000,"Casa en venta en Jardines Alcalde Jardines Alcalde, Guadalajara Casa",6.0,2.0,235,https://www.aciertamax.com/property/casa-en-venta-en-jardines-alcalde-3d263d98-87ed-429f-a835-be928df59d98?agent=javier373&lang=es
Guadalajara,Departamento,VENTA,6500000,,2.0,2.0,110.39,https://www.aciertamax.com/property/departamento-en-venta-col-vallarta-san-jorge?agent=javier373&lang=es
Guadalajara,Casa,VENTA,6500000,,6.0,4.0,,https://www.aciertamax.com/property/casa-venta-santa-monica-santa-monica-guadalajara?agent=javier373&lang=es
Guadalajara,Departamento,VENTA,6450000,,1.0,2.0,107.41,https://www.aciertamax.com/property/departamento-en-venta-providencia-latitud-prados-de-providencia?agent=javier373&lang=es
Guadalajara,Departamento,VENTA,6450000,"Departamento en Puerta Providencia Smart Living Circunvalación Vallarta, Gua",2.0,2.0,106,https://www.aciertamax.com/property/departamento-en-puerta-providencia-smart-living-circunvalacion-vallarta?agent=javier373&lang=es
Guadalajara,Departamento,VENTA,6435000,,2.0,2.0,117,https://www.aciertamax.com/property/amplio-departamento-117-mts-2-recien-remodelado-en-chapultepec?agent=javier373&lang=es
Guadalajara,Casa,VENTA,6400000,"Casa en Venta – Jardines Alcalde Jardines Alcalde, Guadalajara Clave",3.0,2.0,204,https://www.aciertamax.com/property/casa-en-venta-jardines-alcalde-6cb712b2-4d02-4873-9a7a-1a3536650580?agent=javier373&lang=es
Guadalajara,Casa,VENTA,6380000,Casa en Venta en Fraccionamiento Paseo del Zoológico Huentitán El Al,3.0,3.0,210,https://www.aciertamax.com/property/casa-en-venta-en-fraccionamiento-paseo-del-zoologico?agent=javier373&lang=es
Guadalajara,Casa,VENTA,6370000,"Casa en Venta Jardines del Country, Guadalajara Casa 5 recámaras, 4",5.0,4.0,277,https://www.aciertamax.com/property/casa-en-venta-fec2eba2-e0e4-4596-8b83-184a8f7ff74e?agent=javier373&lang=es
Guadalajara,Departamento,VENTA,6366100,"Departamento nuevo en venta en Arcos Vallarta Arcos Vallarta, Guadalajara Departam",2.0,2.0,76,https://www.aciertamax.com/property/departamento-nuevo-en-venta-en-arcos-vallarta-601439a8-27f2-4ca6-8e25-c15646832bda?agent=javier373&lang=es
Guadalajara,Casa,VENTA,6350000,,7.0,5.0,401,https://www.aciertamax.com/property/casa-en-venta-en-colonia-artesanos-cerca-a-la-normal?agent=javier373&lang=es
Guadalajara,Departamento,VENTA,6316369,Departamentos en Pre Venta Jardines del Bosque - Celestia en Niños Héroes Jar,3.0,2.0,88,https://www.aciertamax.com/property/departamentos-en-pre-venta-celestia-ninos-heroes?agent=javier373&lang=es
Guadalajara,Departamento,VENTA,6250000,"Departamento en preventa en Ambienta 3070 | Modelo Mila Vallarta Norte, Guad",1.0,2.0,74.68,https://www.aciertamax.com/property/departamento-en-preventa-en-ambienta-3070-modelo-mila?agent=javier373&lang=es
Guadalajara,Departamento,VENTA,6200000,,2.0,2.0,120,https://www.aciertamax.com/property/cauda-residence-jardines-del-bosque-centro?agent=javier373&lang=es
Guadalajara,Departamento,VENTA,6200000,Departamentos de 2 Recámaras en NASHIRA RESIDENCIAL en PREVENTA en Providencia Italia Provid,2.0,2.0,109,https://www.aciertamax.com/property/departamentos-nashira-residencial-en-preventa-en-providencia?agent=javier373&lang=es
Guadalajara,Departamento,VENTA,6200000,Departamentos de 2 Recámaras en NASHIRA RESIDENCIAL en PREVENTA en Providencia Italia Provid,2.0,2.0,109,https://www.aciertamax.com/property/departamentos-en-preventa-horma-alto-en-zona-centro?agent=javier373&lang=es
Guadalajara,Departamento,VENTA,6200000,Departamentos de 2 Recámaras en NASHIRA RESIDENCIAL en PREVENTA en Providencia Italia Provid,2.0,2.0,109,https://www.aciertamax.com/property/departamentos-preventa-en-colonia-americana?agent=javier373&lang=es
Guadalajara,Departamento,VENTA,6200000,Departamentos de 2 Recámaras en NASHIRA RESIDENCIAL en PREVENTA en Providencia Italia Provid,2.0,2.0,109,https://www.aciertamax.com/property/departamento-en-preventa-rio-de-janeiro-providencia-413e9796-d862-4789-a855-d1ca4e520216?agent=javier373&lang=es
Guadalajara,Departamento,VENTA,6199000,"Departamento en Venta, Lomas del Country Country Club, Guadalajara Clave int",2.0,2.0,,https://www.aciertamax.com/property/departamento-en-venta-lomas-del-country-country-club?agent=javier373&lang=es
Guadalajara,Departamento,VENTA,6150000,Departamento en Venta en Sao Paulo Vertical – Providencia ✨ Providencia 1a S,2.0,2.0,67.4,https://www.aciertamax.com/property/departamento-en-venta-en-sao-paulo-vertical-providencia-providencia-1a-secc?agent=javier373&lang=es
Guadalajara,Departamento,VENTA,6150000,"Departamento en venta en Sao Paulo Vertical Providencia 1a Secc, Guadalajara",2.0,2.0,67.4,https://www.aciertamax.com/property/departamento-en-venta-en-sao-paulo-vertical-7818336f-3372-412f-b1b7-dc3f5881ec75?agent=javier373&lang=es
Guadalajara,Casa,VENTA,6150000,,3.0,2.0,225,https://www.aciertamax.com/property/casa-en-venta-jardines-del-bosque-guadalajara-jardines-del-bosque-norte-casa?agent=javier373&lang=es
Guadalajara,Departamento,VENTA,6064600,"Departamento a estrenar en Providencia Prados de Providencia, Guadalajara Departamento",2.0,2.0,82.4,https://www.aciertamax.com/property/departamento-a-estrenar-en-providencia-d99cece3-6a3a-4880-81ef-842710558d55?agent=javier373&lang=es
Guadalajara,Departamento,VENTA,6027800,"Departamento a estrenar en Providencia Prados de Providencia, Guadalajara Departamento",2.0,2.0,81.9,https://www.aciertamax.com/property/departamento-a-estrenar-en-providencia-prados-de-providencia-guadalajara?agent=javier373&lang=es
Guadalajara,Departamento,VENTA,6023868,"Departamento en venta en Prados Providencia Prados de Providencia, Guadalaja",1.0,1.0,78.98,https://www.aciertamax.com/property/departamento-en-venta-en-prados-providencia-9e1fb35e-c3fe-4d53-8612-f5f87e7b0d2d?agent=javier373&lang=es
Guadalajara,Departamento,VENTA,6004460,,1.0,1.0,77.98,https://www.aciertamax.com/property/exclusivo-departamento-en-venta-en-providencia-desarrollo-puerta-colomos-44c832f5-06a1-45a1-80ab-7aca952e47bf?agent=javier373&lang=es
Guadalajara,Casa,VENTA,6000000,,3.0,3.0,361,https://www.aciertamax.com/property/se-vende-propiedad-con-uso-mixto-en-guadalajara-centro?agent=javier373&lang=es
Guadalajara,Departamento,VENTA,5990000,"Departamento en venta Providencia Italia Providencia, Guadalajara Departamen",2.0,2.0,104,https://www.aciertamax.com/property/departamento-en-venta-providencia-e9e6494d-11a1-4cfa-8f05-d1202daf18fa?agent=javier373&lang=es
Guadalajara,Departamento,VENTA,5990000,"Departamento en venta, Arcos Vallarta, TORRE LOPEZ COTILLA Arcos Vallarta, G",3.0,2.0,135,https://www.aciertamax.com/property/departamento-en-venta-arcos-vallarta-torre-lopez-cotilla?agent=javier373&lang=es
Guadalajara,Departamento,VENTA,5969060,"Departamento en venta en Prados Providencia Prados de Providencia, Guadalaja",2.0,2.0,78.98,https://www.aciertamax.com/property/departamento-en-venta-en-prados-providencia-79c751c8-ba43-4d75-bbe1-55371b65af37?agent=javier373&lang=es
Guadalajara,Departamento,VENTA,5969000,,2.0,2.0,79,https://www.aciertamax.com/property/departamento-nuevo-en-venta-en-torre-torret-providencia-guadalajara?agent=javier373&lang=es
Guadalajara,Departamento,VENTA,5965810,"Departamento NUEVO en venta Zona Minerva (Luxia Cronos) Vallarta San Jorge, Guadal",2.0,2.0,74.32,https://www.aciertamax.com/property/departamento-nuevo-en-venta-zona-minerva-luxia?agent=javier373&lang=es
Guadalajara,Departamento,VENTA,5965810,"Departamento NUEVO en venta Zona Minerva (Luxia Cronos) Vallarta San Jorge, Guadal",2.0,2.0,74.32,https://www.aciertamax.com/property/departamentos-de-1-2-y-3-recamaras-zona-centro-gdl?agent=javier373&lang=es
Guadalajara,Departamento,VENTA,5965810,"Departamento NUEVO en venta Zona Minerva (Luxia Cronos) Vallarta San Jorge, Guadal",2.0,2.0,74.32,https://www.aciertamax.com/property/departamento-en-pre-venta-en-proyecto-trevo-av-revolucion-guadalajara-a-5-cu?agent=javier373&lang=es
Guadalajara,Departamento,VENTA,5959000,,2.0,2.0,84,https://www.aciertamax.com/property/en-venta-departamento-dos-recamaras-en-el-corazon-de-providencia?agent=javier373&lang=es
Guadalajara,Departamento,VENTA,5950000,"Departamento en venta en Providencia Providencia 1a Secc, Guadalajara Depart",2.0,2.0,80,https://www.aciertamax.com/property/departamento-en-venta-en-providencia-ad318084-837f-452d-a353-02c5dbfae4a0?agent=javier373&lang=es
Guadalajara,Casa,VENTA,5950000,,7.0,4.0,240,https://www.aciertamax.com/property/propiedad-estrategica-en-el-centro-de-guadalajara-2fb26127-a931-4fc1-8234-e86c599a5e38?agent=javier373&lang=es
Guadalajara,Departamento,VENTA,5950000,,1.0,2.0,72,https://www.aciertamax.com/property/departamento-en-planta-baja-con-terraza-colomos-providencia?agent=javier373&lang=es
Guadalajara,Departamento,VENTA,5926500,,1.0,1.0,77.98,https://www.aciertamax.com/property/exclusivo-departamento-en-venta-en-providencia-desarrollo-puerta-colomos-providencia-4a-secc-departamento?agent=javier373&lang=es
Guadalajara,Departamento,VENTA,5909000,"Departamento a estrenar en Providencia Prados de Providencia, Guadalajara Departamento",2.0,2.0,81.9,https://www.aciertamax.com/property/departamento-a-estrenar-en-providencia-prados-de-providencia?agent=javier373&lang=es
Guadalajara,Departamento,VENTA,5904820,"Departamentos en Venta en Arcos Vallarta, Guadalajara, Jalisco Arcos Vallarta",1.0,1.0,167.03,https://www.aciertamax.com/property/departamentos-en-preventa-en-arcos-vallarta-torre-morelos-2-arcos-vallarta-guadalajara?agent=javier373&lang=es
Guadalajara,Casa,VENTA,5900000,,,,140,https://www.aciertamax.com/property/casa-304m2-para-vertical-colonia-independencia?agent=javier373&lang=es
Guadalajara,Departamento,VENTA,5900000,"Departamento en venta., Col.Americana TORRE ALARCON Americana, Guadalajara D",1.0,1.0,105,https://www.aciertamax.com/property/departamento-en-venta-col-americana-torre-alarcon?agent=javier373&lang=es
Guadalajara,Departamento,VENTA,5900000,"Departamento en venta en Parques San Javier Colinas de San Javier, Guadalaja",2.0,2.0,101,https://www.aciertamax.com/property/departamento-en-venta-en-parques-san-javier-colinas-de-san-javier-guadalajara?agent=javier373&lang=es
Guadalajara,Casa,VENTA,5900000,,3.0,1.0,152.1,https://www.aciertamax.com/property/propiedad-en-venta-en-esquina-en-el-corazon-de-santa-tere?agent=javier373&lang=es
Guadalajara,Departamento,VENTA,5900000,,2.0,2.0,95.75,https://www.aciertamax.com/property/hermoso-departamento-en-zona-americas-y-chapultepec-guadalajara?agent=javier373&lang=es
Guadalajara,Departamento,VENTA,5896000,"Departamentos en venta en el Country - YU Country Lomas Del Country, Guadalaj",2.0,2.0,78.13,https://www.aciertamax.com/property/departamentos-en-venta-en-yu-country-lomas-del-country-guadalajara?agent=javier373&lang=es
Guadalajara,Departamento,VENTA,5896000,"Departamentos en venta en el Country - YU Country Lomas Del Country, Guadalaj",2.0,2.0,78.13,https://www.aciertamax.com/property/departamento-en-preventa-en-torre-doce-morelos-d3c227be-fec6-4941-9022-cf5071dbaa86?agent=javier373&lang=es
Guadalajara,Departamento,VENTA,5896000,"Departamentos en venta en el Country - YU Country Lomas Del Country, Guadalaj",2.0,2.0,78.13,https://www.aciertamax.com/property/departamento-en-preventa-en-torre-doce-morelos-2df3d126-ea3f-42a4-9f94-75b3f850b63a?agent=javier373&lang=es
Guadalajara,Departamento,VENTA,5896000,"Departamentos en venta en el Country - YU Country Lomas Del Country, Guadalaj",2.0,2.0,78.13,https://www.aciertamax.com/property/departamento-en-preventa-en-torre-doce-morelos-183c2d13-acc0-419d-b694-2ba888d4b688?agent=javier373&lang=es
Guadalajara,Departamento,VENTA,5896000,"Departamentos en venta en el Country - YU Country Lomas Del Country, Guadalaj",2.0,2.0,78.13,https://www.aciertamax.com/property/edificio-multi-usos-distrito-chapalita?agent=javier373&lang=es
Guadalajara,Casa,VENTA,5890000,,5.0,4.0,245,https://www.aciertamax.com/property/chapultepec-country-plaza-midtown-glorieta-colon-ayuntamiento?agent=javier373&lang=es
Guadalajara,Departamento,VENTA,5890000,,2.0,2.0,68.16,https://www.aciertamax.com/property/depa-en-venta-a-tan-solo-dos-minutos-de-punto-sao-paulo?agent=javier373&lang=es
Guadalajara,Departamento,VENTA,5875000,Departamento en Venta - Brasilia 10 - Colomos Providencia Colomos Providenci,2.0,2.0,72,https://www.aciertamax.com/property/departamento-en-venta-brasilia-10-colomos-providencia-colomos-providencia?agent=javier373&lang=es
Guadalajara,Departamento,VENTA,5848500,,1.0,1.0,77.98,https://www.aciertamax.com/property/exclusivo-departamento-en-venta-en-providencia-desarrollo-puerta-colomos-providencia-4a-secc?agent=javier373&lang=es
Guadalajara,Departamento,VENTA,5840000,"Departamento en venta en providencia Providencia 1a Secc, Guadalajara Depart",2.0,2.0,75,https://www.aciertamax.com/property/departamento-en-venta-en-providencia-8800ac50-8ae5-4893-b3b6-d24a85379437?agent=javier373&lang=es
Guadalajara,Departamento,VENTA,5840000,"Departamentos en Venta de Entrega Inmediata en Providencia, Guadalajara, Jali",2.0,2.0,75.47,https://www.aciertamax.com/property/departamentos-nuevos-en-providencia-guadalajara-jalisco?agent=javier373&lang=es
Guadalajara,Departamento,VENTA,5840000,"Departamentos 2 recámaras en Providencia Providencia 3a Secc, Guadalajara Departamento 2",2.0,2.0,75,https://www.aciertamax.com/property/janeiro-departamentos-1-y-2-recamaras-en-providencia?agent=javier373&lang=es
Guadalajara,Departamento,VENTA,5824969,Departamento en Venta Torre O TOWER - Punto Sao Paulo - Providencia Providen,1.0,1.0,77,https://www.aciertamax.com/property/departamento-en-venta-torre-o-tower-punto-sao-paulo-providencia-providencia-2a-secc-departamento?agent=javier373&lang=es
Guadalajara,Departamento,VENTA,5824969,Departamento en Venta Torre O TOWER - Punto Sao Paulo - Providencia Providen,1.0,1.0,77,https://www.aciertamax.com/property/departamento-en-venta-torre-o-tower-punto-sao-paulo-providencia-providencia-2a-secc-guadalajara?agent=javier373&lang=es
Guadalajara,Departamento,VENTA,5824969,"Departamentos en Venta O Tower (Providencia) Providencia 1a Secc, Guadalajara",1.0,1.0,77.47,https://www.aciertamax.com/property/departamentos-en-venta-o-tower-providencia?agent=javier373&lang=es
Guadalajara,Departamento,VENTA,5824969,"Departamentos en Venta O Tower (Providencia) Providencia 1a Secc, Guadalajara",1.0,1.0,77.47,https://www.aciertamax.com/property/departamentos-en-preventa-en-el-corazon-de-colonia-americana?agent=javier373&lang=es
Guadalajara,Departamento,VENTA,5824969,"Departamentos en Venta O Tower (Providencia) Providencia 1a Secc, Guadalajara",1.0,1.0,77.47,https://www.aciertamax.com/property/atena-urban-living?agent=javier373&lang=es
Guadalajara,Departamento,VENTA,5824969,"Departamentos en Venta O Tower (Providencia) Providencia 1a Secc, Guadalajara",1.0,1.0,77.47,https://www.aciertamax.com/property/increible-departamento-en-preventa-en-guadalajara-zona-colonia-americana-arcos-vallarta?agent=javier373&lang=es
Guadalajara,Departamento,VENTA,5824969,"Departamentos en Venta O Tower (Providencia) Providencia 1a Secc, Guadalajara",1.0,1.0,77.47,https://www.aciertamax.com/property/increible-departamento-en-preventa-en-guadalajara-zona-colonia-americana?agent=javier373&lang=es
Guadalajara,Departamento,VENTA,5824000,Departamento en Venta en Providencia | 77 m² con Terraza y Diseño Moderno Pr,1.0,1.0,77,https://www.aciertamax.com/property/departamento-tipo-a-en-venta-77-m-diseno-moderno-y-excelente-distribucion?agent=javier373&lang=es
Guadalajara,Departamento,VENTA,5815000,"Departamento en Venta Colonia Moderna. Calle Argentina Moderna, Guadalajara",2.0,2.0,77,https://www.aciertamax.com/property/departamento-en-venta-colonia-moderna-calle-argentina?agent=javier373&lang=es
Guadalajara,Departamento,VENTA,5800000,,2.0,2.0,75,https://www.aciertamax.com/property/increible-departamento-en-venta-en-providencia-providencia-1a-secc-guadalajara?agent=javier373&lang=es
Guadalajara,Departamento,VENTA,5800000,"Departamento a estrenar en Col. Americana ubicado en Saant Marten Lofts Americana, Guad",2.0,2.0,89,https://www.aciertamax.com/property/departamento-a-estrenar-en-col-americana-ubicado-en-saant-marten-lofts-americana-guadalajara?agent=javier373&lang=es
Guadalajara,Departamento,VENTA,5752092,"Departamento en Preventa en Jardines del Bosque, Guadalajara Jardines del Bo",2.0,2.0,71,https://www.aciertamax.com/property/departamento-en-preventa-en-colinas-de-san-javier-zapopan-colinas-de-san-javier?agent=javier373&lang=es
Guadalajara,Casa,VENTA,5750000,"Casa en Venta, Col, Belisario Dominguez, Guadalajara, Jal Belisario",2.0,1.0,177,https://www.aciertamax.com/property/casa-en-venta-col-belisario-dominguez-guadalajara-jal?agent=javier373&lang=es
Guadalajara,Departamento,VENTA,5700000,,2.0,2.0,148,https://www.aciertamax.com/property/venta-departamento-vista-panoramica-arcos-vallarta-guadalajara?agent=javier373&lang=es
Guadalajara,Casa,VENTA,5700000,"Casa en Venta en Colonia Independencia, Guadalajara Independencia, G",5.0,3.0,288,https://www.aciertamax.com/property/casa-en-venta-en-colonia-independencia-guadalajara-b0852cec-0ef1-4380-84d5-73f41de7de5e?agent=javier373&lang=es
Guadalajara,Departamento,VENTA,5700000,,2.0,2.0,104,https://www.aciertamax.com/property/departamento-en-venta-arcos-vallarta-americana-guadalajara-jalisco?agent=javier373&lang=es
Guadalajara,Casa,VENTA,5690000,"Casa en Venta Colonia Independencia Independencia, Guadalajara Casa",5.0,3.0,273,https://www.aciertamax.com/property/casa-en-venta-colonia-independencia-2baae8ba-0152-454f-b921-5528a7958db6?agent=javier373&lang=es
Guadalajara,Departamento,VENTA,5670000,"Departamento en venta en City Tower Guadalajara Ladrón de Guevara, Guadalaja",2.0,2.0,107,https://www.aciertamax.com/property/departamento-en-venta-en-city-tower-guadalajara?agent=javier373&lang=es
Guadalajara,Departamento,VENTA,5644832,,1.0,1.0,50.95,https://www.aciertamax.com/property/departamentos-en-preventa-en-av-mexico-modelo-a?agent=javier373&lang=es
Guadalajara,Departamento,VENTA,5636275,,2.0,2.0,86.05,https://www.aciertamax.com/property/departamento-en-venta-torre-cassianova?agent=javier373&lang=es
Guadalajara,Departamento,VENTA,5617500,"Departamento a la venta o renta en Elysian High Country, Country Club Country Club, Guadalajara",2.0,2.0,74.2,https://www.aciertamax.com/property/departamento-nuevo-a-la-renta-o-venta-en-elysian-high-country-country-club-country-club-departamento?agent=javier373&lang=es
Guadalajara,Departamento,VENTA,5617500,"Departamento nuevo a la venta en Elysian High Country, Country Club Country Club, Guadalajara",2.0,2.0,74.9,https://www.aciertamax.com/property/departamento-nuevo-a-la-renta-en-elysian-high-country-colomos-providencia-colomos-providencia?agent=javier373&lang=es
Guadalajara,Departamento,VENTA,5600000,,3.0,2.0,93.23,https://www.aciertamax.com/property/penthouse-en-venta-en-distrito-chapultepec-51f310dd-e75a-41d6-aebd-fe8343d027ef?agent=javier373&lang=es
Guadalajara,Casa,VENTA,5600000,,4.0,2.0,290,https://www.aciertamax.com/property/casa-en-venta-residencial-revolucion?agent=javier373&lang=es
Guadalajara,Departamento,VENTA,5550000,,2.0,2.0,70,https://www.aciertamax.com/property/depa-en-venta-en-torre-duke-arcos-vallarta?agent=javier373&lang=es
Guadalajara,Departamento,VENTA,5500000,"Departamento en venta/renta Country Club, Guadalajara, Jalisco. Country Club",2.0,1.0,88,https://www.aciertamax.com/property/departamento-en-venta-country-club-guadalajara-jalisco-country-club-guadalajara?agent=javier373&lang=es
Guadalajara,Casa,VENTA,5500000,"Casa en INDEPENDENCIA a 1 cuadra del Estadio Independencia, Guadalaj",6.0,3.0,226,https://www.aciertamax.com/property/casa-en-independencia-a-1-cuadra-del-estadio?agent=javier373&lang=es
Guadalajara,Departamento,VENTA,5500000,"Casa en INDEPENDENCIA a 1 cuadra del Estadio Independencia, Guadalaj",6.0,3.0,226,https://www.aciertamax.com/property/departamentos-en-venta-en-providencia-de-2-y-3-recamaras-colomos-providencia?agent=javier373&lang=es
Guadalajara,Departamento,VENTA,5500000,"Casa en INDEPENDENCIA a 1 cuadra del Estadio Independencia, Guadalaj",6.0,3.0,226,https://www.aciertamax.com/property/departamentos-en-venta-en-providencia-de-2-y-3-recamaras?agent=javier373&lang=es
Guadalajara,Departamento,VENTA,5500000,"Casa en INDEPENDENCIA a 1 cuadra del Estadio Independencia, Guadalaj",6.0,3.0,226,https://www.aciertamax.com/property/departamentos-en-venta-en-providencia-italia-providencia-departamento?agent=javier373&lang=es
Guadalajara,Departamento,VENTA,5500000,"Casa en INDEPENDENCIA a 1 cuadra del Estadio Independencia, Guadalaj",6.0,3.0,226,https://www.aciertamax.com/property/departamentos-en-venta-en-providencia-italia-providencia-guadalajara?agent=javier373&lang=es
Guadalajara,Casa,VENTA,5500000,,4.0,4.0,200,https://www.aciertamax.com/property/preciosa-residencia-en-venta-en-colonia-san-marcos-4-recamaras-mas-estudio?agent=javier373&lang=es
Guadalajara,Departamento,VENTA,5497770,"Departamentos nuevos en venta en zona Minerva (Luxia Apolo) Vallarta San Jorge, Guad",2.0,1.0,65.98,https://www.aciertamax.com/property/departamentos-nuevos-en-venta-en-zona-minerva?agent=javier373&lang=es
Guadalajara,Departamento,VENTA,5490000,,2.0,2.0,100.99,https://www.aciertamax.com/property/departamento-en-venta-en-horizontes-chapultepec-0cf69d9e-3ee7-4f99-94b0-7debc9462a80?agent=javier373&lang=es
Guadalajara,Casa,VENTA,5490000,,3.0,2.0,217.72,https://www.aciertamax.com/property/casa-en-venta-en-lopez-de-legazpi?agent=javier373&lang=es
Guadalajara,Departamento,VENTA,5463400,,1.0,1.0,92,https://www.aciertamax.com/property/bosque-satelite-departamentos-en-venta-jardines-del-bosque-tipo-d?agent=javier373&lang=es
Guadalajara,Departamento,VENTA,5461500,"Departamento en PREVENTA en Jardines del Bosque Jardines del Bosque Norte, G",2.0,2.0,109,https://www.aciertamax.com/property/departamento-en-preventa-en-jardines-del-bosque-jardines-del-bosque-norte?agent=javier373&lang=es
Guadalajara,Departamento,VENTA,5460000,,2.0,3.0,82.11,https://www.aciertamax.com/property/departamento-en-colonia-americana-guadalajara-soneto-torre-oportunidad?agent=javier373&lang=es
Guadalajara,Departamento,VENTA,5450000,,2.0,2.0,117,https://www.aciertamax.com/property/depa-en-planta-baja-en-venta-cerca-de-chapultepec?agent=javier373&lang=es
Guadalajara,Departamento,VENTA,5400000,Departamento en Venta en Torre Tribeca a 1 cuadra de Av Chapultepec American,2.0,2.0,140,https://www.aciertamax.com/property/departamento-en-venta-en-torre-tribeca-a-1-cuadra-de-av-chapultepec?agent=javier373&lang=es
Guadalajara,Departamento,VENTA,5400000,Departamento en propiedad histórica con excelente rendimiento mensual Americ,2.0,2.0,95,https://www.aciertamax.com/property/departamento-en-propiedad-historica-con-excelente-rendimiento-mensual?agent=javier373&lang=es
Guadalajara,Departamento,VENTA,5390000,Departamento en venta con dos recamaras y est. techado en la col. Americana,2.0,2.0,95,https://www.aciertamax.com/property/departamento-en-venta-con-dos-recamaras-y-est-techado-en-la-col-americana?agent=javier373&lang=es
Guadalajara,Departamento,VENTA,5350000,,4.0,2.0,140,https://www.aciertamax.com/property/penthouse-en-renta-arcos-vallarta?agent=javier373&lang=es
Guadalajara,Departamento,VENTA,5350000,,1.0,1.0,62.89,https://www.aciertamax.com/property/departamento-espacio-monraz-terrazas?agent=javier373&lang=es
Guadalajara,Departamento,VENTA,5325000,,3.0,3.0,145,https://www.aciertamax.com/property/departamento-en-centro-historico-de-guadalajara-guadalajara-centro?agent=javier373&lang=es
Guadalajara,Departamento,VENTA,5300000,"Departamento en venta en Warhol Providencia (Colomos) Colomos Providencia, G",2.0,2.0,70,https://www.aciertamax.com/property/departamento-en-venta-en-warhol-providencia-colomos-colomos-providencia?agent=javier373&lang=es
Guadalajara,Departamento,VENTA,5300000,"Departamento en venta Y renta Coordenada Country Ayuntamiento, Guadalajara D",2.0,2.0,74,https://www.aciertamax.com/property/departamento-en-venta-santa-margarita?agent=javier373&lang=es
Guadalajara,Departamento,VENTA,5300000,,1.0,2.0,75,https://www.aciertamax.com/property/brasilia-colomos-patria?agent=javier373&lang=es
Guadalajara,Departamento,VENTA,5300000,,2.0,2.0,84,https://www.aciertamax.com/property/departamento-en-venta-chapultepec-americana-guadalajara-jalisco?agent=javier373&lang=es
Guadalajara,Departamento,VENTA,5300000,,2.0,2.0,70,https://www.aciertamax.com/property/departamento-nuevo-en-colomos-providencia-colomos-providencia-guadalajara?agent=javier373&lang=es
Guadalajara,Departamento,VENTA,5287000,,1.0,1.0,62,https://www.aciertamax.com/property/preventa-italia-providencia-depas-exclusivos-alta-plusvalia-cerca-de-midto-italia-providencia-guadalajara?agent=javier373&lang=es
Guadalajara,Departamento,VENTA,5270000,,2.0,2.0,70,https://www.aciertamax.com/property/eleva-rio-preventa-en-zona-financiera-de-guadalajara?agent=javier373&lang=es
Guadalajara,Departamento,VENTA,5270000,"Departamento en venta Av. Lopez Cotilla, colonia Americana Americana, Guadal",2.0,2.0,70,https://www.aciertamax.com/property/loft-en-venta-torre-calathea-lomas-de-independencia-guadalajara?agent=javier373&lang=es
Guadalajara,Departamento,VENTA,5267514,"Departamentos en Colonia Moderna Moderna, Guadalajara Departamento 2 recámara",2.0,2.0,66.1,https://www.aciertamax.com/property/departamentos-en-colonia-moderna-moderna?agent=javier373&lang=es
Guadalajara,Departamento,VENTA,5257000,"Departamentos en VENTA en TORRE ATENA Americana, Guadalajara Departamento 2 r",2.0,2.0,75,https://www.aciertamax.com/property/departamentos-en-venta-en-torre-atena-americana-guadalajara?agent=javier373&lang=es
Guadalajara,Departamento,VENTA,5250000,,1.0,2.0,74,https://www.aciertamax.com/property/departamento-de-1-recamara-y-estudio-en-colomos-providencia-colomos-providencia?agent=javier373&lang=es
Guadalajara,Departamento,VENTA,5203863,,1.0,1.0,71,https://www.aciertamax.com/property/estrena-depa-en-la-americana-1-recamara-mas-estudio?agent=javier373&lang=es
Guadalajara,Casa,VENTA,5200000,"Casa en venta en Jardines del Sur, Guadalajara Jardines Del Sur, Gua",5.0,3.0,205,https://www.aciertamax.com/property/casa-en-venta-en-jardines-del-sur-guadalajara-jardines-del-sur-guadalajara?agent=javier373&lang=es
Guadalajara,Casa,VENTA,5200000,,4.0,4.0,164,https://www.aciertamax.com/property/hermosa-casa-cerca-del-mercado-felipe-angeles?agent=javier373&lang=es
Guadalajara,Departamento,VENTA,5200000,Departamento en venta  Avila Camacho Y Enrique Díaz de León Mezquitan Countr,2.0,2.0,61.16,https://www.aciertamax.com/property/departamento-en-venta-entre-avila-camacho-y-enrique-diaz-de-leon-mezquitan-country?agent=javier373&lang=es
Guadalajara,Departamento,VENTA,5190000,,2.0,2.0,118,https://www.aciertamax.com/property/penthouse-amueblado-en-venta-col-moderna-moderna?agent=javier373&lang=es
Guadalajara,Departamento,VENTA,5190000,"Departamento en venta/renta en Colonia Moderna Moderna, Guadalajara Departam",2.0,2.0,118,https://www.aciertamax.com/property/penthouse-en-venta-en-colonia-moderna-moderna?agent=javier373&lang=es
Guadalajara,Departamento,VENTA,5121000,,,,,https://www.aciertamax.com/property/veneciana-pre-venta-exlcusiva-italia-providencia-guadalajara?agent=javier373&lang=es
Guadalajara,Departamento,VENTA,5120000,,1.0,1.0,59,https://www.aciertamax.com/property/departamentos-en-venta-en-providencia-italia-providencia?agent=javier373&lang=es
Guadalajara,Departamento,VENTA,5111200,"Departamento en venta Puerta Colomos Providencia 4a Secc, Guadalajara Depart",1.0,1.0,63.84,https://www.aciertamax.com/property/departamento-en-venta-puerta-colomos-providencia-4a-secc-departamento?agent=javier373&lang=es
Guadalajara,Departamento,VENTA,5100000,"Departamento en venta Providencia Providencia 3a Secc, Guadalajara Departame",2.0,2.0,70,https://www.aciertamax.com/property/departamento-en-venta-providencia-267634c4-37d0-490d-aaf2-24cedc5c0930?agent=javier373&lang=es
Guadalajara,Departamento,VENTA,5100000,"Departamento en Venta Sau Paulo Vertical Providencia 3a Secc, Guadalajara De",1.0,1.0,56.82,https://www.aciertamax.com/property/departamento-en-venta-sau-paulo-vertical?agent=javier373&lang=es
Guadalajara,Departamento,VENTA,5093000,,2.0,2.0,89,https://www.aciertamax.com/property/departamento-en-venta-torre-sant-marteen-lofts?agent=javier373&lang=es
Guadalajara,Casa,VENTA,4995000,Casa en venta en Col Guadalupana - En esquina y con gran potencial L,6.0,3.0,220,https://www.aciertamax.com/property/casa-amplia-en-venta-esquina-y-con-gran-potencial-la-guadalupana?agent=javier373&lang=es
Guadalajara,Departamento,VENTA,4990000,"Departamento en Venta En Colonia  Ayuntamiento, Guadalajara Ayuntamiento, Gu",3.0,2.0,137,https://www.aciertamax.com/property/departamento-en-venta-en-colonia-ayuntamiento-guadalajara?agent=javier373&lang=es
Guadalajara,Departamento,VENTA,4990000,"Departamento amueblado en venta en Chapalita, Zapopan Jardines de los Arcos, Guadalaja",2.0,2.0,95,https://www.aciertamax.com/property/departamento-amueblado-en-venta-en-chapalita-zapopan-chapalita-guadalajara?agent=javier373&lang=es
Guadalajara,Departamento,VENTA,4990000,"Departamento amueblado en venta en Chapalita, Zapopan Chapalita, Guadalajara Departame",2.0,2.0,95,https://www.aciertamax.com/property/departamento-amueblado-en-venta-en-chapalita-zapopan-chapalita?agent=javier373&lang=es
Guadalajara,Departamento,VENTA,4990000,"Departamento en Venta en Privada París (Col Arcos Vallarta) Arcos Vallarta,",1.0,2.0,90.2,https://www.aciertamax.com/property/departamento-en-venta-en-privada-paris-col-arcos-vallarta?agent=javier373&lang=es
Guadalajara,Departamento,VENTA,4990000,"Departamento Nuevo en Venta Soho Morelos Arcos Vallarta, Guadalajara Departamento",2.0,1.0,72,https://www.aciertamax.com/property/departamento-nuevo-en-venta-soho-morelos?agent=javier373&lang=es
Guadalajara,Departamento,VENTA,4950000,,2.0,1.0,70,https://www.aciertamax.com/property/oportunidad-depa-en-venta-americana?agent=javier373&lang=es
Guadalajara,Departamento,VENTA,4950000,Departamento en venta en Distrito República | Amueblado | Col. Americana | G,1.0,1.0,75.4,https://www.aciertamax.com/property/departamento-en-venta-en-distrito-republica-amueblado-col-americana-gdl?agent=javier373&lang=es
Guadalajara,Departamento,VENTA,4950000,"Departamento en venta Qalina Chapultepec Americana, Guadalajara Departamento",2.0,2.0,7.16,https://www.aciertamax.com/property/departamento-en-venta-qalina-chapultepec?agent=javier373&lang=es
Guadalajara,Departamento,VENTA,4930000,,1.0,1.0,63.89,https://www.aciertamax.com/property/exclusivo-departamento-en-venta-en-providencia-desarrollo-puerta-colomos-4d632018-26a6-457d-99ae-d87a1b2df9ca?agent=javier373&lang=es
Guadalajara,Departamento,VENTA,4921000,,1.0,1.0,55,https://www.aciertamax.com/property/departamento-en-sao-paulo-vertical-en-venta?agent=javier373&lang=es
Guadalajara,Departamento,VENTA,4912000,,1.0,1.0,63.89,https://www.aciertamax.com/property/exclusivo-departamento-en-venta-en-providencia-desarrollo-puerta-colomos-providencia-4a-secc-guadalajara?agent=javier373&lang=es
Guadalajara,Departamento,VENTA,4900000,,1.0,1.0,63.89,https://www.aciertamax.com/property/exclusivo-departamento-en-venta-en-providencia-desarrollo-puerta-colomos?agent=javier373&lang=es
Guadalajara,Departamento,VENTA,4900000,Departamento en Venta Noho Towers | Planta Baja y Terraza | 1 Recámara 2 caj,1.0,1.0,76.3,https://www.aciertamax.com/property/departamento-en-venta-en-noho-towers-planta-baja-con-terraza-1-recamara-2?agent=javier373&lang=es
Guadalajara,Casa,VENTA,4900000,,2.0,2.0,221,https://www.aciertamax.com/property/casa-en-venta-con-uso-de-suelo-comercial-en-polanco?agent=javier373&lang=es
Guadalajara,Casa,VENTA,4900000,"Casa en Venta La Federacha, Guadalajara Casa 4 recámaras, 3 baños 29",4.0,3.0,294,https://www.aciertamax.com/property/casa-en-venta-la-federacha?agent=javier373&lang=es
Guadalajara,Departamento,VENTA,4900000,,2.0,2.0,74,https://www.aciertamax.com/property/kartesia-arcos-vallarta-preventa?agent=javier373&lang=es
Guadalajara,Casa,VENTA,4900000,,1.0,1.0,254,https://www.aciertamax.com/property/casa-en-venta-con-uso-de-suelo-comercial-san-marcos-oriente?agent=javier373&lang=es
Guadalajara,Casa,VENTA,4890000,"Casa Remodelada en Venta en Santa Teresita Santa Teresita, Guadalajara Casa 4 r",4.0,3.0,247,https://www.aciertamax.com/property/casa-remodelada-en-venta-en-santa-teresita-0c092459-0385-478d-868a-3cd17422fc3f?agent=javier373&lang=es
Guadalajara,Departamento,VENTA,4871284,"Departamento nuevo en venta en Zona Minerva (Luxia Eros) Vallarta San Jorge, Guada",1.0,1.0,60.14,https://www.aciertamax.com/property/departamento-nuevo-en-venta-en-zona-minerva?agent=javier373&lang=es
Guadalajara,Departamento,VENTA,4859820,,1.0,1.0,71.05,https://www.aciertamax.com/property/departamento-en-venta-jardines-del-bosque-gdl-cau?agent=javier373&lang=es
Guadalajara,Departamento,VENTA,4852000,,2.0,1.0,106.2,https://www.aciertamax.com/property/departamento-en-venta-torre-cassianova-moderna?agent=javier373&lang=es
Guadalajara,Departamento,VENTA,4815005,Departamentos en Pre Venta Jardines del Bosque - Celestia en Niños Héroes Jar,3.0,2.0,68,https://www.aciertamax.com/property/departamentos-en-pre-venta-celestia-ninos-heroes-jardines-del-bosque-centro?agent=javier373&lang=es
Guadalajara,Casa,VENTA,4800000,,4.0,3.0,160,https://www.aciertamax.com/property/casa-en-venta-en-arcos-vallarta-39a1360f-abed-4baa-9e6b-74cfc990cb63?agent=javier373&lang=es
Guadalajara,Casa,VENTA,4790000,"Casa en venta en colinas de Huentitan Colinas de Huentitán, Guadalaj",3.0,2.0,159,https://www.aciertamax.com/property/casa-en-venta-en-colinas-de-huentitan-colinas-de-huentitan?agent=javier373&lang=es
Guadalajara,Departamento,VENTA,4771620,,2.0,2.0,75.74,https://www.aciertamax.com/property/departamento-en-venta-en-chapultepec-guadalajara-dc?agent=javier373&lang=es
Guadalajara,Departamento,VENTA,4750000,"Departamento de oportunidad  en ladrón de Guevara Ladrón de Guevara, Guadalajara Departament",3.0,2.0,125,https://www.aciertamax.com/property/departamento-de-oportunidad-en-ladron-de-guevara?agent=javier373&lang=es
Guadalajara,Departamento,VENTA,4750000,,2.0,2.0,87.3,https://www.aciertamax.com/property/increible-oportunidad-departamento-nuevo-en-la-americana-entrega-inmediata-83f89eac-72ab-4c08-ba08-77984e7b1714?agent=javier373&lang=es
Guadalajara,Departamento,VENTA,4750000,,2.0,2.0,87.3,https://www.aciertamax.com/property/increible-oportunidad-departamento-nuevo-en-la-americana-entrega-inmediata?agent=javier373&lang=es
Guadalajara,Departamento,VENTA,4749000,"Departamento AMUEBLADO en Venta Lomas Del Country, Guadalajara Departamento 2 recámara",2.0,2.0,70.4,https://www.aciertamax.com/property/departamento-amueblado-en-venta-lomas-del-country?agent=javier373&lang=es
Guadalajara,Departamento,VENTA,4700000,,1.0,1.0,47,https://www.aciertamax.com/property/estudio-en-venta-en-providencia-en-punto-sao-paulo-urbano-living?agent=javier373&lang=es
Guadalajara,Departamento,VENTA,4692923,,2.0,2.0,79.46,https://www.aciertamax.com/property/eleva-satelite-preventa-en-jardines-del-bosque?agent=javier373&lang=es
Guadalajara,Departamento,VENTA,4690000,"Departamento en venta Jardines del Bosque Jardines del Bosque Centro, Guadal",2.0,2.0,82,https://www.aciertamax.com/property/departamento-en-venta-jardines-del-bosque-73541fdd-3bbf-416a-b13f-4d6f8b4c7199?agent=javier373&lang=es
Guadalajara,Departamento,VENTA,4690000,,2.0,2.0,82,https://www.aciertamax.com/property/departamento-en-venta-jardines-del-bosque-guadalajara-jardines-del-bosque-centro-guadalajara?agent=javier373&lang=es
Guadalajara,Departamento,VENTA,4686130,"Departamento a estrenar en Providencia Prados de Providencia, Guadalajara Departamento",2.0,1.0,65.6,https://www.aciertamax.com/property/departamento-a-estrenar-en-providencia-b94293ab-6686-4637-be6c-3c12a0ec4212?agent=javier373&lang=es
Guadalajara,Departamento,VENTA,4670800,,1.0,1.0,54.07,https://www.aciertamax.com/property/departamento-de-1-recamara-en-la-minerva?agent=javier373&lang=es
Guadalajara,Casa,VENTA,4650000,"Casa Semi-Nueva en Colonia el Retiro El Retiro, Guadalajara Casa 3 recámaras, 2",3.0,2.0,266,https://www.aciertamax.com/property/casa-remodelada-en-colonia-el-retiro?agent=javier373&lang=es
Guadalajara,Casa,VENTA,4650000,,4.0,4.0,270,https://www.aciertamax.com/property/casa-en-venta-colonia-santa-monica-dos-casas-en-una?agent=javier373&lang=es
Guadalajara,Departamento,VENTA,4606000,Casa en venta con uso de suelo comercial ideal para proyecto vertica,1.0,1.0,71,https://www.aciertamax.com/property/departamento-tipo-loft-en-preventa-en-torre-heritage-col-americana?agent=javier373&lang=es
Guadalajara,Departamento,VENTA,4606000,Casa en venta con uso de suelo comercial ideal para proyecto vertica,1.0,1.0,71,https://www.aciertamax.com/property/departamento-en-preventa-en-colonia-san-antonio-guadalajara-san-antonio-guadalajara?agent=javier373&lang=es
Guadalajara,Departamento,VENTA,4606000,Casa en venta con uso de suelo comercial ideal para proyecto vertica,1.0,1.0,71,https://www.aciertamax.com/property/departamento-en-preventa-en-colonia-san-antonio-guadalajara-san-antonio?agent=javier373&lang=es
Guadalajara,Departamento,VENTA,4606000,Casa en venta con uso de suelo comercial ideal para proyecto vertica,1.0,1.0,71,https://www.aciertamax.com/property/departamento-en-preventa-en-colonia-san-antonio-guadalajara?agent=javier373&lang=es
Guadalajara,Departamento,VENTA,4606000,Casa en venta con uso de suelo comercial ideal para proyecto vertica,1.0,1.0,71,https://www.aciertamax.com/property/clemente-70-vive-la-artmosfera?agent=javier373&lang=es
Guadalajara,Departamento,VENTA,4600000,"Departamento en venta en Jardines del Bosque Jardines del Bosque Centro, Gua",3.0,2.0,118,https://www.aciertamax.com/property/departamento-en-venta-en-jardines-del-bosque-b55b2190-bcd1-4a59-83e9-89f298a3360f?agent=javier373&lang=es
Guadalajara,Departamento,VENTA,4592411,"Departamento nuevo en venta en la Colonia Moderna Moderna, Guadalajara Departament",1.0,1.0,53,https://www.aciertamax.com/property/departamento-nuevo-en-venta-en-la-colonia-moderna-moderna?agent=javier373&lang=es
Guadalajara,Departamento,VENTA,4590000,,2.0,2.0,90,https://www.aciertamax.com/property/departamento-amueblado-cerca-de-mid-town-y-glorieta-colon?agent=javier373&lang=es
Guadalajara,Departamento,VENTA,4590000,"Departamento en venta Amueblado y Generando Ingresos Mexicaltzingo, Guadalaj",2.0,2.0,130,https://www.aciertamax.com/property/departamento-en-venta-amueblado-y-generando-ingresos?agent=javier373&lang=es
Guadalajara,Departamento,VENTA,4572331,"Departamento en venta Jardines del Bosque Jardines del Bosque Centro, Guadal",2.0,2.0,86.63,https://www.aciertamax.com/property/departamento-en-venta-jardines-del-bosque-57b92759-7fa1-432e-a7b9-c4176661ed4d?agent=javier373&lang=es
Guadalajara,Departamento,VENTA,4524386,"Departamento en venta LOFT TORRE XII  en Colonia Americana, Guadalajara, Jal",1.0,1.0,74.26,https://www.aciertamax.com/property/preventa-departamentos-loft-en-la-colonia-americana-guadalajara-jalisco?agent=javier373&lang=es
Guadalajara,Departamento,VENTA,4524386,"Departamento en venta LOFT TORRE XII  en Colonia Americana, Guadalajara, Jal",1.0,1.0,74.26,https://www.aciertamax.com/property/departamento-en-venta-loft-torre-xii-en-colonia-americana-guadalajara-jalisco?agent=javier373&lang=es
Guadalajara,Departamento,VENTA,4524000,,1.0,1.0,56,https://www.aciertamax.com/property/vive-en-el-corazon-de-providencia-providencia-3a-secc?agent=javier373&lang=es
Guadalajara,Casa,VENTA,4500000,"Casa en venta en colonia Villa Vicente Guerrero, Guadalajara Villa V",5.0,2.0,205,https://www.aciertamax.com/property/casa-en-venta-en-colonia-villa-vicente-guerrero-guadalajara?agent=javier373&lang=es
Guadalajara,Casa,VENTA,4500000,"Casa en venta, Col. Mezquitan Country, Guadalajara, Jal. Mezquitan C",2.0,2.0,189,https://www.aciertamax.com/property/casa-en-venta-col-mezquitan-country-guadalajara-jal?agent=javier373&lang=es
Guadalajara,Casa,VENTA,4500000,,2.0,3.0,78,https://www.aciertamax.com/property/casa-en-venta-residencial-victoria-guadalajara-jalisco-60d8c079-dbbd-4622-bee0-d9cefebe1e79?agent=javier373&lang=es
Guadalajara,Departamento,VENTA,4500000,,2.0,2.0,71,https://www.aciertamax.com/property/ultimos-departamentos-en-venta-en-col-americana?agent=javier373&lang=es
Guadalajara,Casa,VENTA,4490000,"Casa en Venta Medrano, Guadalajara Casa 4 recámaras, 3 baños 210 m²",4.0,3.0,210,https://www.aciertamax.com/property/casa-en-venta-medrano?agent=javier373&lang=es
Guadalajara,Departamento,VENTA,4448752,"Departamento en venta en Providencia – Torre Boutique Providencia 3a Secc, G",1.0,1.0,49.23,https://www.aciertamax.com/property/departamento-en-venta-en-providencia-torre-boutique-providencia-3a-secc-departamento?agent=javier373&lang=es
Guadalajara,Departamento,VENTA,4448752,"Departamento en venta en Providencia – Torre Boutique Providencia 3a Secc, G",1.0,1.0,49.23,https://www.aciertamax.com/property/departamento-en-venta-en-providencia-torre-boutique-providencia-3a-secc-guadalajara?agent=javier373&lang=es
Guadalajara,Departamento,VENTA,4448752,"Departamento en venta en Providencia – Torre Boutique Providencia 3a Secc, G",1.0,1.0,49.23,https://www.aciertamax.com/property/departamento-en-preventa-guadalajara-centro-guadalajara-centro-guadalajara?agent=javier373&lang=es
Guadalajara,Departamento,VENTA,4448752,"Departamento en venta en Providencia – Torre Boutique Providencia 3a Secc, G",1.0,1.0,49.23,https://www.aciertamax.com/property/consultorios-en-preventa-chapalita-chapalita?agent=javier373&lang=es
Guadalajara,Departamento,VENTA,4448752,"Departamento en venta en Providencia – Torre Boutique Providencia 3a Secc, G",1.0,1.0,49.23,https://www.aciertamax.com/property/consultorios-en-preventa-chapalita?agent=javier373&lang=es
Guadalajara,Departamento,VENTA,4415000,"Departamento en PREVENTA en Jardines del Bosque Jardines del Bosque Norte, G",1.0,1.0,88,https://www.aciertamax.com/property/departamento-en-preventa-en-jardines-del-bosque?agent=javier373&lang=es
Guadalajara,Departamento,VENTA,4410825,"Departamento en venta Jardines del Bosque Jardines del Bosque Centro, Guadal",2.0,2.0,79.46,https://www.aciertamax.com/property/departamento-en-venta-jardines-del-bosque-5253c139-7a5d-4aef-a30f-fc9bf6d71f6d?agent=javier373&lang=es
Guadalajara,Casa,VENTA,4400000,"Casa en Venta en Colonia Insurgentes, Guadalajara Insurgentes 1a Sec",3.0,2.0,113.16,https://www.aciertamax.com/property/casa-en-venta-en-orange-residencial-colonia-insurgentes-guadalajara?agent=javier373&lang=es
Guadalajara,Casa,VENTA,4400000,"Casa en Venta en Colonia Insurgentes, Guadalajara Insurgentes 1a Sec",3.0,2.0,113.16,https://www.aciertamax.com/property/depa-en-scala-towers-dali?agent=javier373&lang=es
Guadalajara,Casa,VENTA,4400000,"Casa en Venta en Colonia Insurgentes, Guadalajara Insurgentes 1a Sec",3.0,2.0,113.16,https://www.aciertamax.com/property/depa-en-scala-towers-siqueiros?agent=javier373&lang=es
Guadalajara,Casa,VENTA,4400000,"Casa en Venta en Colonia Insurgentes, Guadalajara Insurgentes 1a Sec",3.0,2.0,113.16,https://www.aciertamax.com/property/preventa-departamento-torre-nyth-ering-lomas-del-country?agent=javier373&lang=es
Guadalajara,Casa,VENTA,4380000,,3.0,3.0,218,https://www.aciertamax.com/property/medrano-casa-recien-remodelada-en-venta-san-antonio-guadalajara?agent=javier373&lang=es
Guadalajara,Departamento,VENTA,4370000,"Departamentos de 2 Recámaras en La Americana Americana, Guadalajara Departamento 2 recámaras",2.0,2.0,68.35,https://www.aciertamax.com/property/torre-lef-departamentos-de-2-recamaras-en-la-americana?agent=javier373&lang=es
Guadalajara,Casa,VENTA,4350000,,7.0,3.0,321,https://www.aciertamax.com/property/casa-venta-colonia-insurgentes-insurgentes-3a-secc?agent=javier373&lang=es
Guadalajara,Departamento,VENTA,4350000,"Departamento en Venta en Country Club Guadalajara Country Club, Guadalajara",2.0,2.0,91,https://www.aciertamax.com/property/departamento-en-venta-en-country-club-guadalajara-4a203afd-6acb-4f4f-ab67-37042d1e1fa4?agent=javier373&lang=es
Guadalajara,Departamento,VENTA,4350000,Departamento en Venta 2 Recamaras Torre Alcalde 88. 66 m² en Alcalde Barranq,2.0,2.0,66,https://www.aciertamax.com/property/departamento-en-venta-colonia-alcalde-barranquitas?agent=javier373&lang=es
Guadalajara,Casa,VENTA,4349000,"Casa en Venta en la Col. San Eugenio San Eugenio, Guadalajara Casa 3",3.0,2.0,173.77,https://www.aciertamax.com/property/casa-en-venta-en-la-col-san-eugenio?agent=javier373&lang=es
Guadalajara,Departamento,VENTA,4320000,,2.0,1.0,60,https://www.aciertamax.com/property/departamento-en-venta-torre-luum-colonia-americana-americana?agent=javier373&lang=es
Guadalajara,Departamento,VENTA,4300000,"Departamento en venta zona Chapultepec Americana, Guadalajara Departamento 1",1.0,1.0,67,https://www.aciertamax.com/property/departamento-en-venta-zona-chapultepec-americana-guadalajara?agent=javier373&lang=es
Guadalajara,Casa,VENTA,4300000,"Casa en Venta en Guadalajara, Calle Brillante, Col. El Retiro El Ret",7.0,1.0,361,https://www.aciertamax.com/property/casa-en-venta-en-guadalajara-calle-brillante-col-el-retiro?agent=javier373&lang=es
Guadalajara,Departamento,VENTA,4300000,,1.0,1.0,54,https://www.aciertamax.com/property/estudio-en-colomos-providencia-ideal-para-inversionistas-colomos-providencia?agent=javier373&lang=es
Guadalajara,Departamento,VENTA,4300000,"Departamento en venta Brasilia Colomos Providencia, Guadalajara Departamento",1.0,1.0,60,https://www.aciertamax.com/property/departamento-en-renta-brasilia-colomos-providencia-guadalajara?agent=javier373&lang=es
Guadalajara,Departamento,VENTA,4293000,"Departamentos en VENTA en TORRE ATENA Americana, Guadalajara Departamento 1 r",1.0,1.0,59,https://www.aciertamax.com/property/departamentos-en-venta-en-torre-atena-americana?agent=javier373&lang=es
Guadalajara,Departamento,VENTA,4292812,,1.0,1.0,59,https://www.aciertamax.com/property/estrena-loft-en-la-americana-torre-atena?agent=javier373&lang=es
Guadalajara,Departamento,VENTA,4290000,"Departamento en venta – Arcos Vallarta, Guadalajara Arcos Vallarta, Guadalaj",1.0,1.0,,https://www.aciertamax.com/property/departamento-en-venta-arcos-vallarta-guadalajara-bc34d478-e1b0-42fb-9107-3c8edc49d55e?agent=javier373&lang=es
Guadalajara,Departamento,VENTA,4250000,,3.0,1.0,89,https://www.aciertamax.com/property/departamento-en-venta-en-guadalajara-jalisco-jardines-de-la-paz?agent=javier373&lang=es
Guadalajara,Departamento,VENTA,4243125,,2.0,1.0,67.89,https://www.aciertamax.com/property/departamento-en-venta-torre-cassianova-moderna-guadalajara?agent=javier373&lang=es
Guadalajara,Departamento,VENTA,4200000,,1.0,1.0,52,https://www.aciertamax.com/property/departamento-en-vento-torre-vibranta?agent=javier373&lang=es
Guadalajara,Casa,VENTA,4200000,"Casa de Una Sola Planta en Venta en Jardines de Santa Isabel Jardines de Santa Isabel,",2.0,1.0,113,https://www.aciertamax.com/property/casa-de-una-sola-planta-amueblada-en-venta-y-renta-en-jardines-de-santa-isabel?agent=javier373&lang=es
Guadalajara,Casa,VENTA,4195000,"Casa en Jardines de La Paz Jardines de La Paz, Guadalajara Casa 6 re",6.0,2.0,184,https://www.aciertamax.com/property/casa-en-jardines-de-la-paz-20fc76ab-4599-49a9-8e85-362765d4223b?agent=javier373&lang=es
Guadalajara,Departamento,VENTA,4192238,"Departamentos en Venta Colonia Americana Americana, Guadalajara Clave interna",1.0,2.0,64.44,https://www.aciertamax.com/property/departamentos-en-venta-col-americana?agent=javier373&lang=es
Guadalajara,Departamento,VENTA,4186000,,1.0,1.0,58,https://www.aciertamax.com/property/estrena-depa-en-el-corazon-de-la-americana?agent=javier373&lang=es
Guadalajara,Departamento,VENTA,4171381,"Departamento en venta en la Colonia Americana Americana, Guadalajara Clave i",2.0,2.0,64.44,https://www.aciertamax.com/property/departamento-en-venta-en-la-colonia-americana-5e0d06c0-2518-42d1-af76-b6db49237e87?agent=javier373&lang=es
Guadalajara,Departamento,VENTA,4150000,,1.0,1.0,54,https://www.aciertamax.com/property/adquiere-tu-nuevo-depa-en-zona-minerva?agent=javier373&lang=es
Guadalajara,Departamento,VENTA,4150000,"Departamento en Venta en Colonia Americana Lafayette, Guadalajara Departamen",2.0,1.0,93,https://www.aciertamax.com/property/excelente-departamento-en-venta-en-colonia-americana-lafayette?agent=javier373&lang=es
Guadalajara,Departamento,VENTA,4149600,,1.0,1.0,68,https://www.aciertamax.com/property/zuno-departamento-en-venta?agent=javier373&lang=es
Guadalajara,Casa,VENTA,4120000,,5.0,2.0,144,https://www.aciertamax.com/property/se-vende-casa-en-la-colonia-morelos?agent=javier373&lang=es
Guadalajara,Departamento,VENTA,4117302,"Departamentos en Venta en Arcos Vallarta, Guadalajara Jalisco Arcos Vallarta,",1.0,1.0,68.93,https://www.aciertamax.com/property/departamentos-en-preventa-en-arcos-vallarta-torre-morelos-2-arcos-vallarta?agent=javier373&lang=es
Guadalajara,Casa,VENTA,4100000,"Casa en venta, Jardines del Nilo Jardines del Nilo, Guadalajara Casa",3.0,2.0,150,https://www.aciertamax.com/property/casa-en-venta-col-insurgentes-insurgentes-2a-secc?agent=javier373&lang=es
Guadalajara,Departamento,VENTA,4100000,,1.0,1.0,56,https://www.aciertamax.com/property/renta-depa-nuevo-en-la-zona-minerva?agent=javier373&lang=es
Guadalajara,Departamento,VENTA,4090000,,1.0,1.0,59.14,https://www.aciertamax.com/property/depa-en-venta-vibranta-americana?agent=javier373&lang=es
Guadalajara,Departamento,VENTA,4067500,,1.0,1.0,90.59,https://www.aciertamax.com/property/departamento-en-venta-torre-cassianova-ade0e6d9-b283-4b53-95ae-7df92e88c3d8?agent=javier373&lang=es
Guadalajara,Departamento,VENTA,4050000,,3.0,2.0,95,https://www.aciertamax.com/property/departamento-en-la-calma-cp-45070?agent=javier373&lang=es
Guadalajara,Departamento,VENTA,4043000,"Departamentos en venta en el Country - YU Country Lomas Del Country, Guadalaj",1.0,1.0,52.4,https://www.aciertamax.com/property/departamentos-en-venta-en-yu-country-lomas-del-country?agent=javier373&lang=es
Guadalajara,Departamento,VENTA,4033400,"Departamento a estrenar en Providencia Prados de Providencia, Guadalajara Departamento",2.0,1.0,55.35,https://www.aciertamax.com/property/departamento-a-estrenar-en-providencia-cd09c8a4-aae0-4428-95fe-b7f1d9b6110b?agent=javier373&lang=es
Guadalajara,Casa,VENTA,4000000,Casa en venta c/ Rec en planta baja en Guadalajara oriente Guadalaja,4.0,3.0,176.93,https://www.aciertamax.com/property/casa-en-venta-c-rec-en-planta-baja-en-guadalajara-oriente?agent=javier373&lang=es
Guadalajara,Casa,VENTA,4000000,"Casa en venta en colonia 18 de marzo 18 de Marzo, Guadalajara Casa 4",4.0,2.0,159,https://www.aciertamax.com/property/casa-en-venta-en-colonia-18-de-marzo-18-de-marzo-guadalajara?agent=javier373&lang=es
Guadalajara,Departamento,VENTA,3995760,"Departamento en venta en Villaseñor Villaseñor, Guadalajara Clave interna: C",1.0,1.0,53.58,https://www.aciertamax.com/property/departamento-en-venta-en-villasenor?agent=javier373&lang=es
Guadalajara,Departamento,VENTA,3990000,,1.0,1.0,54,https://www.aciertamax.com/property/departamento-en-venta-en-guadalajara-jalisco-colonia-americana?agent=javier373&lang=es
Guadalajara,Casa,VENTA,3980000,,4.0,3.0,152,https://www.aciertamax.com/property/el-manantial-casa-recien-remodelada-en-venta-el-manantial-guadalajara?agent=javier373&lang=es
Guadalajara,Departamento,VENTA,3971565,"Departamento en Venta | Colonia Americana, Guadalajara Americana, Guadalajar",1.0,1.0,55.12,https://www.aciertamax.com/property/departamento-en-venta-colonia-americana-guadalajara-6ab4aef1-b2a3-44db-bc57-6c55675872de?agent=javier373&lang=es
Guadalajara,Departamento,VENTA,3971565,"Departamentos en Venta Colonia Americana Americana, Guadalajara Clave interna",1.0,1.0,55.12,https://www.aciertamax.com/property/departamentos-en-venta-col-americana-americana?agent=javier373&lang=es
Guadalajara,Departamento,VENTA,3970000,,1.0,1.0,52,https://www.aciertamax.com/property/estudio-de-lujo-en-venta?agent=javier373&lang=es
Guadalajara,Departamento,VENTA,3966684,"Departamento en venta en Warhol Providencia (Colomos) Colomos Providencia, G",1.0,1.0,54,https://www.aciertamax.com/property/departamento-en-venta-en-warhol-providencia-colomos-colomos-providencia-guadalajara?agent=javier373&lang=es
Guadalajara,Departamento,VENTA,3949000,"Departamento en venta amueblado en la americana Americana, Guadalajara Clave",2.0,1.0,76,https://www.aciertamax.com/property/departamento-en-venta-en-la-americana-c690d867-635b-4d43-9eac-c70da9aa16ee?agent=javier373&lang=es
Guadalajara,Casa,VENTA,3925700,"Casa en venta en Col. San Vicente San Vicente, Guadalajara Clave int",4.0,1.0,150,https://www.aciertamax.com/property/casa-en-venta-en-col-san-vicente-san-vicente-guadalajara?agent=javier373&lang=es
Guadalajara,Departamento,VENTA,3915000,"Departamento en venta en Av. 16 de septiembre Moderna, Guadalajara Departame",2.0,2.0,70.66,https://www.aciertamax.com/property/departamento-en-venta-en-av-16-de-septiembre-moderna-guadalajara?agent=javier373&lang=es
Guadalajara,Departamento,VENTA,3900000,,2.0,2.0,80,https://www.aciertamax.com/property/departamento-aurora-boreal-con-balcon-nivel-11?agent=javier373&lang=es
Guadalajara,Departamento,VENTA,3900000,,2.0,2.0,121.08,https://www.aciertamax.com/property/duplex-en-venta-en-planta-alta-con-roof-garden-en-huentitan-guadalajara?agent=javier373&lang=es
Guadalajara,Departamento,VENTA,3900000,"Departamento en Venta Airbnb Arcos Vallarta, Guadalajara Departamento 2 recá",2.0,2.0,77,https://www.aciertamax.com/property/departamento-en-venta-airbnb?agent=javier373&lang=es
Guadalajara,Casa,VENTA,3900000,"Casa en venta, Col. del Fresno, Guadalajara, Jal. Del Fresno 2a. sec",4.0,2.0,224.6,https://www.aciertamax.com/property/casa-en-venta-col-del-fresno-guadalajara-jal?agent=javier373&lang=es
Guadalajara,Departamento,VENTA,3898534,Departamento en Venta 82.44 m² 2 recamaras Alcalde Barranquitas Alcalde Barr,2.0,2.0,82.44,https://www.aciertamax.com/property/departamento-en-venta-81-m-alcalde-barranquitas-alcalde-barranquitas?agent=javier373&lang=es
Guadalajara,Departamento,VENTA,3890000,,1.0,1.0,60.34,https://www.aciertamax.com/property/estrena-excelente-depa?agent=javier373&lang=es
Guadalajara,Departamento,VENTA,3890000,"Departamento en venta, Torre Margot, col, Chapalita , Guadalajara, jal Chapa",1.0,1.0,45.4,https://www.aciertamax.com/property/departamento-en-venta-torre-margot-col-chapalita-guadalajara-jal-chapalita?agent=javier373&lang=es
Guadalajara,Departamento,VENTA,3880000,Departamento en Venta Barrio de Santa Teresita - Condominio Coronel Romeo. S,2.0,2.0,96,https://www.aciertamax.com/property/departamento-en-venta-barrio-de-santa-teresita-condominio-coronel-romeo-695fd5c9-da5b-46dc-864f-847a16d5c0ee?agent=javier373&lang=es
Guadalajara,Casa,VENTA,3850000,Casa en Francisco Sarabia cerca de la Clinica 110 Circunvalación Obl,4.0,4.0,241,https://www.aciertamax.com/property/casa-en-francisco-sarabia-cerca-de-la-clinica-110?agent=javier373&lang=es
Guadalajara,Casa,VENTA,3850000,"Casa en Venta en Guadalajara, Oriente Guadalajara Oriente, Guadalaja",3.0,1.0,180,https://www.aciertamax.com/property/casa-en-venta-en-guadalajara-oriente-guadalajara-oriente-casa?agent=javier373&lang=es
Guadalajara,Departamento,VENTA,3837403,,,1.0,54.12,https://www.aciertamax.com/property/venta-nuevo-loft-amueblado?agent=javier373&lang=es
Guadalajara,Departamento,VENTA,3817788,"Departamento en Colonia Moderna Moderna, Guadalajara Departamento 1 recámara",1.0,1.0,53,https://www.aciertamax.com/property/departamento-en-colonia-moderna-67252ae6-9712-467d-b941-bf0c2070706e?agent=javier373&lang=es
Guadalajara,Casa,VENTA,3800000,"Casa en venta en Colonia Lázaro Cárdenas Sur Lázaro Cárdenas Sur, Gu",4.0,2.0,312,https://www.aciertamax.com/property/casa-en-venta-en-colonia-lazaro-cardenas-sur?agent=javier373&lang=es
Guadalajara,Casa,VENTA,3800000,,2.0,2.0,295.76,https://www.aciertamax.com/property/propiedad-de-uso-mixto-con-gran-potencial?agent=javier373&lang=es
Guadalajara,Departamento,VENTA,3800000,"Departamento nuevo en Yu country Country Club, Guadalajara Departamento 1 recámara",1.0,1.0,52.4,https://www.aciertamax.com/property/departamento-nuevo-en-yu-country?agent=javier373&lang=es
Guadalajara,Departamento,VENTA,3800000,"Departamento nuevo en Yu country Country Club, Guadalajara Departamento 1 recámara",1.0,1.0,52.4,https://www.aciertamax.com/property/departamento-en-preventa-en-providencia-e4e7218e-fe92-4bde-b0ff-fc03a8f51256?agent=javier373&lang=es
Guadalajara,Departamento,VENTA,3800000,"Departamento nuevo en Yu country Country Club, Guadalajara Departamento 1 recámara",1.0,1.0,52.4,https://www.aciertamax.com/property/departamento-en-preventa-en-providencia-2cde83aa-0394-4d6a-914d-fc849ceb0e81?agent=javier373&lang=es
Guadalajara,Departamento,VENTA,3800000,"Departamento nuevo en Yu country Country Club, Guadalajara Departamento 1 recámara",1.0,1.0,52.4,https://www.aciertamax.com/property/departamento-en-preventa-en-providencia-f86ed018-75a5-40ce-a62e-219f8f540839?agent=javier373&lang=es
Guadalajara,Departamento,VENTA,3800000,"Departamento nuevo en Yu country Country Club, Guadalajara Departamento 1 recámara",1.0,1.0,52.4,https://www.aciertamax.com/property/departamento-en-preventa-torre-hipodromo-flex?agent=javier373&lang=es
Guadalajara,Casa,VENTA,3800000,"Casa en venta en Colonia Lázaro Cárdenas Sur Lázaro Cárdenas Sur, Gu",4.0,2.0,312,https://www.aciertamax.com/property/casa-en-venta-en-colonia-lazaro-cardenas-sur-lazaro-cardenas-sur?agent=javier373&lang=es
Guadalajara,Departamento,VENTA,3797000,"Departamento en Venta, Colomos Providencia, Guadalajara Colomos Providencia,",3.0,2.0,83,https://www.aciertamax.com/property/departamento-en-venta-colomos-providencia-guadalajara-fd9518f2-b1e3-460e-8ee7-f0848e6c5b27?agent=javier373&lang=es
Guadalajara,Departamento,VENTA,3791570,"Departamento nuevo en venta a unos pasos del Expiatorio Americana, Guadalajara Cla",1.0,1.0,81.91,https://www.aciertamax.com/property/departamento-nuevo-en-venta-a-unos-pasos-del-expiatorio-americana?agent=javier373&lang=es
Guadalajara,Casa,VENTA,3790000,"Casa en venta por Mercado de Abastos Las Torres, Guadalajara Casa 5",5.0,2.0,240,https://www.aciertamax.com/property/casa-en-venta-por-mercado-de-abastos?agent=javier373&lang=es
Guadalajara,Departamento,VENTA,3788522,Departamento en venta en torre boutique | Italia Providencia Italia Providen,1.0,1.0,65.09,https://www.aciertamax.com/property/departamento-en-venta-en-torre-boutique-italia-providencia-906cb61e-2f55-40f5-a61d-e76cfa65cde9?agent=javier373&lang=es
Guadalajara,Departamento,VENTA,3788522,Departamento en venta en torre boutique | Italia Providencia Italia Providen,1.0,1.0,65.09,https://www.aciertamax.com/property/departamento-en-venta-en-torre-boutique-italia-providencia-italia-providencia-departamento?agent=javier373&lang=es
Guadalajara,Departamento,VENTA,3726285,,2.0,1.0,60.59,https://www.aciertamax.com/property/departamento-en-venta-torre-cassianova-moderna-departamento?agent=javier373&lang=es
Guadalajara,Casa,VENTA,3700000,"Casa en venta Santa Elena Alcalde Santa Elena Alcalde Oriente, Guada",4.0,2.0,290,https://www.aciertamax.com/property/casa-en-venta-santa-elena-alcalde-santa-elena-alcalde-oriente-guadalajara?agent=javier373&lang=es
Guadalajara,Departamento,VENTA,3700000,"Departamento en venta en Arcos, Guadalajara. Arcos, Guadalajara Departamento",2.0,2.0,76,https://www.aciertamax.com/property/departamento-en-renta-en-arcos-guadalajara?agent=javier373&lang=es
Guadalajara,Departamento,VENTA,3700000,,1.0,1.0,56,https://www.aciertamax.com/property/inveirte-en-el-corazon-de-la-ciudad?agent=javier373&lang=es
Guadalajara,Departamento,VENTA,3700000,,1.0,1.0,56,https://www.aciertamax.com/property/estrena-a-unas-cuadras-del-corazcon-de-la-ciudad?agent=javier373&lang=es
Guadalajara,Casa,VENTA,3700000,,6.0,2.0,250,https://www.aciertamax.com/property/casa-en-venta-en-guadalajara-jalisco-colonia-san-andres?agent=javier373&lang=es
Guadalajara,Departamento,VENTA,3665708,"Departamento Tipo TOWNHOUSE  en ORZA LOFT | Planta Baja Moderna, Guadalajara Departamento 1",1.0,2.0,81.93,https://www.aciertamax.com/property/departamento-tipo-townhouse-en-orza-loft?agent=javier373&lang=es
Guadalajara,Departamento,VENTA,3657470,"Departamento a estrenar en Providencia Prados de Providencia, Guadalajara Departamento",1.0,1.0,51.2,https://www.aciertamax.com/property/departamento-a-estrenar-en-providencia-fee87fec-a6bb-46ea-bda4-6c3d3c87d6c4?agent=javier373&lang=es
Guadalajara,Departamento,VENTA,3650000,"Departamento en Venta en Planta Baja, Acervo Living Artesanos, Guadalajara D",2.0,2.0,77,https://www.aciertamax.com/property/increible-departamento-en-vemta-en-planta-baja-acervol-living-av-federalismo?agent=javier373&lang=es
Guadalajara,Departamento,VENTA,3628588,Departamento en venta  Avila Camacho y Enrique Díaz de León Mezquitan Countr,1.0,1.0,49.32,https://www.aciertamax.com/property/departamento-en-venta-entre-avila-camacho-y-enrique-diaz-de-leon?agent=javier373&lang=es
Guadalajara,Departamento,VENTA,3625000,Departamento en Venta Barrio de Santa Teresita - Condominio Coronel Romeo. S,2.0,2.0,73,https://www.aciertamax.com/property/departamento-en-venta-barrio-de-santa-teresita-condominio-coronel-romeo-8abb4393-a7df-4d3a-a9ad-7013ebde3baa?agent=javier373&lang=es
Guadalajara,Departamento,VENTA,3611990,"Departamento en Venta, Torre Orza con Roof Top y Balcón Moderna, Guadalajara",1.0,1.0,89.53,https://www.aciertamax.com/property/departamento-en-venta-torre-orza-con-roof-top-y-balcon?agent=javier373&lang=es
Guadalajara,Departamento,VENTA,3600000,,2.0,2.0,49.04,https://www.aciertamax.com/property/departamentos-en-preventa-en-chapultepec-americana?agent=javier373&lang=es
Guadalajara,Departamento,VENTA,3600000,"Departamento en Venta en Colonia Americana, Guadalajara Lafayette, Guadalaja",1.0,1.0,44,https://www.aciertamax.com/property/departamento-en-venta-en-colonia-americana-guadalajara-lafayette?agent=javier373&lang=es
Guadalajara,Departamento,VENTA,3553081,,,,,https://www.aciertamax.com/property/delia?agent=javier373&lang=es
Guadalajara,Departamento,VENTA,3532322,"Departamento en Venta en Villaseñor Villaseñor, Guadalajara Clave interna: C",1.0,1.0,53.58,https://www.aciertamax.com/property/departamento-en-venta-en-villasenor-villasenor?agent=javier373&lang=es
Guadalajara,Departamento,VENTA,3525000,,1.0,1.0,60,https://www.aciertamax.com/property/departamento-en-venta-torre-wit-ladron-de-guevara?agent=javier373&lang=es
Guadalajara,Departamento,VENTA,3500000,"Departamento en venta Aurora Boreal Towers – Piso 11 Fidel Velázquez, Guadal",2.0,2.0,82.88,https://www.aciertamax.com/property/departamento-en-venta-aurora-boreal-towers-piso-11?agent=javier373&lang=es
Guadalajara,Departamento,VENTA,3500000,,2.0,1.0,108.48,https://www.aciertamax.com/property/duplex-planta-baja-en-venta-en-huentitan-guadalajara?agent=javier373&lang=es
Guadalajara,Departamento,VENTA,3500000,"Departamento en venta, COORDENADA COUNTRY Ayuntamiento, Guadalajara Departam",1.0,1.0,55,https://www.aciertamax.com/property/departamento-en-venta-coordenada-country-ayuntamiento?agent=javier373&lang=es
Guadalajara,Casa,VENTA,3500000,,4.0,1.0,177,https://www.aciertamax.com/property/oportunidad-en-venta-zona-mercados-de-abastos?agent=javier373&lang=es
Guadalajara,Departamento,VENTA,3500000,,1.0,1.0,61,https://www.aciertamax.com/property/departamento-en-renta-col-artesanos-artesanos-guadalajara?agent=javier373&lang=es
Guadalajara,Departamento,VENTA,3500000,,1.0,1.0,61,https://www.aciertamax.com/property/departamento-en-renta-col-artesanos-artesanos?agent=javier373&lang=es
Guadalajara,Departamento,VENTA,3500000,"Departamento a la venta en Arcos Vallarta Arcos Vallarta, Guadalajara Departamento 1 re",1.0,1.0,48,https://www.aciertamax.com/property/departamento-a-la-venta-renta-en-arcos-vallarta?agent=javier373&lang=es
Guadalajara,Departamento,VENTA,3500000,"Departamento de 83 m² con 2 Recámaras en Venta en Americana Hof Arcos Vallarta, Guadalajara Departame",2.0,1.0,83,https://www.aciertamax.com/property/penthouse-en-venta-en-providencia-prados-de-providencia?agent=javier373&lang=es
Guadalajara,Departamento,VENTA,3500000,"Departamento de 83 m² con 2 Recámaras en Venta en Americana Hof Arcos Vallarta, Guadalajara Departame",2.0,1.0,83,https://www.aciertamax.com/property/penthouse-en-preventa-colomos-providencia?agent=javier373&lang=es
Guadalajara,Departamento,VENTA,3500000,"Departamento de 83 m² con 2 Recámaras en Venta en Americana Hof Arcos Vallarta, Guadalajara Departame",2.0,1.0,83,https://www.aciertamax.com/property/brezo-torre-urbana-preventa?agent=javier373&lang=es
Guadalajara,Departamento,VENTA,3500000,"Departamento de 83 m² con 2 Recámaras en Venta en Americana Hof Arcos Vallarta, Guadalajara Departame",2.0,1.0,83,https://www.aciertamax.com/property/soneto-providencia-preventa?agent=javier373&lang=es
Guadalajara,Departamento,VENTA,3499000,,2.0,2.0,86,https://www.aciertamax.com/property/departamento-en-venta-fidel-velazquez-departamento?agent=javier373&lang=es
Guadalajara,Departamento,VENTA,3490000,,3.0,2.0,85,https://www.aciertamax.com/property/departamento-en-venta-torre-acervo-piso-10?agent=javier373&lang=es
Guadalajara,Casa en condominio,VENTA,3490000,"Casa en Venta en Coto Balcones de la Joya Balcones de La Joya, Guada",3.0,2.0,133,https://www.aciertamax.com/property/casa-en-venta-en-coto-balcones-de-la-joya?agent=javier373&lang=es
Guadalajara,Departamento,VENTA,3450000,,,1.0,47.23,https://www.aciertamax.com/property/loft-amueblado-en-venta-torre-margot-407-exclusivo-y-listo-para-habitar?agent=javier373&lang=es
Guadalajara,Departamento,VENTA,3450000,,,1.0,47.38,https://www.aciertamax.com/property/loft-amueblado-en-venta-torre-margot-420-exclusivo-y-listo-para-habitar?agent=javier373&lang=es
Guadalajara,Departamento,VENTA,3450000,,2.0,2.0,66,https://www.aciertamax.com/property/departamento-en-maravilia?agent=javier373&lang=es
Guadalajara,Casa en condominio,VENTA,3449000,"Casa en condominio 3 recámaras, 1 baño 80.3 m² Ver detalles",3.0,1.0,80.3,https://www.aciertamax.com/property/casa-en-venta-en-guadalajara-jalisco-villas-del-nilo?agent=javier373&lang=es
Guadalajara,Departamento,VENTA,3420000,,6.0,1.0,189,https://www.aciertamax.com/property/casa-grande-en-venta-con-departamento-independiente-en-guadalajara?agent=javier373&lang=es
Guadalajara,Casa en condominio,VENTA,3400000,"Casa en Coto en Jardines del Nilo? Jardines del Nilo, Guadalajara Ca",2.0,1.0,70,https://www.aciertamax.com/property/buscas-casa-en-coto-en-jardines-del-nilo?agent=javier373&lang=es
Guadalajara,Departamento,VENTA,3400000,,2.0,2.0,60,https://www.aciertamax.com/property/departamento-nuevo-en-venta-a-cuadras-de-gonzalez-gallo?agent=javier373&lang=es
Guadalajara,Casa,VENTA,3400000,,3.0,2.0,158,https://www.aciertamax.com/property/excelente-casa-para-fines-comerciales-en-venta-sobre-av-colon?agent=javier373&lang=es
Guadalajara,Casa,VENTA,3400000,,3.0,1.0,108,https://www.aciertamax.com/property/oportunidad-de-inversion-casa-en-venta-en-analco?agent=javier373&lang=es
Guadalajara,Departamento,VENTA,3390000,Departamento en Venta Madison Loft Frente a Plaza Midtown Punto Sao Paulo en,1.0,1.0,54,https://www.aciertamax.com/property/departamento-en-venta-madison-loft-frente-a-plaza-midtown-punto-sao-paulo-en-gdl?agent=javier373&lang=es
Guadalajara,Casa,VENTA,3385000,"Casa en Venta en Zona Industrial Zona Industrial 2a. Sección, Guadal",3.0,2.0,162,https://www.aciertamax.com/property/casa-en-venta-en-zona-industrial?agent=javier373&lang=es
Guadalajara,Departamento,VENTA,3338000,"Departamento en venta en Oblatos Oblatos, Guadalajara Clave interna: 5630933",2.0,2.0,74,https://www.aciertamax.com/property/departamento-en-venta-en-oblatos-oblatos?agent=javier373&lang=es
Guadalajara,Departamento,VENTA,3300000,,1.0,1.0,85,https://www.aciertamax.com/property/departamento-en-venta-la-americana-18a3faf4-a00c-4ab2-995f-b5ed49456810?agent=javier373&lang=es
Guadalajara,Departamento,VENTA,3300000,,1.0,1.0,85,https://www.aciertamax.com/property/departamento-en-la-americana-7d12369b-4ada-4856-bc96-7eb6e25f54c8?agent=javier373&lang=es
Guadalajara,Departamento,VENTA,3300000,"Departamento amueblado en Venta en Col. Chapalita, Guadalajara, Jalisco Chapalita, Gua",1.0,1.0,41,https://www.aciertamax.com/property/departamento-amueblado-en-venta-en-col-chapalita-guadalajara-jalisco?agent=javier373&lang=es
Guadalajara,Departamento,VENTA,3300000,"Departamentos en Peventa en Ladron de Guevara, Guadalajara, Jalisco Ladrón de",1.0,1.0,50,https://www.aciertamax.com/property/departamentos-en-preventa-en-ladron-de-guevara-guadalajara-jalisco-ladron-de-guevara?agent=javier373&lang=es
Guadalajara,Departamento,VENTA,3300000,Departamento en Venta en La Mejor Zona de Guadalajara a Solo 5 Min de Midtow,1.0,1.0,43,https://www.aciertamax.com/property/departamento-en-venta-en-la-mejor-zona-de-guadalajara-a-solo-5-min-de-midtown?agent=javier373&lang=es
Guadalajara,Departamento,VENTA,3300000,"Departamento en venta, colonia Providencia Providencia 4a Secc, Guadalajara",2.0,1.0,70,https://www.aciertamax.com/property/departamento-en-venta-colonia-providencia-providencia-4a-secc?agent=javier373&lang=es
Guadalajara,Casa,VENTA,3299000,,3.0,1.0,136,https://www.aciertamax.com/property/casa-en-venta-en-guadalajara-jalisco-jardines-del-nilo-jardines-del-nilo?agent=javier373&lang=es
Guadalajara,Departamento,VENTA,3290000,,2.0,2.0,70.25,https://www.aciertamax.com/property/ultimos-departamentos-nuevos-en-existencia-en-la-colonia-moderna-en-guadalajara?agent=javier373&lang=es
Guadalajara,Departamento,VENTA,3290000,,1.0,1.0,76,https://www.aciertamax.com/property/departamento-en-venta-en-valle-real-jardines-del-valle-guadalajara?agent=javier373&lang=es
Guadalajara,Departamento,VENTA,3290000,,2.0,2.0,70.25,https://www.aciertamax.com/property/ultimos-departamentos-nuevos-en-la-colonia-moderna-en-guadalajara?agent=javier373&lang=es
Guadalajara,Departamento,VENTA,3267656,"Departamento PH en Preventa en Colomos Providencia Colomos Providencia, Guadala",1.0,1.0,64.44,https://www.aciertamax.com/property/departamento-ph-en-preventa-en-colomos-providencia?agent=javier373&lang=es
Guadalajara,Departamento,VENTA,3256880,,,,,https://www.aciertamax.com/property/veq-bruselas?agent=javier373&lang=es
Guadalajara,Departamento,VENTA,3250000,"Departamento en Venta en Av. De La Paz, Guadalajara, Jalisco Americana, Guad",2.0,1.0,113,https://www.aciertamax.com/property/departamentos-en-venta-en-av-de-la-paz-guadalajara-jalisco?agent=javier373&lang=es
Guadalajara,Departamento,VENTA,3250000,,1.0,1.0,85,https://www.aciertamax.com/property/la-americana-americana-guadalajara?agent=javier373&lang=es
Guadalajara,Departamento,VENTA,3250000,"Departamento en Av. López de Legaspi, Col. 18 de Marzo en Guadalajara, Jalis",1.0,1.0,85,https://www.aciertamax.com/property/departamentos-en-venta-en-la-americana-guadalajara?agent=javier373&lang=es
Guadalajara,Departamento,VENTA,3220000,,1.0,1.0,49,https://www.aciertamax.com/property/departamento-en-preventa-en-torre-heritage-col-americana?agent=javier373&lang=es
Guadalajara,Casa,VENTA,3195000,Casa en venta en avenida Federalismo colonia Guadalupana Guadalupana,2.0,1.0,151,https://www.aciertamax.com/property/casa-en-venta-en-avenida-federalismo-colonia-guadalupana?agent=javier373&lang=es
Guadalajara,Departamento,VENTA,3194266,"Departamento en Venta Balcones de Santa Maria Nueva España, Guadalajara Clav",2.0,2.0,69.99,https://www.aciertamax.com/property/departamento-en-venta-balcones-de-santa-maria-nueva-espana?agent=javier373&lang=es
Guadalajara,Departamento,VENTA,3180000,,2.0,1.0,99,https://www.aciertamax.com/property/departamento-en-venta-jardines-del-bosque-planta-baja-terraza?agent=javier373&lang=es
Guadalajara,Departamento,VENTA,3150227,"Departamento en venta TORRE XII en la Colonia Americana, Guadalajara, Jalisc",1.0,1.0,56.01,https://www.aciertamax.com/property/departamento-en-venta-torre-xii-en-la-colonia-americana-guadalajara-jalisco?agent=javier373&lang=es
Guadalajara,Departamento,VENTA,3150000,,2.0,2.0,76.27,https://www.aciertamax.com/property/colon-y-periferico-departamento-en-venta-777945e8-0622-4a4f-b406-37d9294ab416?agent=javier373&lang=es
Guadalajara,Departamento,VENTA,3150000,"Departamento en Venta en Av. De La Paz, Guadalajara, Jalisco Americana, Guad",2.0,1.0,116,https://www.aciertamax.com/property/departamentos-en-venta-en-av-de-la-paz-guadalajara-jalisco-americana?agent=javier373&lang=es
Guadalajara,Departamento,VENTA,3150000,,2.0,1.0,56.86,https://www.aciertamax.com/property/departamento-a-estrenar-en-desarrollo-boutique-levante-zona-santa-tere?agent=javier373&lang=es
Guadalajara,Departamento,VENTA,3114000,,,1.0,52,https://www.aciertamax.com/property/departamento-en-preventa-guadalajara-centro-guadalajara-centro?agent=javier373&lang=es
Guadalajara,Departamento,VENTA,3110000,"Departamento en Venta El Dean, Guadalajara Departamento 2 recámaras, 2 baños",2.0,2.0,78,https://www.aciertamax.com/property/departamento-en-venta-2a639a5e-4e48-41d5-9126-3b270ab4d3a1?agent=javier373&lang=es
Guadalajara,Departamento,VENTA,3100000,"Departamento en Venta en Col. Alcalde, Guadalajara Alcalde Barranquitas, Gua",3.0,2.0,85,https://www.aciertamax.com/property/departamento-en-venta-en-guadalajara-alcalde?agent=javier373&lang=es
Guadalajara,Departamento,VENTA,3100000,"Departamento en Venta | Colonia Americana, Guadalajara Americana, Guadalajar",1.0,1.0,41.78,https://www.aciertamax.com/property/qalina-departamento-en-venta-colonia-americana-guadalajara?agent=javier373&lang=es
Guadalajara,Departamento,VENTA,3100000,"Departamento en Venta en Mezquitán Country Mezquitan Country, Guadalajara De",2.0,2.0,82,https://www.aciertamax.com/property/departamento-en-venta-en-mezquitan-country-46cde011-e823-4da6-9e2b-c18f5c515961?agent=javier373&lang=es
Guadalajara,Departamento,VENTA,3100000,,2.0,2.0,95,https://www.aciertamax.com/property/departamento-en-venta-en-santa-monica-santa-monica?agent=javier373&lang=es
Guadalajara,Departamento,VENTA,3094867,,1.0,1.0,41,https://www.aciertamax.com/property/tu-espacio-en-la-colonia-americana-desde-3-09-mdp?agent=javier373&lang=es
Guadalajara,Departamento,VENTA,3055000,"Departamento en venta en Av. 16 de septiembre Moderna, Guadalajara Departame",1.0,1.0,46.3,https://www.aciertamax.com/property/departamento-en-venta-en-av-16-de-septiembre-moderna?agent=javier373&lang=es
Guadalajara,Departamento,VENTA,3054900,"Departamento Albert | Preventa en Coordenada Country Villas Del Country, Guadalajara Departame",1.0,1.0,39.74,https://www.aciertamax.com/property/departamento-albert-preventa-en-coordenada-country?agent=javier373&lang=es
Guadalajara,Departamento,VENTA,3042822,"Departamento en venta Jardines del Bosque Jardines del Bosque Centro, Guadal",1.0,1.0,59.71,https://www.aciertamax.com/property/departamento-en-venta-jardines-del-bosque-cf9ff283-a32a-4bcf-9db8-09cdbc074ede?agent=javier373&lang=es
Guadalajara,Departamento,VENTA,3019559,"Departamento nuevo en Colonia Moderna - Coordenada Lafayette Moderna, Guadalajara",1.0,1.0,43.7,https://www.aciertamax.com/property/departamento-a-estrenar-en-coordenada-lafayette-moderna-departamento?agent=javier373&lang=es
Guadalajara,Casa,VENTA,3000000,,5.0,1.0,255,https://www.aciertamax.com/property/casa-en-venta-en-colonia-lomas-del-paraiso-guadalajara?agent=javier373&lang=es
Guadalajara,Casa,VENTA,2995000,,4.0,3.0,,https://www.aciertamax.com/property/casa-en-venta-jardines-del-sur-tlajomulco?agent=javier373&lang=es
Guadalajara,Departamento,VENTA,2990000,"Departamento en Venta en 3 Lagos, Guadalajara! Lomas de Independencia, Guada",2.0,2.0,71,https://www.aciertamax.com/property/hermoso-departamento-en-venta-en-3-lagos-guadalajara?agent=javier373&lang=es
Guadalajara,Casa,VENTA,2990000,"Casa en Venta  4 habitaciones – Colonia Libertad Libertad, Guadalaja",4.0,2.0,195,https://www.aciertamax.com/property/casa-en-venta-4-habitaciones-colonia-libertad?agent=javier373&lang=es
Guadalajara,Casa,VENTA,2990000,,4.0,3.0,209,https://www.aciertamax.com/property/casa-en-venta-en-guadalajara-jalisco-san-andres?agent=javier373&lang=es
Guadalajara,Departamento,VENTA,2987400,,1.0,1.0,43.07,https://www.aciertamax.com/property/venta-de-departamento-en-coordenada-lafayette?agent=javier373&lang=es
Guadalajara,Departamento,VENTA,2987400,"Casa de Una Sola Planta en Venta en Jardines de Santa Isabel Jardines de Santa Isabel,",1.0,1.0,43.07,https://www.aciertamax.com/property/departamento-en-preventa-torre-principia-living-district-44919f41-8f25-44a6-8d54-8be8cb20cbcf?agent=javier373&lang=es
Guadalajara,Departamento,VENTA,2987400,"Casa de Una Sola Planta en Venta en Jardines de Santa Isabel Jardines de Santa Isabel,",1.0,1.0,43.07,https://www.aciertamax.com/property/departamentos-en-preventa-mh-living-jardines-del-bosque-jardines-del-bosque-norte?agent=javier373&lang=es
Guadalajara,Departamento,VENTA,2987400,"Casa de Una Sola Planta en Venta en Jardines de Santa Isabel Jardines de Santa Isabel,",1.0,1.0,43.07,https://www.aciertamax.com/property/departamentos-en-preventa-mh-living-jardines-del-bosque?agent=javier373&lang=es
Guadalajara,Departamento,VENTA,2982492,,2.0,2.0,73.06,https://www.aciertamax.com/property/torres-colon-departamentos-nuevos-milan-246d8c57-5f76-481c-bf4c-87b47a7caacc?agent=javier373&lang=es
Guadalajara,Departamento,VENTA,2962947,,1.0,1.0,44,https://www.aciertamax.com/property/vive-en-el-corazon-de-guadalajara-con-el-equilibrio-perfecto-entre-estilo-y-ubic?agent=javier373&lang=es
Guadalajara,Casa,VENTA,2950000,Casa recién remodelada en venta en Lomas del Paraíso II Joaquín Mucel Lomas del Paraís,3.0,1.0,,https://www.aciertamax.com/property/casa-recien-remodelada-en-venta-en-lomas-del-paraiso-ii-joaquin-mucel?agent=javier373&lang=es
Guadalajara,Departamento,VENTA,2950000,,2.0,1.0,68,https://www.aciertamax.com/property/jardines-del-sol-jardines-de-plaza-del-sol?agent=javier373&lang=es
Guadalajara,Departamento,VENTA,2950000,"Departamento en Venta en Torre Mistral Seis21,  Guadalajara Alcalde Barranqu",2.0,2.0,70,https://www.aciertamax.com/property/departamento-en-venta-en-mistral-seis21-alcalde?agent=javier373&lang=es
Guadalajara,Departamento,VENTA,2950000,"Departamento en Av. López de Legaspi, Col. 18 de Marzo en Guadalajara, Jalis",2.0,1.0,70,https://www.aciertamax.com/property/departamento-en-av-lopez-de-legaspi-col-18-de-marzo-en-guadalajara-jalisco?agent=javier373&lang=es
Guadalajara,Departamento,VENTA,2945210,"Departamentos en Venta en Arcos Vallarta, Guadalajara, Jalisco Arcos Vallarta",1.0,1.0,55.57,https://www.aciertamax.com/property/departamentos-en-preventa-en-arcos-vallarta-torre-morelos-2?agent=javier373&lang=es
Guadalajara,Departamento,VENTA,2930000,,2.0,2.0,83,https://www.aciertamax.com/property/departamentos-gonzalez-gallo-col-atlas-atlas?agent=javier373&lang=es
Guadalajara,Departamento,VENTA,2903312,,,,,https://www.aciertamax.com/property/simona?agent=javier373&lang=es
Guadalajara,Casa en condominio,VENTA,2900000,Casas en Venta en Condominio Bocanegra – Seguridad y Comodidad Blanco,3.0,1.0,84,https://www.aciertamax.com/property/casas-en-venta-en-condominio-bocanegra-seguridad-y-comodidad-d6bbf492-2447-4ab3-b3a9-bb844be03e31?agent=javier373&lang=es
Guadalajara,Departamento,VENTA,2900000,,,1.0,76,https://www.aciertamax.com/property/loft-en-venta-con-terraza-zona-santa-tere?agent=javier373&lang=es
Guadalajara,Casa,VENTA,2900000,"Casa en Venta Tetlán, Guadalajara Casa 2 recámaras, 1 baño 300 m² Ve",2.0,1.0,300,https://www.aciertamax.com/property/casa-en-venta-tetlan-guadalajara?agent=javier373&lang=es
Guadalajara,Departamento,VENTA,2900000,"Departamento en VENTA cerca de Parque Agua Azul 1045 Guadalajara Centro, Gua",2.0,2.0,92,https://www.aciertamax.com/property/venta-departamento-en-azul-1045-vive-la-esencia-de-jalisco-desde-las-alturas?agent=javier373&lang=es
Guadalajara,Casa,VENTA,2890000,,4.0,1.0,173,https://www.aciertamax.com/property/venta-de-casa-por-el-estadio-jalisco?agent=javier373&lang=es
Guadalajara,Departamento,VENTA,2862105,Departamento en Venta 2 Recamaras Torre Alcalde 88. 66 m² en Alcalde Barranq,2.0,2.0,60.97,https://www.aciertamax.com/property/habitad-country?agent=javier373&lang=es
Guadalajara,Departamento,VENTA,2862105,Departamento en Venta 2 Recamaras Torre Alcalde 88. 66 m² en Alcalde Barranq,2.0,2.0,60.97,https://www.aciertamax.com/property/increible-departamento-en-el-country-club?agent=javier373&lang=es
Guadalajara,Departamento,VENTA,2862105,Departamento en Venta 2 Recamaras Torre Alcalde 88. 66 m² en Alcalde Barranq,2.0,2.0,60.97,https://www.aciertamax.com/property/departamentos-en-preventa-en-providencia-7d91adba-8179-4c83-a24a-5bea094d00f2?agent=javier373&lang=es
Guadalajara,Departamento,VENTA,2862105,Departamento en Venta 2 Recamaras Torre Alcalde 88. 66 m² en Alcalde Barranq,2.0,2.0,60.97,https://www.aciertamax.com/property/departamentos-en-preventa-en-providencia-lomas-de-guevara-departamento?agent=javier373&lang=es
Guadalajara,Departamento,VENTA,2862105,Departamento en Venta 2 Recamaras Torre Alcalde 88. 66 m² en Alcalde Barranq,2.0,2.0,60.97,https://www.aciertamax.com/property/departamentos-en-preventa-en-providencia-lomas-de-guevara-guadalajara?agent=javier373&lang=es
Guadalajara,Departamento,VENTA,2862105,Departamento en Venta 2 Recamaras Torre Alcalde 88. 66 m² en Alcalde Barranq,2.0,2.0,60.97,https://www.aciertamax.com/property/departamentos-en-preventa-en-providencia-lomas-de-guevara?agent=javier373&lang=es
Guadalajara,Departamento,VENTA,2862105,Departamento en Venta 2 Recamaras Torre Alcalde 88. 66 m² en Alcalde Barranq,2.0,2.0,60.97,https://www.aciertamax.com/property/departamento-en-preventa-en-el-country-club-country-club-departamento?agent=javier373&lang=es
Guadalajara,Departamento,VENTA,2850000,"Departamentos en preventa en providencia Italia Providencia, Guadalajara Depa",1.0,1.0,37,https://www.aciertamax.com/property/departamentos-en-preventa-en-providencia-colomos-providencia-guadalajara?agent=javier373&lang=es
Guadalajara,Casa,VENTA,2850000,"Casa en el Sauz Jardines El Sauz, Guadalajara Casa 3 recámaras, 2 ba",3.0,2.0,122,https://www.aciertamax.com/property/casa-en-en-sauz?agent=javier373&lang=es
Guadalajara,Departamento,VENTA,2850000,,1.0,1.0,50.94,https://www.aciertamax.com/property/departamento-nuevo-en-desarrollo-boutique-zona-santa-tere?agent=javier373&lang=es
Guadalajara,Departamento,VENTA,2850000,"Departamento en Providencia Italia Providencia, Guadalajara Departamento 1 b",,1.0,64,https://www.aciertamax.com/property/gran-oportunidad-departamento-en-providencia?agent=javier373&lang=es
Guadalajara,Departamento,VENTA,2850000,"Departamento en Providencia Italia Providencia, Guadalajara Departamento 1 b",,1.0,34,https://www.aciertamax.com/property/gran-oportunidad-departamento-en-providencia-italia-providencia?agent=javier373&lang=es
Guadalajara,Departamento,VENTA,2835360,"Departamentos en preventa en providencia Italia Providencia, Guadalajara Depa",,1.0,34,https://www.aciertamax.com/property/departamentos-en-preventa-en-providencia-italia-providencia-guadalajara?agent=javier373&lang=es
Guadalajara,Departamento,VENTA,2828000,"Departamento en Venta en Lomas del Country  Guadalajara San Bernardo, Guadal",2.0,1.0,71,https://www.aciertamax.com/property/departamento-en-venta-en-lomas-del-country-guadalajara-san-bernardo?agent=javier373&lang=es
Guadalajara,Departamento,VENTA,2800000,"Departamentos en preventa en Providencia Italia Providencia, Guadalajara Depa",,1.0,34,https://www.aciertamax.com/property/departamentos-en-preventa-en-providencia-italia-providencia-departamento?agent=javier373&lang=es
Guadalajara,Casa,VENTA,2790000,"Casa en venta en Balcones de Oblatos, Guadalajara Balcones de Oblato",2.0,1.0,196.6,https://www.aciertamax.com/property/casa-en-venta-en-balcones-de-oblatos-guadalajara-balcones-de-oblatos-casa?agent=javier373&lang=es
Guadalajara,Departamento,VENTA,2759885,"Departamentos Nuevos en Zona Centro de Guadalajara(Calle 32 y Javier Oblatos, Guadal",2.0,2.0,58.85,https://www.aciertamax.com/property/departamentos-en-zona-centro-de-guadalajara?agent=javier373&lang=es
Guadalajara,Departamento,VENTA,2753000,"Departamento en Venta El Dean, Guadalajara Departamento 2 recámaras, 2 baños",2.0,2.0,68,https://www.aciertamax.com/property/departamento-en-venta-el-dean-guadalajara?agent=javier373&lang=es
Guadalajara,Departamento,VENTA,2750000,,1.0,1.0,48.48,https://www.aciertamax.com/property/departamento-a-estrenar-notos-zona-santa-tere?agent=javier373&lang=es
Guadalajara,Departamento,VENTA,2750000,"Departamentos en Colonia 18 de Marzo 18 de Marzo, Guadalajara Departamento 2",2.0,1.0,64,https://www.aciertamax.com/property/departamentos-en-av-lopez-de-legaspi-a-3-cuadras-de-av-colon-col-18-de-marzo?agent=javier373&lang=es
Guadalajara,Departamento,VENTA,2720000,Departamento en Venta Barrio de Santa Teresita - Condominio Coronel Romeo. S,1.0,1.0,51,https://www.aciertamax.com/property/departamento-en-venta-barrio-de-santa-teresita-condominio-coronel-romeo-e40f679d-b5f6-49dc-b761-4d7aeaa7b03a?agent=javier373&lang=es
Guadalajara,Departamento,VENTA,2720000,"Departamento en Parques Guadalajara, último piso San Carlos, Guadalajara Dep",2.0,2.0,74.53,https://www.aciertamax.com/property/departamento-en-parques-guadalajara-ultimo-piso?agent=javier373&lang=es
Guadalajara,Departamento,VENTA,2717748,"Departamentos en Preventa en Ladron de Guevara, Guadalajara, Jalisco Ladrón d",,1.0,34.3,https://www.aciertamax.com/property/suites-departamentos-en-preventa-en-ladron-de-guevara-guadalajara-jalisco-ladron-de-guevara-guadalajara?agent=javier373&lang=es
Guadalajara,Casa,VENTA,2700000,,3.0,2.0,259,https://www.aciertamax.com/property/casa-recien-remodelada-en-col-echeverria-guadalajara?agent=javier373&lang=es
Guadalajara,Departamento,VENTA,2700000,Departamento en Venta en Lomas de Independencia Guadalajara Lomas de Indepen,2.0,2.0,63.35,https://www.aciertamax.com/property/departamento-en-venta-en-lomas-de-independencia-guadalajara-lomas-de-independencia-guadalajara?agent=javier373&lang=es
Guadalajara,Casa,VENTA,2700000,,3.0,2.0,108.4,https://www.aciertamax.com/property/casa-en-venta-col-san-juan-de-dios-guadalajara-jal?agent=javier373&lang=es
Guadalajara,Departamento,VENTA,2700000,,3.0,2.0,123,https://www.aciertamax.com/property/moderno-departamento-en-venta-san-andres-agustin-yanez?agent=javier373&lang=es
Guadalajara,Departamento,VENTA,2700000,"Departamento en venta, Col. Atlas, Guadalajara, Jal. Atlas, Guadalajara Clav",2.0,1.0,63.6,https://www.aciertamax.com/property/departamento-en-venta-col-atlas-guadalajara-jal?agent=javier373&lang=es
Guadalajara,Departamento,VENTA,2700000,,2.0,2.0,63,https://www.aciertamax.com/property/departamento-en-venta-mezquitan-san-miguel-de-mezquitan?agent=javier373&lang=es
Guadalajara,Departamento,VENTA,2690000,"Departamento en Venta Torre San Lorenzo Living,  Col. Agustín Yáñez, Guadala",3.0,2.0,106,https://www.aciertamax.com/property/departamento-en-venta-torre-san-lorenzo?agent=javier373&lang=es
Guadalajara,Casa,VENTA,2680000,,2.0,2.0,112.5,https://www.aciertamax.com/property/casa-en-venta-en-la-colonia-del-sur-del-sur-guadalajara?agent=javier373&lang=es
Guadalajara,Departamento,VENTA,2661651,"Departamentos en Venta San Andrés, Guadalajara Departamento 2 recámaras, 1 ba",2.0,1.0,63.52,https://www.aciertamax.com/property/departamentos-en-venta-san-andres?agent=javier373&lang=es
Guadalajara,Departamento,VENTA,2650000,,2.0,2.0,,https://www.aciertamax.com/property/departamento-venta-lomas-de-independencia-guadalajara?agent=javier373&lang=es
Guadalajara,Departamento,VENTA,2644862,"Departamento en Preventa en Jardines del Bosque, Guadalajara Jardines del Bo",1.0,1.0,33.75,https://www.aciertamax.com/property/departamento-en-preventa-en-colinas-de-san-javier-zapopan?agent=javier373&lang=es
Guadalajara,Departamento,VENTA,2608000,,1.0,1.0,46.72,https://www.aciertamax.com/property/departamento-a-estrenar-cefiro-zona-santa-tere?agent=javier373&lang=es
Guadalajara,Departamento,VENTA,2600000,"Departamento en venta en Jardines del Bosque 🏡 Jardines del Bosque Norte, Gu",3.0,1.0,74,https://www.aciertamax.com/property/departamento-en-venta-en-jardines-del-bosque-f2058b18-aeeb-43d0-a7a4-75c6b1605bf3?agent=javier373&lang=es
Guadalajara,Casa,VENTA,2590000,,3.0,1.0,90,https://www.aciertamax.com/property/casa-en-venta-col-atlas-guadalajara-atlas?agent=javier373&lang=es
Guadalajara,Departamento,VENTA,2590000,,3.0,2.0,84.48,https://www.aciertamax.com/property/departamento-en-venta-en-colonia-lomas-de-independencia?agent=javier373&lang=es
Guadalajara,Departamento,VENTA,2500000,,3.0,1.0,69,https://www.aciertamax.com/property/vendo-depa-en-segundo-piso-hermosa-vista-con-alberca?agent=javier373&lang=es
Guadalajara,Casa,VENTA,2500000,,2.0,2.0,88,https://www.aciertamax.com/property/zalate-casa-a-unas-cuadras-de-malecon-en-venta-joaquin-aaron?agent=javier373&lang=es
Guadalajara,Departamento,VENTA,2499000,,2.0,1.0,69,https://www.aciertamax.com/property/departamento-cerca-de-arena-guadalajara?agent=javier373&lang=es
Guadalajara,Departamento,VENTA,2490000,,1.0,1.0,40.32,https://www.aciertamax.com/property/departamento-a-estrenar-zona-santa-tere?agent=javier373&lang=es
Guadalajara,Casa,VENTA,2490000,,3.0,1.0,50,https://www.aciertamax.com/property/casa-3-recamaras-con-cochera-jardines-de-san-jose-guadalajara?agent=javier373&lang=es
Guadalajara,Departamento,VENTA,2465000,"Departamento en Venta en Parques Guadalajara Ferrocarril, Guadalajara Clave",2.0,2.0,64,https://www.aciertamax.com/property/departamento-en-venta-en-parques-guadalajara-ferrocarril?agent=javier373&lang=es
Guadalajara,Departamento,VENTA,2461548,"Departamentos en Preventa en Ladron de Guevara, Guadalajara, Jalisco Ladrón d",,1.0,34.3,https://www.aciertamax.com/property/suites-departamentos-en-preventa-en-ladron-de-guevara-guadalajara-jalisco-ladron-de-guevara?agent=javier373&lang=es
Guadalajara,Casa,VENTA,2450000,,3.0,1.0,74.99,https://www.aciertamax.com/property/casa-en-venta-alamo-industrial-parque-industrial-el-alamo-guadalajara?agent=javier373&lang=es
Guadalajara,Departamento,VENTA,2450000,"Departamento en venta, Torre 55 Col. Analco Analco, Guadalajara Departamento",2.0,2.0,76,https://www.aciertamax.com/property/departamento-en-venta-torre-55-col-analco-analco-guadalajara?agent=javier373&lang=es
Guadalajara,Departamento,VENTA,2450000,,2.0,1.0,72.86,https://www.aciertamax.com/property/departamento-en-venta-en-torre-uria?agent=javier373&lang=es
Guadalajara,Departamento,VENTA,2450000,"Departamento amueblado y equipado en venta zona centro. Guadalajara Guadalajara Centro, Guadalaja",1.0,1.0,70,https://www.aciertamax.com/property/departamento-en-venta-guadalajara-centro-guadalajara?agent=javier373&lang=es
Guadalajara,Departamento,VENTA,2450000,"Departamento moderno 2 recámaras en venta Alcalde Barranquitas Alcalde Barranquitas, Guadalajara",2.0,1.0,65,https://www.aciertamax.com/property/departamento-en-venta-en-alcalde-barranquitas-ef0a5792-c449-4da0-b15c-b8e3f4a30e64?agent=javier373&lang=es
Guadalajara,Departamento,VENTA,2438000,"Departamento en Venta en Altura Guadalajara Insurgentes 1a Secc, Guadalajara",2.0,1.0,73,https://www.aciertamax.com/property/departamento-en-venta-en-altura-guadalajara-insurgentes-1a-secc-guadalajara?agent=javier373&lang=es
Guadalajara,Departamento,VENTA,2411000,"Departamento en Venta El Dean, Guadalajara Departamento 1 recámara, 2 baños",1.0,2.0,57.58,https://www.aciertamax.com/property/departamento-en-venta-dc3b3541-6ad2-4392-9729-db9149f386fe?agent=javier373&lang=es
Guadalajara,Departamento,VENTA,2400000,"Departamentos en venta Huentitán el Bajo Huentitán El Bajo, Guadalajara Depar",2.0,2.0,59,https://www.aciertamax.com/property/departamentos-en-venta-huentitan-el-bajo-huentitan-el-bajo?agent=javier373&lang=es
Guadalajara,Departamento,VENTA,2400000,"Departamento nuevo a estrenar en Colonia el Fresno Del Fresno 1a. Sección, Guadalajara Depart",2.0,1.0,67,https://www.aciertamax.com/property/departamento-nuevo-a-estrenar-en-colonia-el-fresno?agent=javier373&lang=es
Guadalajara,Departamento,VENTA,2400000,"Departamento en venta TORRE UNDICI en Colonia Americana, Guadalajara, Jalisc",1.0,1.0,34.06,https://www.aciertamax.com/property/departamento-en-venta-torre-undici-en-colonia-americana-guadalajara-jalisco?agent=javier373&lang=es
Guadalajara,Departamento,VENTA,2350000,"Departamento en Venta El Dean, Guadalajara Departamento 2 recámaras, 2 baños",2.0,2.0,55,https://www.aciertamax.com/property/departamento-en-venta-el-dean-departamento?agent=javier373&lang=es
Guadalajara,Casa,VENTA,2350000,,1.0,1.0,78,https://www.aciertamax.com/property/casa-recien-remodelada-en-col-san-juan-de-dios-gdl?agent=javier373&lang=es
Guadalajara,Departamento,VENTA,2350000,"Departamento en Venta en Torre 3 Lagos, Lomas Independencia Lomas de Indepen",2.0,1.0,63,https://www.aciertamax.com/property/departamento-en-venta-en-torre-3-lagos-lomas-independencia-lomas-de-independencia?agent=javier373&lang=es
Guadalajara,Departamento,VENTA,2350000,"Departamento en Venta en Torre 3 Lagos, Lomas Independencia Lomas de Indepen",2.0,1.0,63,https://www.aciertamax.com/property/departamento-en-venta-en-torre-3-lagos-lomas-independencia?agent=javier373&lang=es
Guadalajara,Casa,VENTA,2300000,,5.0,2.0,160,https://www.aciertamax.com/property/lagos-de-oriente-casa-amplia-en-venta-lagos-de-oriente-guadalajara?agent=javier373&lang=es
Guadalajara,Departamento,VENTA,2295000,,1.0,1.0,74,https://www.aciertamax.com/property/el-departamento-mas-exclusivo-de-villa-dhara-terraza-privada-74-m-amueblado?agent=javier373&lang=es
Guadalajara,Casa,VENTA,2290000,,3.0,2.0,164,https://www.aciertamax.com/property/san-juan-bosco-casa-en-zona-comercial-san-juan-bosco-casa?agent=javier373&lang=es
Guadalajara,Departamento,VENTA,2290000,,2.0,1.0,59.81,https://www.aciertamax.com/property/oportunidad-unica-en-guadalajara-departamento-seminuevo-con-terraza-privada?agent=javier373&lang=es
Guadalajara,Departamento,VENTA,2286879,"Departamento en venta Lomas de San Eugenio Lomas de San Eugenio, Guadalajara",2.0,1.0,67,https://www.aciertamax.com/property/departamento-en-venta-lomas-de-san-eugenio-lomas-de-san-eugenio?agent=javier373&lang=es
Guadalajara,Departamento,VENTA,2270000,"Departamento en Venta en Jardines del Bosque, Guadalajara, Jalisco Jardines",2.0,1.0,74,https://www.aciertamax.com/property/departamento-en-venta-en-jardines-del-bosque-guadalajara-jalisco-e79d5506-d941-40d7-aab7-714ddad28975?agent=javier373&lang=es
Guadalajara,Departamento,VENTA,2270000,"Departamento en Venta en Jardines del Bosque, Guadalajara, Jalisco Jardines",2.0,1.0,74,https://www.aciertamax.com/property/departamentos-en-venta-sobre-avila-camacho?agent=javier373&lang=es
Guadalajara,Departamento,VENTA,2263000,"Departamento tipo estudio en venta en Av. 16 de septiembre Moderna, Guadalajara Departame",,1.0,38.2,https://www.aciertamax.com/property/departamento-tipo-estudio-en-venta-en-av-16-de-septiembre?agent=javier373&lang=es
Guadalajara,Departamento,VENTA,2250000,,2.0,1.0,58,https://www.aciertamax.com/property/departamento-en-tres-lagos-piso-11?agent=javier373&lang=es
Guadalajara,Departamento,VENTA,2250000,,2.0,1.0,59.81,https://www.aciertamax.com/property/oportunidad-unica-en-guadalajara-departamento-seminuevo-con-terraza-privada-lagos-de-oriente?agent=javier373&lang=es
Guadalajara,Departamento,VENTA,2244000,,1.0,1.0,43.05,https://www.aciertamax.com/property/venta-de-departamento-en-villa-dhara?agent=javier373&lang=es
Guadalajara,Departamento,VENTA,2230000,,2.0,1.0,57.48,https://www.aciertamax.com/property/preventa-de-departamento-en-guadalajara?agent=javier373&lang=es
Guadalajara,Departamento,VENTA,2229500,"Departamentos en Preventa en Ladron de Guevara, Guadalajara, Jalisco Ladrón d",,1.0,34.3,https://www.aciertamax.com/property/suites-departamentos-en-preventa-en-ladron-de-guevara-guadalajara-jalisco?agent=javier373&lang=es
Guadalajara,Departamento,VENTA,2229500,,1.0,1.0,34.3,https://www.aciertamax.com/property/inversion-en-preventa-en-av-mexico-altare-suites?agent=javier373&lang=es
Guadalajara,Departamento,VENTA,2229500,,1.0,1.0,34.3,https://www.aciertamax.com/property/preventa-en-jardines-del-country-torre-fauna-jardines-del-country-guadalajara?agent=javier373&lang=es
Guadalajara,Departamento,VENTA,2229500,,1.0,1.0,34.3,https://www.aciertamax.com/property/preventa-en-jardines-del-country-torre-fauna-jardines-del-country?agent=javier373&lang=es
Guadalajara,Departamento,VENTA,2229500,,1.0,1.0,34.3,https://www.aciertamax.com/property/preventa-en-jardines-del-country-torre-fauna?agent=javier373&lang=es
Guadalajara,Departamento,VENTA,2229500,,1.0,1.0,34.3,https://www.aciertamax.com/property/departamento-en-preventa-torre-hipodromo-2025?agent=javier373&lang=es
Guadalajara,Departamento,VENTA,2229500,,1.0,1.0,34.3,https://www.aciertamax.com/property/torre-rio-providencia-guadalajara-providencia-1a-secc-departamento?agent=javier373&lang=es
Guadalajara,Departamento,VENTA,2229500,,1.0,1.0,34.3,https://www.aciertamax.com/property/torre-rio-providencia-guadalajara-providencia-1a-secc-guadalajara?agent=javier373&lang=es
Guadalajara,Departamento,VENTA,2213400,"Departamento en venta en Col, La Loma La Loma, Guadalajara Clave interna: 57",3.0,4.0,101,https://www.aciertamax.com/property/departamento-en-venta-en-col-la-loma?agent=javier373&lang=es
Guadalajara,Departamento,VENTA,2200000,"Departamento en Venta en Jardines de la Cruz, Guadalajara! Jardines de La Cr",2.0,1.0,59,https://www.aciertamax.com/property/departamento-en-venta-en-jardines-de-la-cruz-guadalajara-jardines-de-la-cruz-1a-seccion?agent=javier373&lang=es
Guadalajara,Departamento,VENTA,2200000,,3.0,1.0,78.78,https://www.aciertamax.com/property/depto-la-normal-c15c0036-0bc3-4b69-80e8-52a747c3742d?agent=javier373&lang=es
Guadalajara,Departamento,VENTA,2150000,,3.0,1.0,97,https://www.aciertamax.com/property/amplio-depa-planta-baja-en-venta-en-col-ferrocarril-guadalajara?agent=javier373&lang=es
Guadalajara,Departamento,VENTA,2149000,,2.0,1.0,65.5,https://www.aciertamax.com/property/departamento-amueblado-a-minutos-de-la-arena-guadalajara-y-el-zoologico-huentitan-el-alto?agent=javier373&lang=es
Guadalajara,Casa,VENTA,2100000,"Casa en venta de una planta en San Juan Bosco, Guadalajara San Juan",4.0,1.0,195,https://www.aciertamax.com/property/casa-en-venta-de-una-planta-en-san-juan-bosco-guadalajara?agent=javier373&lang=es
Guadalajara,Departamento,VENTA,2100000,"Departamento nuevo a estrenar en Colonia Del Fresno Del Fresno 1a. Sección, Guadalajara Depar",2.0,1.0,49,https://www.aciertamax.com/property/departamento-nuevo-a-estrenar-en-colonia-del-fresno?agent=javier373&lang=es
Guadalajara,Departamento,VENTA,2100000,"Departamento nuevo a estrenar en Colonia Del Fresno Del Fresno 1a. Sección, Guadalajara Depar",2.0,1.0,49,https://www.aciertamax.com/property/preventa-penthouse-torre-yato-mezquitan-country-guadalajara-mezquitan-country?agent=javier373&lang=es
Guadalajara,Departamento,VENTA,2100000,"Departamento nuevo a estrenar en Colonia Del Fresno Del Fresno 1a. Sección, Guadalajara Depar",2.0,1.0,49,https://www.aciertamax.com/property/preventa-departamentos-torre-yato-mezquitan-country-guadalajara?agent=javier373&lang=es
Guadalajara,Departamento,VENTA,2100000,"Departamento en Venta Jardines Del Rosario, Guadalajara Departamento 3 recám",3.0,2.0,72,https://www.aciertamax.com/property/departamento-en-venta-jardines-del-rosario-guadalajara?agent=javier373&lang=es
Guadalajara,Departamento,VENTA,2100000,"Departamento nuevo a estrenar en Colonia Del Fresno Del Fresno 1a. Sección, Guadalajara Depar",2.0,1.0,51.5,https://www.aciertamax.com/property/departamento-nuevo-a-estrenar-en-colonia-el-fresno-del-fresno-1a-seccion?agent=javier373&lang=es
Guadalajara,Departamento,VENTA,2000000,"Departamento en Venta en Alto Sur Planta Baja con Amenidades El Rocio, Guada",2.0,1.0,54.39,https://www.aciertamax.com/property/departamento-en-venta-en-alto-sur-planta-baja-con-amenidades-el-rocio-guadalajara?agent=javier373&lang=es
Tlajomulco,Casa,VENTA,70000000,,6.0,8.0,"1,450",https://www.aciertamax.com/property/espectacular-residencia-de-lujo-fraccionamiento-el-palomar?agent=javier373&lang=es
Tlajomulco,Casa,VENTA,65000000,"Casa de lujo en pre venta en El Cielo Country club El Cielo Country Club, Tl",5.0,5.0,"1,480",https://www.aciertamax.com/property/casa-de-lujo-en-pre-venta-en-el-cielo-country-club?agent=javier373&lang=es
Tlajomulco,Casa en condominio,VENTA,42000000,"Casa en condominio 4 recámaras, 6 baños 652 m² Ver detalles",4.0,6.0,652,https://www.aciertamax.com/property/residencia-de-lujo-en-venta-club-de-golf-santa-anita-club-de-golf-santa-anita-tlajomulco-de-zuniga?agent=javier373&lang=es
Tlajomulco,Casa en condominio,VENTA,42000000,Casa en Venta en Fairway Club de Golf Santa Anita | Residencia de Lu,4.0,4.0,700,https://www.aciertamax.com/property/casa-en-venta-en-fairway-club-de-golf-santa-anita-residencia-de-lujo?agent=javier373&lang=es
Tlajomulco,Casa,VENTA,41900000,,4.0,4.0,"1,010",https://www.aciertamax.com/property/residencia-de-lujo-en-el-palomar-vista-panoramica-alberca-y-elevador?agent=javier373&lang=es
Tlajomulco,Casa,VENTA,39990000,"Casa en Venta en Campo de Golf Santa Anita Club de Golf Santa Anita,",5.0,5.0,"1,565",https://www.aciertamax.com/property/casa-en-venta-en-campo-de-golf-santa-anita?agent=javier373&lang=es
Tlajomulco,Casa,VENTA,39000000,"Casa en Venta, Fraccionamiento Los Gavilanes, Tlajomulco Los Gavilan",3.0,3.0,585.99,https://www.aciertamax.com/property/casa-en-venta-fraccionamiento-los-gavilanes-tlajomulco?agent=javier373&lang=es
Tlajomulco,Casa,VENTA,38000000,,7.0,6.0,867,https://www.aciertamax.com/property/venta-de-residencia-con-alberca-en-santa-anita-club-de-golf?agent=javier373&lang=es
Tlajomulco,Casa,VENTA,37000000,"Casa en Renta El Palomar El Palomar, Tlajomulco de Zúñiga Casa 5 rec",5.0,5.0,666,https://www.aciertamax.com/property/casa-en-renta-el-palomar-el-palomar-casa?agent=javier373&lang=es
Tlajomulco,Casa,VENTA,33000000,"Casa de lujo en venta en El palomar El Palomar, Tlajomulco de Zúñiga Casa 5",5.0,4.0,900,https://www.aciertamax.com/property/casa-de-lujo-en-venta-en-el-palomar-el-palomar-tlajomulco-de-zuniga?agent=javier373&lang=es
Tlajomulco,Casa,VENTA,32000000,,4.0,5.0,750,https://www.aciertamax.com/property/residencia-en-venta-o-renta-en-el-palomar-el-palomar-casa?agent=javier373&lang=es
Tlajomulco,Casa en condominio,VENTA,30000000,"Casa en condominio 5 recámaras, 5 baños 640 m² Ver detalles",5.0,5.0,640,https://www.aciertamax.com/property/fabulosa-residencia-en-santa-anita-club-de-golf?agent=javier373&lang=es
Tlajomulco,Casa en condominio,VENTA,30000000,"Casa en Venta  y Renta en El Palomar El Palomar, Tlajomulco de Zúñig",5.0,5.0,666,https://www.aciertamax.com/property/casa-en-venta-en-el-palomar-edd67d9b-ebb0-4a1e-be34-29d51471fb43?agent=javier373&lang=es
Tlajomulco,Casa,VENTA,29500000,Casa en Venta con Vista al Campo de Golf Green 1 | Recámara en PB El,5.0,5.0,531,https://www.aciertamax.com/property/casa-en-venta-con-vista-al-campo-de-golf-el-cielo?agent=javier373&lang=es
Tlajomulco,Casa en condominio,VENTA,29400000,"Casa en condominio 4 recámaras, 4 baños 351 m² Ver detalles",4.0,4.0,351,https://www.aciertamax.com/property/casa-en-venta-el-cielo-country-club-a572517d-2ef8-4d76-939f-18978b62b8c3?agent=javier373&lang=es
Tlajomulco,Casa,VENTA,29000000,"Casa de lujo en Venta en El Palomar, 2da Sección – Tlajomulco de Zúñiga El P",4.0,5.0,736,https://www.aciertamax.com/property/casa-de-lujo-en-venta-en-el-palomar-2da-seccion-tlajomulco-de-zuniga?agent=javier373&lang=es
Tlajomulco,Casa,VENTA,28520000,,5.0,6.0,623,https://www.aciertamax.com/property/casa-en-el-palomar-9beb9528-e2f0-474f-9c6e-3bff77a1f720?agent=javier373&lang=es
Tlajomulco,Casa en condominio,VENTA,27800000,"Casa en venta El Palomar El Palomar, Tlajomulco de Zúñiga Casa en co",5.0,5.0,736,https://www.aciertamax.com/property/casa-en-venta-el-palomar-1ea81343-a270-4985-a7b7-75fcc5d83e3a?agent=javier373&lang=es
Tlajomulco,Casa en condominio,VENTA,27800000,"Casa en condominio 4 recámaras, 5 baños 531 m² Ver detalles",4.0,5.0,531,https://www.aciertamax.com/property/residencia-en-venta-en-el-cielo-country-club-el-cielo-country-club-casa-en-condominio?agent=javier373&lang=es
Tlajomulco,Casa en condominio,VENTA,27800000,"Casa en condominio 4 recámaras, 4 baños 531 m² Ver detalles",4.0,4.0,531,https://www.aciertamax.com/property/casa-en-venta-en-el-cielo-country-club-frenta-al-campo-de-golf?agent=javier373&lang=es
Tlajomulco,Casa en condominio,VENTA,27800000,"Casa en condominio 4 recámaras, 5 baños 531 m² Ver detalles",4.0,5.0,531,https://www.aciertamax.com/property/residencia-en-el-cielo-country-club-el-cielo-country-club-casa-en-condominio?agent=javier373&lang=es
Tlajomulco,Casa en condominio,VENTA,24000000,"Casa en condominio 3 recámaras, 3 baños 599.07 m² Ver detalles",3.0,3.0,599.07,https://www.aciertamax.com/property/residencia-remodelada-en-venta-en-club-de-golf-santa-anita?agent=javier373&lang=es
Tlajomulco,Casa,VENTA,23000000,,3.0,4.0,390,https://www.aciertamax.com/property/casa-en-venta-en-el-cielo-country-club-el-palomar-casa?agent=javier373&lang=es
Tlajomulco,Casa,VENTA,23000000,,3.0,,390,https://www.aciertamax.com/property/casa-en-venta-el-cielo-country-club-tlajomulco-de-zuniga-f3ccc3a2-a48f-4055-8f5a-9a407f0935a5?agent=javier373&lang=es
Tlajomulco,Casa en condominio,VENTA,22950000,"Casa en Venta - El Cielo Club de Golf El Cielo Country Club, Tlajomu",4.0,4.0,390,https://www.aciertamax.com/property/casa-en-venta-el-cielo-club-de-golf?agent=javier373&lang=es
Tlajomulco,Casa,VENTA,22000000,"Casa en Venta en el Cielo Country Club El Cielo Country Club, Tlajom",4.0,4.0,450,https://www.aciertamax.com/property/casa-en-venta-en-el-cielo-country-club-dd9904f2-9e5f-44ca-8a4c-a281963d4c67?agent=javier373&lang=es
Tlajomulco,Casa,VENTA,22000000,"Casa de Lujo En Venta en el Cielo Country Club El Cielo Country Club, Tlajomulco de Z",4.0,4.0,480,https://www.aciertamax.com/property/casa-de-lujo-en-venta-en-el-cielo-country-club-el-cielo-country-club-tlajomulco-de-zuniga?agent=javier373&lang=es
Tlajomulco,Casa en condominio,VENTA,22000000,"Casa en venta en Santa Anita Club de Golf Club de Golf Santa Anita,",4.0,4.0,380,https://www.aciertamax.com/property/casa-en-venta-en-santa-anita-club-de-golf-2f642e1c-1536-490b-ba15-78465cf09803?agent=javier373&lang=es
Tlajomulco,Casa en condominio,VENTA,22000000,Casa en Venta en El Cielo Country Club | Vista Panorámica al Campo d,4.0,5.0,440,https://www.aciertamax.com/property/casa-en-venta-en-el-cielo-country-club-vista-panoramica-al-campo-de-golf?agent=javier373&lang=es
Tlajomulco,Casa en condominio,VENTA,22000000,"Casa de Lujo en Venta en el Cielo Country Club El Cielo Country Club, Tlajom",4.0,4.0,476,https://www.aciertamax.com/property/casa-de-lujo-en-venta-en-el-cielo-country-club-el-cielo-country-club-casa-en-condominio?agent=javier373&lang=es
Tlajomulco,Casa,VENTA,21900000,"Casa en venta en El Palomar El Palomar, Tlajomulco de Zúñiga Casa 4",4.0,5.0,665,https://www.aciertamax.com/property/casa-en-venta-en-el-palomar-92ac575b-fe6b-41e1-afc4-21695d833c27?agent=javier373&lang=es
Tlajomulco,Casa,VENTA,21800000,,5.0,6.0,621.08,https://www.aciertamax.com/property/residencia-de-lujo-en-venta-en-fraccionamiento-la-rioja?agent=javier373&lang=es
Tlajomulco,Casa en condominio,VENTA,21500000,"Casa en condominio 3 recámaras, 4 baños 706 m² Ver detalles",3.0,4.0,706,https://www.aciertamax.com/property/residencia-en-santa-anita-campo-de-golf-1ra-seccion?agent=javier373&lang=es
Tlajomulco,Casa,VENTA,20999999,"Casa en venta, Col. El Palomar, Tlajomulco de Zúñiga, Jal. El Paloma",5.0,6.0,668.4,https://www.aciertamax.com/property/casa-en-venta-col-el-palomar-tlajomulco-de-zuniga-jal?agent=javier373&lang=es
Tlajomulco,Casa en condominio,VENTA,20725000,"Casa en condominio 6 recámaras, 6 baños 732.8 m² Ver detalles",6.0,6.0,732.8,https://www.aciertamax.com/property/residencia-panoramica-pudiendo-ser-hotel-boutique-ampi-33128?agent=javier373&lang=es
Tlajomulco,Casa en condominio,VENTA,18000000,"Casa En Venta En Condominio Provenza Residencial Provenza, Tlajomulco de Zúñiga Casa en condominio 4 recámaras, 4 baños 580 m² Ver detalles",4.0,4.0,580,https://www.aciertamax.com/property/casa-en-venta-en-condominio-provenza?agent=javier373&lang=es
Tlajomulco,Casa en condominio,VENTA,17990000,"Casa en Venta Fraccionamiento El Manantial El Manantial, Tlajomulco",5.0,5.0,500,https://www.aciertamax.com/property/espectacular-casa-en-venta-fraccionamiento-el-manantial-el-manantial?agent=javier373&lang=es
Tlajomulco,Casa en condominio,VENTA,17990000,"Casa en Venta Fraccionamiento El Manantial El Manantial, Tlajomulco",5.0,5.0,500,https://www.aciertamax.com/property/espectacular-casa-en-venta-fraccionamiento-el-manantial?agent=javier373&lang=es
Tlajomulco,Casa en condominio,VENTA,17850000,"Casa en condominio 3 recámaras, 3 baños 350 m² Ver detalles",3.0,3.0,350,https://www.aciertamax.com/property/residencia-el-cielo-country-club-el-cielo-country-club-casa-en-condominio?agent=javier373&lang=es
Tlajomulco,Casa,VENTA,17700000,"Casa con vistas INCREIBLES en EL CIELO COUNTRY CLUB El Cielo Country Club, Tlajomulco de Z",4.0,4.0,386,https://www.aciertamax.com/property/casa-con-vistas-increibles-en-el-cielo-country-club?agent=javier373&lang=es
Tlajomulco,Casa,VENTA,16700000,,4.0,4.0,887,https://www.aciertamax.com/property/residencia-en-venta-16-700-000-00-en-el-palomar-seccion-canadas-en-tlajomulco-d?agent=javier373&lang=es
Tlajomulco,Casa en condominio,VENTA,16300000,Casa en venta en El Palomar en Tlajomulco de Zúñiga El Palomar Secc,4.0,4.0,888,https://www.aciertamax.com/property/casa-en-venta-en-el-palomar-en-tlajomulco-de-zuniga-el-palomar-secc-canadas?agent=javier373&lang=es
Tlajomulco,Casa,VENTA,16000000,"Casa de campo en venta, Col. Fraccionamiento Los Sauces, Tlajomulco, Jal. Los",5.0,4.0,865,https://www.aciertamax.com/property/casa-de-campo-en-venta-col-fraccionamiento-los-sauces-tlajomulco-jal?agent=javier373&lang=es
Tlajomulco,Casa en condominio,VENTA,15990000,"Casa en venta, en Tres Reyes, Cajititlan Tres Reyes, Tlajomulco de Z",3.0,3.0,666,https://www.aciertamax.com/property/casa-en-venta-en-tres-reyes-cajititlan-tres-reyes?agent=javier373&lang=es
Tlajomulco,Casa,VENTA,15900000,"Casa en Venta – El Palomar, Tlajomulco de Zúñiga, Jalisco El Palomar",4.0,4.0,571,https://www.aciertamax.com/property/casa-en-venta-el-palomar-tlajomulco-de-zuniga-jalisco-el-palomar-tlajomulco-de-zuniga?agent=javier373&lang=es
Tlajomulco,Casa,VENTA,15700000,,3.0,3.0,330,https://www.aciertamax.com/property/increible-casa-en-venta-en-el-cielo-country-club-el-cielo-country-club?agent=javier373&lang=es
Tlajomulco,Casa,VENTA,15500000,,4.0,4.0,500,https://www.aciertamax.com/property/se-vende-casa-en-lago-nogal?agent=javier373&lang=es
Tlajomulco,Casa en condominio,VENTA,15500000,"Casa en condominio 4 recámaras, 3 baños 295 m² Ver detalles",4.0,3.0,295,https://www.aciertamax.com/property/el-palomar-paseo-de-los-alamos-el-palomar?agent=javier373&lang=es
Tlajomulco,Casa,VENTA,15500000,Casa en venta en El Palomar – Zona exclusiva y residencial El Paloma,3.0,3.0,525,https://www.aciertamax.com/property/casa-en-venta-en-el-palomar-zona-exclusiva-y-residencial?agent=javier373&lang=es
Tlajomulco,Casa,VENTA,15400000,,4.0,3.0,432,https://www.aciertamax.com/property/casa-en-venta-el-cielo-country-club-tlajomulco?agent=javier373&lang=es
Tlajomulco,Casa,VENTA,15400000,"Casa en Venta en Esquina, A unos Metros del Campo Golf El Cielo Coun",3.0,3.0,375,https://www.aciertamax.com/property/casa-en-venta-en-esquina-el-cielo-country-club?agent=javier373&lang=es
Tlajomulco,Casa,VENTA,15400000,,3.0,3.0,375,https://www.aciertamax.com/property/casa-en-venta-en-el-cielo-country-club-8adf105c-f1f7-4e4c-b890-e2525dfce771?agent=javier373&lang=es
Tlajomulco,Casa en condominio,VENTA,15400000,"Casa en condominio 3 recámaras, 3 baños 375 m² Ver detalles",3.0,3.0,375,https://www.aciertamax.com/property/residencia-en-esquina-en-el-cielo-country-club?agent=javier373&lang=es
Tlajomulco,Casa en condominio,VENTA,15390000,"Casa en Esquina en El Cielo Country Club El Cielo Country Club, Tlaj",3.0,2.0,375,https://www.aciertamax.com/property/casa-en-esquina-en-el-cielo-country-club?agent=javier373&lang=es
Tlajomulco,Casa,VENTA,15220000,"Casa en venta en El Palomar con recámara en PB El Palomar, Tlajomulc",4.0,4.0,366.81,https://www.aciertamax.com/property/casa-en-venta-el-palomar-con-recamara-en-pb?agent=javier373&lang=es
Tlajomulco,Casa en condominio,VENTA,14900000,"Casa de lujo en el sur Residencial Provenza, Tlajomulco de Zúñiga Casa en co",4.0,4.0,490,https://www.aciertamax.com/property/casa-de-lujo-en-el-sur?agent=javier373&lang=es
Tlajomulco,Casa en condominio,VENTA,14900000,"Casa en venta Lopez Mateos Residencial Provenza, Tlajomulco de Zúñig",4.0,5.0,490,https://www.aciertamax.com/property/casa-en-venta-lopez-mateos-residencial-provenza?agent=javier373&lang=es
Tlajomulco,Casa en condominio,VENTA,14900000,"Casa en venta al sur de GDL Los Gavilanes Poniente, Tlajomulco de Zú",3.0,4.0,490,https://www.aciertamax.com/property/casa-en-venta-al-sur-de-gdl?agent=javier373&lang=es
Tlajomulco,Casa,VENTA,14700000,"Casa en Venta en San Agustín San Agustin, Tlajomulco de Zúñiga Casa",4.0,4.0,465,https://www.aciertamax.com/property/casa-en-venta-en-san-agustin-9a47620c-58bc-42bc-8d8b-ebe6d99e72d8?agent=javier373&lang=es
Tlajomulco,Casa en condominio,VENTA,14200000,"Casa en venta en El Cielo El Cielo Country Club, Tlajomulco de Zúñig",3.0,4.0,390,https://www.aciertamax.com/property/casa-en-venta-en-el-cielo-303a60a5-f3f3-45ff-852c-bf465580605b?agent=javier373&lang=es
Tlajomulco,Casa,VENTA,13950000,"Casa en venta La Tijera, Tlajomulco de Zúñiga Casa 10 recámaras, 5 b",10.0,5.0,802,https://www.aciertamax.com/property/casa-en-venta-695578de-c1b0-4b07-aedb-1e81bda7a6be?agent=javier373&lang=es
Tlajomulco,Casa,VENTA,13900000,"Casa Habitación con Uso de Suelo Comercial en Venta | Alberca y Área de Eventos Zapote Del Valle, Tlajomul",7.0,5.0,"1,204",https://www.aciertamax.com/property/casa-habitacion-con-uso-de-suelo-comercial-en-venta-alberca-y-area-de-eventos?agent=javier373&lang=es
Tlajomulco,Casa en condominio,VENTA,13900000,"Casa en condominio 6 recámaras, 5 baños 600 m² Ver detalles",6.0,5.0,600,https://www.aciertamax.com/property/bonita-residencia-con-alberca-el-palomar-el-palomar-secc-panoramica-tlajomulco-de-zuniga?agent=javier373&lang=es
Tlajomulco,Casa en condominio,VENTA,13900000,"Casa con roofgarden en Venta en Lago Nogal Lago Nogal, Tlajomulco de Zúñiga Casa",5.0,5.0,507,https://www.aciertamax.com/property/casa-con-roofgarden-en-venta-en-lago-nogal?agent=javier373&lang=es
Tlajomulco,Casa en condominio,VENTA,13500000,"Casa en venta Provenza Punto Sur Residencial Provenza, Tlajomulco de",5.0,5.0,528,https://www.aciertamax.com/property/casa-en-venta-provenza-punto-sur-residencial-provenza?agent=javier373&lang=es
Tlajomulco,Casa en condominio,VENTA,13450000,"Casa en condominio 5 recámaras, 5 baños 546 m² Ver detalles",5.0,5.0,546,https://www.aciertamax.com/property/casa-en-venta-residencial-provenza-residencial-provenza-casa-en-condominio?agent=javier373&lang=es
Tlajomulco,Casa en condominio,VENTA,13000000,"Casa en condominio 10 recámaras, 7 baños 720.72 m² Ver detalles",10.0,7.0,720.72,https://www.aciertamax.com/property/casa-en-venta-balcones-de-la-calera-balcones-de-la-calera?agent=javier373&lang=es
Tlajomulco,Casa en condominio,VENTA,12500000,"Casa en condominio 4 recámaras, 4 baños 296 m² Ver detalles",4.0,4.0,296,https://www.aciertamax.com/property/increible-casa-en-renta-en-la-rioja-al-sur-de-la-cudad-la-rioja-tlajomulco-de-zuniga?agent=javier373&lang=es
Tlajomulco,Casa en condominio,VENTA,11990000,"Casa NUEVA  en Provenza 4 Recamaras Santa Anita, Tlajomulco de Zúñiga Casa",4.0,4.0,304.34,https://www.aciertamax.com/property/venta-casa-4-recamaras-en-provenza-residencial?agent=javier373&lang=es
Tlajomulco,Casa en condominio,VENTA,11800000,"Casa Moderna La Rioja (sur de la ciudad) La Rioja, Tlajomulco de Zúñiga Casa en condominio 4 recámaras, 3 baños 356 m² Ver detalles",4.0,3.0,356,https://www.aciertamax.com/property/en-venta-casa-moderna-la-rioja-sur-de-la-ciudad?agent=javier373&lang=es
Tlajomulco,Casa en condominio,VENTA,11700000,"Casa En Venta En Punto Sur Este Punto Sur, Tlajomulco de Zúñiga Casa en condominio 3 recámaras, 4 baños 320 m² Ver detalles",3.0,4.0,320,https://www.aciertamax.com/property/casa-en-venta-en-punto-sur-este-39a61a37-4e90-48f5-b8b2-7171be7238d9?agent=javier373&lang=es
Tlajomulco,Casa,VENTA,11500000,"Casa en Fracc. Casa Fuerte, San Agustín Tlajomulco de Zuñiga El Alcá",4.0,4.0,414,https://www.aciertamax.com/property/venta-de-casa-en-santa-anita-el-alcazar-casa-fuerte?agent=javier373&lang=es
Tlajomulco,Casa en condominio,VENTA,11500000,"Casa en Venta en EL PALOMAR, SECCION BOSQUES El Palomar Secc Bosques",2.0,2.0,250,https://www.aciertamax.com/property/casa-en-venta-en-el-palomar-seccion-bosques?agent=javier373&lang=es
Tlajomulco,Casa,VENTA,11500000,,3.0,4.0,250.57,https://www.aciertamax.com/property/hermosa-casa-venta-el-palomar-1ra-seccion?agent=javier373&lang=es
Tlajomulco,Casa en condominio,VENTA,11500000,"Casa en condominio 4 recámaras, 3 baños 494 m² Ver detalles",4.0,3.0,494,https://www.aciertamax.com/property/casa-venta-condominio-palma-real-fraccionamiento-los-gavilanes?agent=javier373&lang=es
Tlajomulco,Casa en condominio,VENTA,11400000,"Casa en venta en Punto Sur Elite con Sotano Punto Sur, Tlajomulco de",3.0,3.0,333,https://www.aciertamax.com/property/casa-en-venta-en-punto-sur-elite-con-sotano-punto-sur?agent=javier373&lang=es
Tlajomulco,Casa en condominio,VENTA,11324000,"Casa en condominio 3 recámaras, 3 baños 333.96 m² Ver detalles",3.0,3.0,333.96,https://www.aciertamax.com/property/casa-punto-sur-elite?agent=javier373&lang=es
Tlajomulco,Casa en condominio,VENTA,11324000,"Casa en Venta Tlajomulco Fraccionamiento Punto Sur Elite Punto Sur,",3.0,3.0,333,https://www.aciertamax.com/property/casa-en-venta-tlajomulco-fraccionamiento-punto-sur-elite-864cac39-30e0-41ad-b154-b32f120c4f34?agent=javier373&lang=es
Tlajomulco,Casa,VENTA,11000000,"Casa en Venta en La Rioja con Jardín, Terraza y Roof Garden La Rioja",4.0,6.0,390,https://www.aciertamax.com/property/hermosa-casa-en-venta-en-la-rioja-con-jardin-terraza-y-roof-garden-26450005-1bc1-4ebd-99ba-286b41d7c89d?agent=javier373&lang=es
Tlajomulco,Casa en condominio,VENTA,11000000,"Casa en venta en Hacienda del Oro Hacienda del Oro, Tlajomulco de Zú",2.0,2.0,264.31,https://www.aciertamax.com/property/casa-en-venta-en-hacienda-del-oro-hacienda-del-oro?agent=javier373&lang=es
Tlajomulco,Casa,VENTA,10950000,,4.0,4.0,320,https://www.aciertamax.com/property/hermosa-casa-nueva-en-el-manantial-los-gavilanes?agent=javier373&lang=es
Tlajomulco,Casa,VENTA,10900000,"Casa en Venta El Cielo Country Club El Palomar, Tlajomulco de Zúñiga",4.0,4.0,512,https://www.aciertamax.com/property/increible-casa-en-venta-el-cielo-country-club?agent=javier373&lang=es
Tlajomulco,Casa en condominio,VENTA,10850000,"Casa en condominio 4 recámaras, 4 baños 333 m² Ver detalles",4.0,4.0,333,https://www.aciertamax.com/property/casa-en-venta-en-la-rioja-e408fda3-17a3-4d9d-a73a-ff23a396677d?agent=javier373&lang=es
Tlajomulco,Casa,VENTA,10850000,,4.0,4.0,334,https://www.aciertamax.com/property/casa-en-venta-en-la-rioja-5f236755-c309-4c4d-bbfd-40ac6f54743c?agent=javier373&lang=es
Tlajomulco,Casa,VENTA,10822530,,7.0,8.0,966.53,https://www.aciertamax.com/property/se-vende-casa-en-jardines-de-la-calera?agent=javier373&lang=es
Tlajomulco,Casa en condominio,VENTA,10750000,"Casa en condominio 4 recámaras, 5 baños 508 m² Ver detalles",4.0,5.0,508,https://www.aciertamax.com/property/casa-en-venta-o-renta-en-fraccionamiento-hacienda-mirage-tlajomulco?agent=javier373&lang=es
Tlajomulco,Casa en condominio,VENTA,10500000,"Casa de 3 Niveles en Punto Sur Este Santa Anita, Tlajomulco de Zúñiga Casa en con",3.0,3.0,349,https://www.aciertamax.com/property/casa-de-3-niveles-en-punto-sur-este?agent=javier373&lang=es
Tlajomulco,Casa,VENTA,10500000,,3.0,4.0,320,https://www.aciertamax.com/property/casa-dentro-de-coto-club-de-golf-santa-anita?agent=javier373&lang=es
Tlajomulco,Casa en condominio,VENTA,10450000,"Casa en Venta Lago Nogal Lago Nogal, Tlajomulco de Zúñiga Casa en co",4.0,3.0,328,https://www.aciertamax.com/property/venta-casa-en-lago-nogal-lago-nogal?agent=javier373&lang=es
Tlajomulco,Casa,VENTA,10400000,"Casa en Venta en La Rioja La Rioja, Tlajomulco de Zúñiga Clave inter",3.0,4.0,290,https://www.aciertamax.com/property/casa-en-venta-en-la-rioja-bdbc4537-fe7e-45aa-b8f2-c6d3ed68d4e4?agent=javier373&lang=es
Tlajomulco,Casa en condominio,VENTA,10350000,"Casa en condominio 4 recámaras, 3 baños 334 m² Ver detalles",4.0,3.0,334,https://www.aciertamax.com/property/exclusiva-residencia-en-venta-las-villas-las-villas?agent=javier373&lang=es
Tlajomulco,Casa,VENTA,10300000,,3.0,4.0,330,https://www.aciertamax.com/property/hermosa-casa-en-residencial-provenza-residencial-provenza-la-romana-tlajomulco-de-zuniga?agent=javier373&lang=es
Tlajomulco,Casa,VENTA,10200000,,4.0,3.0,349,https://www.aciertamax.com/property/residencia-en-venta-en-los-naranjos-residencial-santa-anita-tlajomulco-bosques-santa-anita?agent=javier373&lang=es
Tlajomulco,Casa en condominio,VENTA,10000000,"Casa en Venta en Provenza Residencial, Tlajomulco de Zuñiga Residenc",4.0,4.0,330,https://www.aciertamax.com/property/casa-en-venta-en-provenza-residencial-tlajomulco-de-zuniga-residencial-provenza?agent=javier373&lang=es
Tlajomulco,Casa en condominio,VENTA,9950000,"Casa en Fraccionamiento La Rioja - Zona Sur La Rioja, Tlajomulco de",3.0,4.0,275,https://www.aciertamax.com/property/moderna-casa-en-fraccionamiento-la-rioja-zona-sur?agent=javier373&lang=es
Tlajomulco,Casa,VENTA,9925000,,4.0,3.0,307,https://www.aciertamax.com/property/propiedad-en-venta-pilar-69?agent=javier373&lang=es
Tlajomulco,Casa,VENTA,9800000,,3.0,3.0,346,https://www.aciertamax.com/property/residencia-en-venta-en-los-naranjos-residencial-santa-anita-tlajomulco?agent=javier373&lang=es
Tlajomulco,Casa en condominio,VENTA,9800000,"Casa en venta en Provenza sur Residencial Provenza (La Romana), Tlaj",5.0,5.0,282,https://www.aciertamax.com/property/casa-en-venta-en-provenza-sur?agent=javier373&lang=es
Tlajomulco,Casa,VENTA,9793000,"Casa en venta en La Rioja, Tlajomulco de Zuñiga cerca de Santa Anita",4.0,4.0,311,https://www.aciertamax.com/property/casa-en-venta-en-la-rioja-tlajomulco-de-zuniga-cerca-de-santa-anita?agent=javier373&lang=es
Tlajomulco,Casa,VENTA,9750000,,3.0,4.0,270,https://www.aciertamax.com/property/hermosa-casa-en-renta-en-fraccionamiento-la-rioja?agent=javier373&lang=es
Tlajomulco,Casa,VENTA,9200000,,3.0,2.0,280,https://www.aciertamax.com/property/casa-en-venta-en-fracc-la-rioja-la-rioja-tlajomulco-de-zuniga?agent=javier373&lang=es
Tlajomulco,Casa,VENTA,9100000,"Casa en VENTA HACIENDA MIRAGE Hacienda Mirage, Tlajomulco de Zúñiga",3.0,3.0,337,https://www.aciertamax.com/property/casa-en-venta-hacienda-mirage-hacienda-mirage-casa?agent=javier373&lang=es
Tlajomulco,Casa,VENTA,8750000,,3.0,4.0,322,https://www.aciertamax.com/property/en-coto-con-entrada-por-av-lopez-mateos-sur-frente-a-club-de-golf-santa-anita?agent=javier373&lang=es
Tlajomulco,Casa,VENTA,8700000,,5.0,5.0,350,https://www.aciertamax.com/property/casa-en-venta-san-martin-del-tajo-tlajomulco-san-martin-del-tajo-casa?agent=javier373&lang=es
Tlajomulco,Casa en condominio,VENTA,8650000,"Casa en Venta El Palomar - Primera Sección El Palomar, Tlajomulco de",5.0,4.0,304,https://www.aciertamax.com/property/casa-en-venta-el-palomar-primera-seccion-e03648b6-b98a-4937-a2e7-bce870658a3c?agent=javier373&lang=es
Tlajomulco,Casa,VENTA,8650000,"Casa en venta en el Palomar, Tlajomulco El Palomar, Tlajomulco de Zú",4.0,3.0,301,https://www.aciertamax.com/property/casa-en-venta-en-el-palomar-tlajomulco-7ba82e1a-650c-4ecf-b563-8ea7c1c9bcc2?agent=javier373&lang=es
Tlajomulco,Casa en condominio,VENTA,8600000,"Casa en Venta en Punto Sur Punto Sur, Tlajomulco de Zúñiga Casa en c",4.0,4.0,189,https://www.aciertamax.com/property/casa-en-venta-en-punto-sur-c0d03f5d-d00b-4e32-bbb7-7763a664e913?agent=javier373&lang=es
Tlajomulco,Casa,VENTA,8500000,"Casa en venta en San Martín de Tajo San Martin Del Tajo, Tlajomulco",4.0,4.0,,https://www.aciertamax.com/property/casa-en-venta-en-san-martin-de-tajo?agent=javier373&lang=es
Tlajomulco,Casa,VENTA,8500000,"Casa en venta en fraccionamiento Hacienda Mirage San Agustin, Tlajom",3.0,4.0,220,https://www.aciertamax.com/property/acogedora-casa-en-venta-en-fraccionamiento-hacienda-mirage?agent=javier373&lang=es
Tlajomulco,Casa,VENTA,8500000,"Casa en venta LA RIOJA La Rioja, Tlajomulco de Zúñiga Casa 5 recámar",5.0,3.0,271.88,https://www.aciertamax.com/property/casa-en-venta-la-rioja-f9cdb1dc-f677-4e63-b20f-fcfc0095bb85?agent=javier373&lang=es
Tlajomulco,Casa en condominio,VENTA,8500000,Casa en venta en  Cluster IV Punto Sur Tlajomulco de Zúñiga Punto Su,4.0,3.0,200.87,https://www.aciertamax.com/property/casa-en-venta-en-cluster-iv-punto-sur-tlajomulco-de-zuniga?agent=javier373&lang=es
Tlajomulco,Casa,VENTA,8500000,,5.0,4.0,720,https://www.aciertamax.com/property/casa-de-campo-en-san-agustin?agent=javier373&lang=es
Tlajomulco,Casa en condominio,VENTA,8390000,"Casa en Venta Coto Punto Sur - Junto a Plaza Comercial Punto Sur, Tl",4.0,3.0,216,https://www.aciertamax.com/property/casa-en-venta-coto-punto-sur-junto-a-plaza-comercial-19a25d6d-9788-44c0-8220-3cd8b0e54a9f?agent=javier373&lang=es
Tlajomulco,Casa en condominio,VENTA,8390000,"Casa en Venta Coto Punto Sur - Junto a Plaza Comercial Punto Sur, Tl",4.0,3.0,216,https://www.aciertamax.com/property/casa-en-venta-coto-punto-sur-junto-a-plaza-comercial-d15058bb-3696-4881-809a-5eeb0967fd34?agent=javier373&lang=es
Tlajomulco,Casa,VENTA,8300000,,3.0,3.0,200,https://www.aciertamax.com/property/fracc-bosques-de-santa-anita-bosques-santa-anita?agent=javier373&lang=es
Tlajomulco,Casa,VENTA,8200000,,5.0,4.0,250,https://www.aciertamax.com/property/residencia-en-venta-o-renta-san-agustin?agent=javier373&lang=es
Tlajomulco,Casa en condominio,VENTA,8095000,"Casa en condominio 4 recámaras, 4 baños 242 m² Ver detalles",4.0,4.0,242,https://www.aciertamax.com/property/casa-en-venta-en-punto-sur-este-363162c2-33fc-42cf-a953-4aa27efe58aa?agent=javier373&lang=es
Tlajomulco,Casa,VENTA,8000000,"Casa en venta en Bosques de Santa Anita, Tlajomulco de Zuñiga, Jalis",3.0,4.0,370,https://www.aciertamax.com/property/casa-en-venta-en-bosques-de-santa-anita-tlajomulco-de-zuniga-jalisco-bosques-santa-anita-tlajomulco-de-zuniga?agent=javier373&lang=es
Tlajomulco,Casa en condominio,VENTA,7990000,"Casa en venta, dentro de coto, en Bosques de Santa Anita Bosques San",4.0,3.0,263,https://www.aciertamax.com/property/casa-en-venta-dentro-de-coto-en-bosques-de-santa-anita-bosques-santa-anita?agent=javier373&lang=es
Tlajomulco,Casa,VENTA,7980000,,4.0,3.0,216,https://www.aciertamax.com/property/se-vende-casa-nueva-en-punto-sur?agent=javier373&lang=es
Tlajomulco,Casa,VENTA,7950000,"Casa nueva en VENTA en La Rioja La Rioja, Tlajomulco de Zúñiga Casa 3 recá",3.0,3.0,218,https://www.aciertamax.com/property/casa-nueva-en-venta-en-la-rioja?agent=javier373&lang=es
Tlajomulco,Casa,VENTA,7950000,,4.0,4.0,236,https://www.aciertamax.com/property/casa-en-venta-punto-sur-i-cluster-iii-tlajomulco-de-zuniga-punto-sur?agent=javier373&lang=es
Tlajomulco,Casa en condominio,VENTA,7900000,"Casa en condominio 4 recámaras, 5 baños 234 m² Ver detalles",4.0,5.0,234,https://www.aciertamax.com/property/residencial-punto-sur-este?agent=javier373&lang=es
Tlajomulco,Casa en condominio,VENTA,7900000,"Casa en condominio 5 recámaras, 5 baños 234 m² Ver detalles",5.0,5.0,234,https://www.aciertamax.com/property/residencial-punto-sur-este-punto-sur?agent=javier373&lang=es
Tlajomulco,Casa en condominio,VENTA,7900000,"Casa en Venta en Punto Sur 1 Punto Sur, Tlajomulco de Zúñiga Casa en",3.0,3.0,198.5,https://www.aciertamax.com/property/casa-en-venta-en-punto-sur-2d9ee156-b6bb-40a2-83ea-d667c744dec8?agent=javier373&lang=es
Tlajomulco,Casa en condominio,VENTA,7900000,"Casa en Venta Fraccionamiento La Rioja La Rioja, Tlajomulco de Zúñig",3.0,4.0,226,https://www.aciertamax.com/property/casa-en-venta-fraccionamiento-la-rioja-982acea8-d515-4544-968a-dcecf9b03e60?agent=javier373&lang=es
Tlajomulco,Casa en condominio,VENTA,7900000,"Casa en venta en EL EDÉN El Edén, Tlajomulco de Zúñiga Casa en condo",4.0,5.0,227.44,https://www.aciertamax.com/property/casa-en-venta-en-el-eden-el-eden-casa-en-condominio?agent=javier373&lang=es
Tlajomulco,Casa,VENTA,7850000,"Casa en Venta Amueblada en Balcones de la Calera, Jalisco. Balcones",2.0,3.0,10,https://www.aciertamax.com/property/casa-en-venta-amueblada-en-balcones-de-la-calera-jalisco?agent=javier373&lang=es
Tlajomulco,Casa,VENTA,7799000,,3.0,3.0,233.68,https://www.aciertamax.com/property/se-vende-casa-en-punto-sur-fa7b0132-c92d-42aa-9e38-dfb035ae2c4d?agent=javier373&lang=es
Tlajomulco,Casa en condominio,VENTA,7790000,"Casa en condominio 3 recámaras, 3 baños 275 m² Ver detalles",3.0,3.0,275,https://www.aciertamax.com/property/casa-en-venta-en-san-martin-del-tajo-1dcb9310-636f-4fe0-8939-e205ceb5cb66?agent=javier373&lang=es
Tlajomulco,Casa en condominio,VENTA,7650000,"Casa en condominio 3 recámaras, 3 baños 267 m² Ver detalles",3.0,3.0,267,https://www.aciertamax.com/property/casa-en-venta-lomas-de-santa-anita-f25e1607-efa0-42fe-bb60-9972ffb47ca4?agent=javier373&lang=es
Tlajomulco,Casa,VENTA,7600000,"Casa en venta en El Palomar El Palomar Secc Jockey Club, Tlajomulco",3.0,3.0,338.66,https://www.aciertamax.com/property/casa-en-venta-en-el-palomar-9b1bce9e-2888-44f4-a68e-9e218e503c51?agent=javier373&lang=es
Tlajomulco,Casa en condominio,VENTA,7500000,Casa Nueva en Venta en Arbolada Bosques de Santa Anita Arbolada Bosques de,4.0,4.0,268,https://www.aciertamax.com/property/casa-en-venta-en-arbolada-bosques-de-santa-anita-arbolada-bosques-de-santa-anita-casa-en-condominio?agent=javier373&lang=es
Tlajomulco,Casa en condominio,VENTA,7500000,"Casa en condominio 4 recámaras, 4 baños 272 m² Ver detalles",4.0,4.0,272,https://www.aciertamax.com/property/residencia-en-venta-la-tijera-236ec29b-ce73-49ca-986a-339e4b17c288?agent=javier373&lang=es
Tlajomulco,Casa,VENTA,7500000,,4.0,2.0,393,https://www.aciertamax.com/property/casa-de-campo-en-venta-el-refugio-tlajomulco-de-zuniga?agent=javier373&lang=es
Tlajomulco,Casa en condominio,VENTA,7500000,"Casa en venta Bosque Real Bosque Real, Tlajomulco de Zúñiga Casa en",3.0,4.0,261,https://www.aciertamax.com/property/casa-en-venta-bosque-real-c37cf388-a4a1-4e8b-af59-d0dc936f305c?agent=javier373&lang=es
Tlajomulco,Casa en condominio,VENTA,7490000,"Casa en venta en lomas de santa anita Lomas de Santa Anita, Tlajomul",3.0,3.0,300,https://www.aciertamax.com/property/casa-en-venta-en-lomas-de-santa-anita-lomas-de-santa-anita-casa-en-condominio?agent=javier373&lang=es
Tlajomulco,Casa en condominio,VENTA,7490000,"Casa en Venta  Paraje Casas de Autor precio negociable San Agustin,",3.0,4.0,234.24,https://www.aciertamax.com/property/casa-en-venta-paraje-casas-de-autor-san-agustin-casa-en-condominio?agent=javier373&lang=es
Tlajomulco,Casa,VENTA,7490000,"Casa a la venta en Lomas de Santa Anita Lomas de Santa Anita, Tlajomulco de Zúñ",3.0,3.0,498,https://www.aciertamax.com/property/casa-a-la-venta-en-lomas-de-santa-anita?agent=javier373&lang=es
Tlajomulco,Casa en condominio,VENTA,7490000,"Casa Nueva al Sur con Roof Garden, Estudio y Cocina Equipada | Acabados Premium Bosques Santa Anita, Tlajomulco de Zúñiga Casa en condominio 3 recámaras, 4 baños 234.24 m² Ver detalles",3.0,4.0,234.24,https://www.aciertamax.com/property/casa-nueva-al-sur-con-roof-garden-estudio-y-cocina-equipada-acabados-premium?agent=javier373&lang=es
Tlajomulco,Casa,VENTA,7490000,,3.0,3.0,498,https://www.aciertamax.com/property/casa-en-renta-lomas-de-santa-anita-lomas-de-santa-anita-tlajomulco-de-zuniga?agent=javier373&lang=es
Tlajomulco,Casa en condominio,VENTA,7450000,"Casa en venta en la Rioja Residencial La Rioja, Tlajomulco de Zúñiga",4.0,3.0,200,https://www.aciertamax.com/property/casa-en-venta-en-la-rioja-residencial-175e5c09-9e42-48a7-82eb-3cfb38424d2f?agent=javier373&lang=es
Tlajomulco,Casa en condominio,VENTA,7400000,"Casa en condominio 3 recámaras, 3 baños 172.4 m² Ver detalles",3.0,3.0,172.4,https://www.aciertamax.com/property/casa-en-venta-en-la-rioja-f2de400b-9486-4b25-9e38-c2977b08e919?agent=javier373&lang=es
Tlajomulco,Casa,VENTA,7350000,"Casa en coto castilla excelente oportunidad La Tijera, Tlajomulco de",4.0,4.0,240,https://www.aciertamax.com/property/casa-en-coto-castilla-excelente-oportunidad?agent=javier373&lang=es
Tlajomulco,Casa en condominio,VENTA,7300000,"Casa en condominio 3 recámaras, 3 baños 204.09 m² Ver detalles",3.0,3.0,204.09,https://www.aciertamax.com/property/negociable-casa-en-la-rioja-venta-o-renta?agent=javier373&lang=es
Tlajomulco,Casa,VENTA,7100000,Casa en venta en Punto Sur precio,4.0,4.0,213,https://www.aciertamax.com/property/casa-en-venta-en-punto-sur-precio-7-100-000-punto-sur?agent=javier373&lang=es
Tlajomulco,Casa,VENTA,7100000,Casa en venta en Punto Sur precio,4.0,4.0,213,https://www.aciertamax.com/property/casa-en-venta-en-punto-sur-precio-7-100-000?agent=javier373&lang=es
Tlajomulco,Casa en condominio,VENTA,7000000,"Casa de Campo en Venta en Cajititlan La Noria, Tlajomulco de Zúñiga Cajititlá",4.0,5.0,390,https://www.aciertamax.com/property/casa-en-venta-fraccionamiento-la-noria-tlajomulco-de-zuniga?agent=javier373&lang=es
Tlajomulco,Casa en condominio,VENTA,6980000,"Casa en condominio 4 recámaras, 4 baños 230 m² Ver detalles",4.0,4.0,230,https://www.aciertamax.com/property/casa-en-venta-condominio-punto-sur-este?agent=javier373&lang=es
Tlajomulco,Casa en condominio,VENTA,6950000,"Casa en venta de lujo El Edén Jardines Del Edén, Tlajomulco de Zúñig",4.0,5.0,242,https://www.aciertamax.com/property/residencial-el-eden?agent=javier373&lang=es
Tlajomulco,Casa,VENTA,6950000,,4.0,4.0,211.57,https://www.aciertamax.com/property/punto-sur-punto-sur?agent=javier373&lang=es
Tlajomulco,Casa en condominio,VENTA,6950000,"Casa Punto Sur 1 con Roof Garden Punto Sur, Tlajomulco de Zúñiga Casa en condominio 4 recámar",4.0,4.0,211.57,https://www.aciertamax.com/property/venta-casa-punto-sur-1-con-roof-garden?agent=javier373&lang=es
Tlajomulco,Casa en condominio,VENTA,6950000,"Casa en Venta amueblada en Fraccionamiento 3 Reyes, Tlajomulco de Zú",3.0,3.0,263,https://www.aciertamax.com/property/casa-en-venta-amueblada-en-fraccionamiento-3-reyes-tlajomulco-de-zuniga?agent=javier373&lang=es
Tlajomulco,Casa en condominio,VENTA,6900000,"Casa en condominio 4 recámaras, 4 baños 262 m² Ver detalles",4.0,4.0,262,https://www.aciertamax.com/property/residencia-en-la-tijera-4b88b635-1fe6-44a6-9cb1-80d5fcc46603?agent=javier373&lang=es
Tlajomulco,Casa,VENTA,6900000,Casa en venta en Punto Sur precio,4.0,4.0,211,https://www.aciertamax.com/property/casa-en-venta-en-punto-sur-precio-6-980-000?agent=javier373&lang=es
Tlajomulco,Casa en condominio,VENTA,6900000,"Casa en Venta en La Calera Coto Privado, 3 Niveles, Alberca, Jacuzzi",3.0,3.0,254.93,https://www.aciertamax.com/property/casa-de-campo-con-alberca-y-vista-panoramica?agent=javier373&lang=es
Tlajomulco,Departamento,VENTA,6825000,,2.0,2.0,105,https://www.aciertamax.com/property/departamento-en-venta-distrito-sur?agent=javier373&lang=es
Tlajomulco,Casa en condominio,VENTA,6800000,"Casa nueva con Recamara en PB Arbolada Bosques de Santa Anita, Tlajomulco de Zúñiga Cas",4.0,4.0,197,https://www.aciertamax.com/property/casa-nueva-con-recamara-en-pb-5cd9c134-2337-482c-8d0e-29204df2e627?agent=javier373&lang=es
Tlajomulco,Casa,VENTA,6800000,,3.0,4.0,145.52,https://www.aciertamax.com/property/hermosa-casa-en-venta-en-el-sur?agent=javier373&lang=es
Tlajomulco,Casa,VENTA,6800000,"Casa nueva en Venta, Zona Galerias Santa Anita San Agustin, Tlajomulco de",4.0,4.0,197,https://www.aciertamax.com/property/casa-nueva-en-venta-zona-galerias-santa-anita?agent=javier373&lang=es
Tlajomulco,Casa,VENTA,6800000,Casa en Venta con Cochera para 4 Autos y Amenidades – Paraje Casas d,3.0,3.0,246,https://www.aciertamax.com/property/casa-en-venta-con-cochera-para-4-autos-y-amenidades-paraje-casas-de-autor-tla?agent=javier373&lang=es
Tlajomulco,Casa,VENTA,6800000,"Casa de Autor en Venta en Fracc. Las Grullas, Las Jacarandas – San Agustín Sa",3.0,3.0,198,https://www.aciertamax.com/property/casa-en-venta-en-fracc-las-grullas-las-jacarandas-san-agustin?agent=javier373&lang=es
Tlajomulco,Casa,VENTA,6800000,,3.0,4.0,225.23,https://www.aciertamax.com/property/al-sur-en-bosques-santa-anita-casa-en-venta?agent=javier373&lang=es
Tlajomulco,Casa,VENTA,6800000,,5.0,5.0,201,https://www.aciertamax.com/property/casa-con-alberca-en-venta-en-balcones-de-la-calera?agent=javier373&lang=es
Tlajomulco,Casa,VENTA,6790000,,4.0,5.0,230,https://www.aciertamax.com/property/casa-en-venta-a-5-minutos-de-galerias-san-anita?agent=javier373&lang=es
Tlajomulco,Casa en condominio,VENTA,6790000,"Casa en Venta La Rioja La Rioja, Tlajomulco de Zúñiga Casa en condom",3.0,2.0,213.56,https://www.aciertamax.com/property/casa-en-venta-la-rioja-eeb980fe-e69c-471b-a8f5-bb12fa014039?agent=javier373&lang=es
Tlajomulco,Casa en condominio,VENTA,6780000,"Casa en condominio 3 recámaras, 5 baños 215 m² Ver detalles",3.0,5.0,215,https://www.aciertamax.com/property/residencia-nueva-con-roof-garden-y-3-recamaras-paraje-las-grullas-215-m-de?agent=javier373&lang=es
Tlajomulco,Casa,VENTA,6750000,"Casa en venta en Fracc. Bosques de Santa Anita, Tlajomulco Arbolada",4.0,3.0,206,https://www.aciertamax.com/property/casa-en-venta-en-fracc-bosques-de-santa-anita-tlajomulco?agent=javier373&lang=es
Tlajomulco,Casa,VENTA,6750000,"Casa en venta en Flor de Loto por Nueva Galicia, precio",3.0,4.0,206,https://www.aciertamax.com/property/casa-en-venta-en-flor-de-loto-por-nueva-galicia-precio-6-750-000?agent=javier373&lang=es
Tlajomulco,Casa en condominio,VENTA,6700000,"Casa en Venta en El Sur de La Ciudad San Agustin, Tlajomulco de Zúñi",4.0,4.0,231,https://www.aciertamax.com/property/hermosa-casa-en-venta-en-el-sur-de-la-ciudad-san-agustin?agent=javier373&lang=es
Tlajomulco,Casa,VENTA,6700000,"Casa en Venta ARBOLADA 1, oportunidad Arbolada Bosques de Santa Anit",3.0,2.0,210,https://www.aciertamax.com/property/casa-en-venta-arbolada-1-oportunidad?agent=javier373&lang=es
Tlajomulco,Departamento,VENTA,6700000,"Departamento en Venta Punto Sur 724 - Apartamentos Torre 1 Los Gavilanes, Tl",3.0,2.0,110,https://www.aciertamax.com/property/departamento-en-venta-punto-sur-724-apartamentos-torre-1?agent=javier373&lang=es
Tlajomulco,Casa,VENTA,6700000,"Casa en Venta, Fracc. El Edén en Bosques de Santa Anita Bosques Sant",4.0,3.0,207,https://www.aciertamax.com/property/casa-moderna-con-roof-garden-y-amenidades-de-lujo?agent=javier373&lang=es
Tlajomulco,Casa en condominio,VENTA,6700000,Casa en Venta en El Edén Residencial | 4 Recámaras + Roof Garden | T,4.0,3.0,207,https://www.aciertamax.com/property/casa-en-venta-en-el-eden-residencial-4-recamaras-roof-garden-tlajomulco?agent=javier373&lang=es
Tlajomulco,Casa,VENTA,6650000,"Casa en venta en Flor de Loto por Nueva Galicia, precio",3.0,3.0,190,https://www.aciertamax.com/property/casa-en-venta-en-flor-de-loto-por-nueva-galicia-precio-6-650-000?agent=javier373&lang=es
Tlajomulco,Casa en condominio,VENTA,6620000,"Casa en condominio 4 recámaras, 4 baños 240 m² Ver detalles",4.0,4.0,240,https://www.aciertamax.com/property/casa-nueva-el-eden-acabados-de-lujo-roof-top-4-cuartos-jardin-el-eden-tlajomulco-de-zuniga?agent=javier373&lang=es
Tlajomulco,Casa en condominio,VENTA,6612007,"Casa en condominio 4 recámaras, 4 baños 210 m² Ver detalles",4.0,4.0,210,https://www.aciertamax.com/property/casa-en-venta-en-paraje-las-grullas-san-agustin?agent=javier373&lang=es
Tlajomulco,Casa en condominio,VENTA,6590000,"Casa Fuerte), Tlajomulco de Zúñiga Casa en condominio 3 recámaras, 4 baños 200 m² Ver detalles",3.0,4.0,200,https://www.aciertamax.com/property/hermosa-casa-en-venta-dentro-de-coto-baluarte?agent=javier373&lang=es
Tlajomulco,Casa en condominio,VENTA,6550026,"Casa en condominio 4 recámaras, 4 baños 207.2 m² Ver detalles",4.0,4.0,207.2,https://www.aciertamax.com/property/casa-en-venta-en-paraje-las-grullas?agent=javier373&lang=es
Tlajomulco,Casa,VENTA,6500000,Casa en Venta Santa Cruz de La Loma Santa Cruz de la Loma (Tepetates,4.0,3.0,441.71,https://www.aciertamax.com/property/casa-en-venga-santa-cruz-de-la-loma?agent=javier373&lang=es
Tlajomulco,Casa en condominio,VENTA,6500000,Casa en venta  Plazas Outlets  Tlajomulco de Zúñiga Senderos de Mont,3.0,3.0,380,https://www.aciertamax.com/property/casa-en-renta-con-terraza-en-tlajomulco-de-zuniga?agent=javier373&lang=es
Tlajomulco,Casa en condominio,VENTA,6500000,"Casa en venta, Bosques De Santa Anita de una planta Bosques Santa An",3.0,2.0,180,https://www.aciertamax.com/property/casa-en-venta-bosques-de-santa-anita-de-una-planta?agent=javier373&lang=es
Tlajomulco,Casa en condominio,VENTA,6490000,"Casa en venta en punto sur 1 Punto Sur, Tlajomulco de Zúñiga Casa en",3.0,4.0,209,https://www.aciertamax.com/property/casa-en-venta-en-punto-sur-1-c4235271-069a-45d5-ae6a-7b0dcdb136cb?agent=javier373&lang=es
Tlajomulco,Casa,VENTA,6450000,,4.0,3.0,229,https://www.aciertamax.com/property/con-roof-muy-amplia-y-bonita-casa-en-del-pilar-residencial?agent=javier373&lang=es
Tlajomulco,Casa en condominio,VENTA,6450000,"Casa en condominio 4 recámaras, 3 baños 229 m² Ver detalles",4.0,3.0,229,https://www.aciertamax.com/property/recamara-en-planta-baja-con-bano-completo-en-del-pilar-residencial?agent=javier373&lang=es
Tlajomulco,Casa en condominio,VENTA,6400000,"Casa en venta en Tlajomulco de Zúñiga San Agustin, Tlajomulco de Zúñ",3.0,3.0,246.4,https://www.aciertamax.com/property/casa-en-venta-en-tlajomulco-de-zuniga-san-agustin?agent=javier373&lang=es
Tlajomulco,Casa en condominio,VENTA,6390000,Casa en Venta Punto Sur,3.0,3.0,192,https://www.aciertamax.com/property/casa-en-venta-punto-sur-6-390-000?agent=javier373&lang=es
Tlajomulco,Casa,VENTA,6380000,Casa en venta en Bosques de Santa Anita Arboleda Bosques de Santa An,3.0,2.0,310,https://www.aciertamax.com/property/casa-en-venta-en-bosques-de-santa-anita-arboleda-bosques-de-santa-anita-casa?agent=javier373&lang=es
Tlajomulco,Casa,VENTA,6300000,,4.0,4.0,176,https://www.aciertamax.com/property/camichines-casa-en-venta-colonia-la-tijera-tlacomulco?agent=javier373&lang=es
Tlajomulco,Casa en condominio,VENTA,6290000,"Casa en Venta a Estrenar en Coto Almena, Casa Fuerte, Tlajomulco de",4.0,3.0,225,https://www.aciertamax.com/property/casa-en-venta-a-estrenar-en-coto-almena-casa-fuerte-tlajomulco-de-zuniga?agent=javier373&lang=es
Tlajomulco,Casa,VENTA,6250000,Casa en venta en fraccionamiento  Lomas de Santa Anita Lomas de Sant,4.0,4.0,349,https://www.aciertamax.com/property/casa-en-venta-en-fraccionamiento-lomas-de-santa-anita?agent=javier373&lang=es
Tlajomulco,Casa en condominio,VENTA,6200000,"Casa en venta en Casa Fuerte El Alcázar (Casa Fuerte), Tlajomulco de",4.0,3.0,226,https://www.aciertamax.com/property/casa-en-venta-en-casa-fuerte-7fab2730-72ec-4fc8-ab1d-0797708df377?agent=javier373&lang=es
Tlajomulco,Casa en condominio,VENTA,6200000,"Casa en condominio 4 recámaras, 3 baños 156.87 m² Ver detalles",4.0,3.0,156.87,https://www.aciertamax.com/property/en-venta-casa-lomas-de-santa-anita?agent=javier373&lang=es
Tlajomulco,Departamento,VENTA,6200000,,2.0,2.0,128,https://www.aciertamax.com/property/departamento-en-renta-la-rioja-torre-hispania-1304-la-rioja?agent=javier373&lang=es
Tlajomulco,Casa en condominio,VENTA,6150000,"Casa Bosques California Villa California, Tlajomulco de Zúñiga Casa en condominio 3 recámaras, 3 baños 173.9 m² Ver detalles",3.0,3.0,173.9,https://www.aciertamax.com/property/casa-bosques-california-villa-california-casa-en-condominio?agent=javier373&lang=es
Tlajomulco,Casa,VENTA,6100000,"Casa en Venta Senderos de monte Verde Senderos de Monte Verde, Tlajo",3.0,2.0,224,https://www.aciertamax.com/property/casa-en-venta-senderos-de-monte-verde-22a39b1d-55b6-4389-bc79-40ec6f883b38?agent=javier373&lang=es
Tlajomulco,Casa,VENTA,6100000,"Casa en Venta Senderos de Monte Verde Senderos de Monte Verde, Tlajo",3.0,2.0,224,https://www.aciertamax.com/property/amplia-casa-en-venta-senderos-de-monte-verde?agent=javier373&lang=es
Tlajomulco,Casa en condominio,VENTA,6090000,"Casa en condominio 4 recámaras, 3 baños 232.3 m² Ver detalles",4.0,3.0,232.3,https://www.aciertamax.com/property/se-vende-comoda-y-bien-distribuida-casa-en-del-pilar-tlajomulco?agent=javier373&lang=es
Tlajomulco,Casa en condominio,VENTA,6050000,"Casa Fuerte. El Alcázar (Casa Fuerte), Tlajomulco de Zúñiga Casa en condominio 4 recámaras, 4 baños 240 m² Ver detalles",4.0,4.0,240,https://www.aciertamax.com/property/espectacular-residencia-de-4-recamaras-en-esquina-frac-casa-fuerte?agent=javier373&lang=es
Tlajomulco,Casa en condominio,VENTA,6007081,"Casa en condominio 4 recámaras, 4 baños 202.5 m² Ver detalles",4.0,4.0,202.5,https://www.aciertamax.com/property/casas-en-venta-paraje-las-grullas-en-tlajomulco-san-agustin?agent=javier373&lang=es
Tlajomulco,Casa en condominio,VENTA,6000000,"Casa en venta jardines de Santa Anita Jardines de Santa Anita, Tlajo",3.0,3.0,221,https://www.aciertamax.com/property/casa-en-venta-jardines-de-santa-anita?agent=javier373&lang=es
Tlajomulco,Casa en condominio,VENTA,6000000,"Casa en Venta en Coto Bosques de las Moras Tlajomulco De Zuñiga , Ja",4.0,3.0,195,https://www.aciertamax.com/property/casa-en-venta-en-coto-bosques-de-las-moras-tlajomulco-de-zuniga-jal?agent=javier373&lang=es
Tlajomulco,Casa,VENTA,5999999,,6.0,4.0,375,https://www.aciertamax.com/property/venta-finca-comercial-en-santa-anita?agent=javier373&lang=es
Tlajomulco,Casa,VENTA,5950000,,3.0,2.0,215,https://www.aciertamax.com/property/casa-venta-fracc-del-pilar-del-pilar-residencial?agent=javier373&lang=es
Tlajomulco,Casa,VENTA,5950000,,3.0,4.0,190,https://www.aciertamax.com/property/casa-en-venta-nueva-galicia-tlajomulco-5c0e7333-f08b-49bd-b381-7dd1f24d89e4?agent=javier373&lang=es
Tlajomulco,Casa en condominio,VENTA,5950000,"Casa en condominio 3 recámaras, 3 baños 170 m² Ver detalles",3.0,3.0,170,https://www.aciertamax.com/property/bosques-de-santa-anita-coto-2?agent=javier373&lang=es
Tlajomulco,Casa,VENTA,5900000,,4.0,3.0,398,https://www.aciertamax.com/property/casa-en-venta-en-santa-cruz-de-las-flores-santa-cruz-de-las-flores?agent=javier373&lang=es
Tlajomulco,Casa,VENTA,5900000,,3.0,2.0,321,https://www.aciertamax.com/property/casa-en-venta-casa-fuerte-coto-baluarte-4912151e-7a5b-4cb8-b870-4d24c29bdf9c?agent=javier373&lang=es
Tlajomulco,Casa,VENTA,5900000,,3.0,2.0,253,https://www.aciertamax.com/property/casa-en-venta-coto-la-muralla-casa-fuerte-tlajomulco-el-alcazar-casa-fuerte-casa?agent=javier373&lang=es
Tlajomulco,Departamento,VENTA,5860000,"Departamento a estrenar en Hispania, La RIoja La Rioja, Tlajomulco de Zúñiga Departamen",2.0,2.0,149.13,https://www.aciertamax.com/property/se-vende-departamento-a-estrenar-en-hispania-la-rioja?agent=javier373&lang=es
Tlajomulco,Casa en condominio,VENTA,5800000,"Casa En Venta En La Rioja, Tlajomulco De Zuñiga La Rioja, Tlajomulco de Zúñiga Casa en condominio 3 recámaras, 2 baños 158 m² Ver detalles",3.0,2.0,158,https://www.aciertamax.com/property/casa-en-venta-en-la-rioja-tlajomulco-de-zuniga-c8ac39f9-c1c0-4024-aecf-658eaa8b17cf?agent=javier373&lang=es
Tlajomulco,Casa en condominio,VENTA,5800000,"Casa en condominio 3 recámaras, 2 baños 350 m² Ver detalles",3.0,2.0,350,https://www.aciertamax.com/property/casa-en-venta-en-cortijo-san-agustin-2ba14a6c-4d76-4f7e-8a44-453ef1c3ab50?agent=javier373&lang=es
Tlajomulco,Casa en condominio,VENTA,5800000,"Casa en Venta en Senderos de Monteverde Senderos de Monte Verde, Tla",3.0,4.0,298,https://www.aciertamax.com/property/casa-en-venta-en-senderos-de-monteverde-5cf3897f-b878-4b03-a48e-9b7e9741d69e?agent=javier373&lang=es
Tlajomulco,Casa en condominio,VENTA,5750000,,4.0,4.0,286.12,https://www.aciertamax.com/property/casa-de-campo-condominio-3-reyes-venta-a-unos-pasos-de-la-laguna-de-cajititlan?agent=javier373&lang=es
Tlajomulco,Casa,VENTA,5680000,"Casa en venta en Paraje, Las Grullas Residencial, precio",3.0,2.0,197,https://www.aciertamax.com/property/casa-en-venta-en-paraje-las-grullas-residencial-precio-5-680-000?agent=javier373&lang=es
Tlajomulco,Casa,VENTA,5650000,,3.0,3.0,190,https://www.aciertamax.com/property/casa-en-venta-nueva-galicia-recidencial-tlajomulco?agent=javier373&lang=es
Tlajomulco,Casa,VENTA,5647000,"Casa en venta Bosques de Santanita Arbolada Bosques de Santa Anita,",4.0,4.0,259,https://www.aciertamax.com/property/casa-en-venta-bosques-de-santanita?agent=javier373&lang=es
Tlajomulco,Departamento,VENTA,5620000,Departamentos en Venta Fraccionamiento LA RIOJA - Torre Hispania Habitat Vert,2.0,2.0,111,https://www.aciertamax.com/property/departamentos-en-venta-fraccionamiento-la-rioja-torre-hispania-habitat-vertica-la-rioja-departamento?agent=javier373&lang=es
Tlajomulco,Departamento,VENTA,5620000,,2.0,2.0,142.61,https://www.aciertamax.com/property/depa-en-venta-hispania-habitat-vertical-dentro-de-la-rioja?agent=javier373&lang=es
Tlajomulco,Casa en condominio,VENTA,5600000,"Casa en Venta en Bosques de Santa Anita Bosques Santa Anita, Tlajomu",4.0,4.0,277,https://www.aciertamax.com/property/casa-en-venta-en-bosques-de-santa-anita-45da7cc1-a40b-4004-8c77-d6fce3c12e5a?agent=javier373&lang=es
Tlajomulco,Casa,VENTA,5600000,,1.0,1.0,269.15,https://www.aciertamax.com/property/casa-de-descanso-en-venta-cerca-de-guadalajara?agent=javier373&lang=es
Tlajomulco,Casa en condominio,VENTA,5590000,"Casa Fuerte), Tlajomulco de Zúñiga Casa en condominio 4 recámaras, 4 baños 229 m² Ver detalles",4.0,4.0,229,https://www.aciertamax.com/property/estrena-en-coto-almena-casa-de-4-recamaras?agent=javier373&lang=es
Tlajomulco,Casa en condominio,VENTA,5590000,"Casa en condominio 4 recámaras, 3 baños 320 m² Ver detalles",4.0,3.0,320,https://www.aciertamax.com/property/residencia-en-venta-senderos-de-monteverde-tlajomulco-de-zuniga-jalisco?agent=javier373&lang=es
Tlajomulco,Casa,VENTA,5590000,,4.0,3.0,320,https://www.aciertamax.com/property/casa-en-venta-senderos-de-monteverde-tlajomulco-de-zuniga-jalisco?agent=javier373&lang=es
Tlajomulco,Casa en condominio,VENTA,5500000,"Casa en venta en El Eden Bosques Santa Anita, Tlajomulco de Zúñiga C",3.0,2.0,200,https://www.aciertamax.com/property/casa-en-venta-en-el-eden-bd4ed5c4-1d79-418b-9a69-500ccafef0cf?agent=javier373&lang=es
Tlajomulco,Casa en condominio,VENTA,5500000,"Casa nueva con roof Arbolada Bosques de Santa Anita, Tlajomulco de Zúñiga Casa en condominio 4 recámaras, 3 baños 200 m² Ver detalles",4.0,3.0,200,https://www.aciertamax.com/property/casa-nueva-con-roof-91010cff-32e5-4965-9983-0cea4103154d?agent=javier373&lang=es
Tlajomulco,Casa en condominio,VENTA,5500000,"Casa nueva con roof Arbolada Bosques de Santa Anita, Tlajomulco de Zúñiga Casa en condominio 4 recámaras, 3 baños 200 m² Ver detalles",4.0,3.0,200,https://www.aciertamax.com/property/casa-nueva-con-roof-arbolada-bosques-de-santa-anita-casa-en-condominio?agent=javier373&lang=es
Tlajomulco,Casa en condominio,VENTA,5500000,"Casa nueva con roof Arbolada Bosques de Santa Anita, Tlajomulco de Zúñiga Casa en condominio 4 recámaras, 3 baños 200 m² Ver detalles",4.0,3.0,200,https://www.aciertamax.com/property/casa-nueva-con-roof-2d2dd456-3410-4edf-a424-08f3613c1e44?agent=javier373&lang=es
Tlajomulco,Casa en condominio,VENTA,5500000,"Casa nueva con roof Arbolada Bosques de Santa Anita, Tlajomulco de Zúñiga Casa en condominio 4 recámaras, 3 baños 200 m² Ver detalles",4.0,3.0,200,https://www.aciertamax.com/property/casa-nueva-con-roof-arbolada-bosques-de-santa-anita-tlajomulco-de-zuniga?agent=javier373&lang=es
Tlajomulco,Casa en condominio,VENTA,5500000,"Casa nueva con roof Arbolada Bosques de Santa Anita, Tlajomulco de Zúñiga Casa en condominio 4 recámaras, 3 baños 200 m² Ver detalles",4.0,3.0,200,https://www.aciertamax.com/property/casa-nueva-con-roof-arbolada-bosques-de-santa-anita?agent=javier373&lang=es
Tlajomulco,Casa en condominio,VENTA,5500000,"Casa nueva con roof Arbolada Bosques de Santa Anita, Tlajomulco de Zúñiga Casa en condominio 4 recámaras, 3 baños 200 m² Ver detalles",4.0,3.0,200,https://www.aciertamax.com/property/casa-a-la-venta-en-punto-sur-elite?agent=javier373&lang=es
Tlajomulco,Casa en condominio,VENTA,5500000,"Casa en condominio 3 recámaras, 2 baños 318 m² Ver detalles",3.0,2.0,318,https://www.aciertamax.com/property/casa-en-venta-en-cajititlan-la-noria-de-los-reyes?agent=javier373&lang=es
Tlajomulco,Departamento,VENTA,5500000,,2.0,2.0,128,https://www.aciertamax.com/property/departamento-en-renta-la-rioja-torre-hispania-1304?agent=javier373&lang=es
Tlajomulco,Casa en condominio,VENTA,5500000,"Casa en Venta Fraccionamiento Casa Fuerte El Alcázar (Casa Fuerte),",3.0,3.0,272,https://www.aciertamax.com/property/casa-en-venta-fraccionamiento-casa-fuerte-8f56581a-127d-445d-aa14-0e75104f7d9c?agent=javier373&lang=es
Tlajomulco,Casa,VENTA,5500000,"Casa en venta Nueva Galicia, precio",3.0,4.0,179,https://www.aciertamax.com/property/casa-en-venta-nueva-galicia-precio-5-500-000-coto-nueva-galicia?agent=javier373&lang=es
Tlajomulco,Casa,VENTA,5500000,"Casa en venta Nueva Galicia, precio",3.0,4.0,178.9,https://www.aciertamax.com/property/casa-en-venta-nueva-galicia-precio-5-500-000?agent=javier373&lang=es
Tlajomulco,Casa en condominio,VENTA,5500000,"Casa en condominio 3 recámaras, 3 baños 186 m² Ver detalles",3.0,3.0,186,https://www.aciertamax.com/property/se-vende-casa-oportunidad-lomas-de-santa-anita-5-300-000?agent=javier373&lang=es
Tlajomulco,Casa,VENTA,5490000,,3.0,3.0,170,https://www.aciertamax.com/property/amplia-casa-en-venta-en-paraje-casas-de-autor-tlajomulco?agent=javier373&lang=es
Tlajomulco,Casa en condominio,VENTA,5490000,Casa Nueva en venta Atmosfera al sur de la Ciudad Arbolada Bosques de Sant,3.0,3.0,195,https://www.aciertamax.com/property/casa-nueva-en-venta-atmosfera-al-sur-de-la-ciudad?agent=javier373&lang=es
Tlajomulco,Casa,VENTA,5490000,,4.0,4.0,232,https://www.aciertamax.com/property/propiedad-en-venta-con-posibilidad-de-traspaso?agent=javier373&lang=es
Tlajomulco,Casa en condominio,VENTA,5400000,"Casa en condominio 3 recámaras, 2 baños 160 m² Ver detalles",3.0,2.0,160,https://www.aciertamax.com/property/casa-remodelada-en-venta-nueva-galicia-al-sur-de-guadalajara-81b8f7d0-4ddd-44bd-8a04-2cea4f45b306?agent=javier373&lang=es
Tlajomulco,Casa en condominio,VENTA,5400000,"Casa a la venta en Del Pilar Residencial Del Pilar Residencial, Tlajomulco de Z",3.0,2.0,177,https://www.aciertamax.com/property/casa-a-la-venta-en-del-pilar-residencial-del-pilar-residencial?agent=javier373&lang=es
Tlajomulco,Casa,VENTA,5400000,"Casa en Venta en ADAMAR Adamar, Tlajomulco de Zúñiga Casa 4 recámara",4.0,4.0,210,https://www.aciertamax.com/property/casa-en-venta-en-adamar-8b3cee9d-99a9-4ecd-b5d2-56218a7e6ef8?agent=javier373&lang=es
Tlajomulco,Casa,VENTA,5400000,,3.0,2.0,160,https://www.aciertamax.com/property/casa-en-venta-en-nueva-galicia-e6c235a1-be26-40a2-bb8b-baa91e566342?agent=javier373&lang=es
Tlajomulco,Casa en condominio,VENTA,5390000,"Casa en condominio 3 recámaras, 3 baños 183 m² Ver detalles",3.0,3.0,183,https://www.aciertamax.com/property/residencia-en-venta-en-fraccionamiento-el-eden-en-bosques-de-santa-anita?agent=javier373&lang=es
Tlajomulco,Casa en condominio,VENTA,5390000,"Casa en condominio 3 recámaras, 3 baños 183 m² Ver detalles",3.0,3.0,183,https://www.aciertamax.com/property/casa-el-eden-residencial?agent=javier373&lang=es
Tlajomulco,Casa,VENTA,5360000,"Casa en Venta en Coto Habitat San Millán, Arbolada de Santa Anita Há",4.0,3.0,184,https://www.aciertamax.com/property/casa-en-venta-en-coto-habitat-san-millan-arbolada-de-santa-anita?agent=javier373&lang=es
Tlajomulco,Casa en condominio,VENTA,5360000,Casa en Coto con Alberca | 4 Recámaras Arbolada Bosques de Santa Ani,4.0,3.0,180,https://www.aciertamax.com/property/casa-en-coto-con-alberca-4-recamaras?agent=javier373&lang=es
Tlajomulco,Departamento,VENTA,5320000,Departamentos en Venta Fraccionamiento LA RIOJA - Torre Hispania Habitat Vert,2.0,2.0,111,https://www.aciertamax.com/property/departamentos-en-venta-fraccionamiento-la-rioja-torre-hispania-habitat-vertica-la-rioja-tlajomulco-de-zuniga?agent=javier373&lang=es
Tlajomulco,Departamento,VENTA,5320000,,2.0,2.0,134.78,https://www.aciertamax.com/property/depa-en-venta-hispania-dentro-de-la-rioja-tlajomulco?agent=javier373&lang=es
Tlajomulco,Casa,VENTA,5300000,,3.0,2.0,172,https://www.aciertamax.com/property/venta-de-casa-en-nueva-galicia-en-el-coto-barcelona?agent=javier373&lang=es
Tlajomulco,Departamento,VENTA,5300000,"Departamento en Venta Punto Sur, Tlajomulco de Zúñiga Departamento 2 recámar",2.0,2.0,92,https://www.aciertamax.com/property/punto-sur-724-estrena-departamento-en-renta?agent=javier373&lang=es
Tlajomulco,Departamento,VENTA,5300000,,2.0,2.0,130,https://www.aciertamax.com/property/departamento-en-torre-hispana-la-rioja?agent=javier373&lang=es
Tlajomulco,Casa en condominio,VENTA,5250000,"Casa en condominio 3 recámaras, 3 baños 178 m² Ver detalles",3.0,3.0,178,https://www.aciertamax.com/property/casa-a-estrenar-en-zoi-santa-anita-i-a-espaldas-de-galerias-santa-anita?agent=javier373&lang=es
Tlajomulco,Casa en condominio,VENTA,5250000,"Casa en venta Casa Fuerte El Alcázar (Casa Fuerte), Tlajomulco de Zú",3.0,3.0,227,https://www.aciertamax.com/property/casa-en-venta-casa-fuerte-50744019-9f54-4f6b-9111-39b37e0b2498?agent=javier373&lang=es
Tlajomulco,Casa en condominio,VENTA,5200000,"Casa en condominio 3 recámaras, 2 baños 190 m² Ver detalles",3.0,2.0,190,https://www.aciertamax.com/property/oportunidad-casa-bosques-de-santa-anita?agent=javier373&lang=es
Tlajomulco,Casa,VENTA,5200000,Casa en venta Nueva Galicia Tlajomulco de Zuñiga Nueva Galicia Resid,3.0,2.0,186,https://www.aciertamax.com/property/casa-en-venta-nueva-galicia-tlajomulco-de-zuniga-coto-nueva-galicia-tlajomulco-de-zuniga?agent=javier373&lang=es
Tlajomulco,Casa,VENTA,5199000,,3.0,2.0,174,https://www.aciertamax.com/property/casa-en-venta-en-zoi-santa-anita-d81ee02b-2367-46c7-9941-e6b19709bef0?agent=javier373&lang=es
Tlajomulco,Casa,VENTA,5197000,,3.0,2.0,180,https://www.aciertamax.com/property/casa-en-venta-en-coto-baluarte-el-alcazar-casa-fuerte-tlajomulco-de-zuniga?agent=javier373&lang=es
Tlajomulco,Casa en condominio,VENTA,5190000,Casa en Venta Fraccionamiento El Edén - Zona Bosques de Santa Anita,3.0,2.0,188,https://www.aciertamax.com/property/casa-en-venta-fraccionamiento-el-eden-zona-bosques-de-santa-anita-el-eden-tlajomulco-de-zuniga?agent=javier373&lang=es
Tlajomulco,Casa,VENTA,5150000,"Casa en venta Nueva Galicia, precio",3.0,4.0,168,https://www.aciertamax.com/property/casa-en-venta-nueva-galicia-precio-5-150-000?agent=javier373&lang=es
Tlajomulco,Casa en condominio,VENTA,5100000,"Casa en condominio 3 recámaras, 2 baños 186.35 m² Ver detalles",3.0,2.0,186.35,https://www.aciertamax.com/property/residencia-seminueva-con-roof-garden-en-atmosfera-habitat?agent=javier373&lang=es
Tlajomulco,Casa,VENTA,5100000,"Casa en venta en Coto Sevilla La Tijera, Tlajomulco de Zúñiga Casa 3",3.0,2.0,198,https://www.aciertamax.com/property/casa-en-venta-en-coto-sevilla?agent=javier373&lang=es
Tlajomulco,Casa en condominio,VENTA,5100000,"Casa en venta en bosques de Santa Anita. Bosques Santa Anita, Tlajom",3.0,2.0,183,https://www.aciertamax.com/property/casa-en-venta-en-bosques-de-santa-anita-5491680d-13de-4a71-a29f-a682a2355b40?agent=javier373&lang=es
Tlajomulco,Casa,VENTA,5100000,,4.0,3.0,174,https://www.aciertamax.com/property/en-venta-a-un-costado-de-galeras-santa-anita-bosques-santa-anita-tlajomulco-de-zuniga?agent=javier373&lang=es
Tlajomulco,Casa,VENTA,5100000,Casa en venta en Fraccionamiento Nueva Galicia Nueva Galicia Residen,3.0,2.0,198,https://www.aciertamax.com/property/casa-en-venta-en-fraccionamiento-nueva-galicia?agent=javier373&lang=es
Tlajomulco,Casa,VENTA,5100000,"Casa en Atmósfera Hábitat Santa Anita San Agustin, Tlajomulco de Zúñ",3.0,2.0,186.35,https://www.aciertamax.com/property/casa-en-atmosfera-habitat-santa-anita?agent=javier373&lang=es
Tlajomulco,Casa en condominio,VENTA,5100000,"Casa en Venta Casa fuerte El Alcázar (Casa Fuerte), Tlajomulco de Zú",3.0,3.0,,https://www.aciertamax.com/property/casa-en-venta-casa-fuerte-52c03354-c8f0-4ac2-afd8-a20295ae3b1a?agent=javier373&lang=es
Tlajomulco,Casa en condominio,VENTA,5100000,"Casa en Venta Sendero de las Moras Sendero las Moras, Tlajomulco de",4.0,3.0,179,https://www.aciertamax.com/property/casa-en-venta-sendero-de-las-moras-11359ffb-10d5-4e5f-9976-d8d8159c4f3a?agent=javier373&lang=es
Tlajomulco,Casa en condominio,VENTA,5100000,"Casa en condominio 3 recámaras, 3 baños 188 m² Ver detalles",3.0,3.0,188,https://www.aciertamax.com/property/increible-residencia-al-sur-de-la-ciudad-en-fraccionamiento-adamar?agent=javier373&lang=es
Tlajomulco,Casa,VENTA,5050000,"Casa en Venta Bosques Cedros Bosques Santa Anita, Tlajomulco de Zúñi",4.0,4.0,206,https://www.aciertamax.com/property/casa-en-venta-bosques-cedros-bosques-santa-anita?agent=javier373&lang=es
Tlajomulco,Casa en condominio,VENTA,5050000,"Casa en condominio 4 recámaras, 4 baños 206 m² Ver detalles",4.0,4.0,206,https://www.aciertamax.com/property/hermosa-casa-en-coto-en-bosques-cedros-con-ubicacion-privilegiada-arbolada-bosques-de-santa-anita-tlajomulco-de-zuniga?agent=javier373&lang=es
Tlajomulco,Casa,VENTA,4990000,Casa en Venta | Coto El Baluarte | Fraccionamiento Casa Fuerte San A,3.0,2.0,172,https://www.aciertamax.com/property/casa-en-venta-coto-el-baluarte-fraccionamiento-casa-fuerte?agent=javier373&lang=es
Tlajomulco,Casa,VENTA,4990000,"Casa a la venta en Senderos de Monte Verde Senderos de Monte Verde, Tlajomulco",3.0,2.0,280,https://www.aciertamax.com/property/casa-a-la-venta-en-senderos-de-monte-verde?agent=javier373&lang=es
Tlajomulco,Casa en condominio,VENTA,4990000,"Casa en venta en Senderos de Monte Verde coto 4, Tlajomulco de Zúñig",3.0,2.0,295,https://www.aciertamax.com/property/casa-en-venta-en-senderos-de-monte-verde-coto-4-tlajomulco-de-zuniga-ea207e8d-7f7e-430e-a666-863830667b38?agent=javier373&lang=es
Tlajomulco,Casa,VENTA,4970000,"Casa en venta en Sendero de las Moras, Bosque de Santa Anita Santa A",3.0,2.0,246,https://www.aciertamax.com/property/casa-en-venta-en-sendero-de-las-moras-bosque-de-santa-anita?agent=javier373&lang=es
Tlajomulco,Casa,VENTA,4967000,,4.0,3.0,270,https://www.aciertamax.com/property/casa-super-equipada-en-venta-en-bonanza-residencial?agent=javier373&lang=es
Tlajomulco,Casa en condominio,VENTA,4958738,"Casa en condominio 3 recámaras, 3 baños 214 m² Ver detalles",3.0,3.0,214,https://www.aciertamax.com/property/casa-en-venta-en-fraccionamiento-casa-fuerte-san-agustin?agent=javier373&lang=es
Tlajomulco,Casa,VENTA,4950000,,4.0,3.0,226,https://www.aciertamax.com/property/casa-en-venta-en-fraccionamiento-casa-fuerte-san-agustin-casa?agent=javier373&lang=es
Tlajomulco,Casa en condominio,VENTA,4950000,"Casa Bosques California Villa California, Tlajomulco de Zúñiga Casa en condominio 3 recámaras, 3 baños 140.55 m² Ver detalles",3.0,3.0,140.55,https://www.aciertamax.com/property/casa-bosques-california-villa-california-tlajomulco-de-zuniga?agent=javier373&lang=es
Tlajomulco,Departamento,VENTA,4935000,Departamentos en Venta Fraccionamiento LA RIOJA - Torre Hispania Habitat Vert,2.0,2.0,125,https://www.aciertamax.com/property/departamentos-en-venta-fraccionamiento-la-rioja-torre-hispania-habitat-vertica-la-rioja?agent=javier373&lang=es
Tlajomulco,Departamento,VENTA,4935000,,2.0,2.0,94.5,https://www.aciertamax.com/property/hermosa-torre-de-departamentos-hispania-dentro-de-la-rioja?agent=javier373&lang=es
Tlajomulco,Casa en condominio,VENTA,4925000,"Casa Fuerte), Tlajomulco de Zúñiga Casa en condominio 3 recámaras, 2 baños 154.7 m² Ver detalles",3.0,2.0,154.7,https://www.aciertamax.com/property/hermosa-casa-en-fraccionamiento-casa-fuerte?agent=javier373&lang=es
Tlajomulco,Casa en condominio,VENTA,4900000,"Casa villa California Villa California, Tlajomulco de Zúñiga Clave interna: 609566 Casa en condominio 3 recámaras, 2 baños 160 m² Ver detalles",3.0,2.0,160,https://www.aciertamax.com/property/casa-villa-california-b8db921d-015e-420c-bdf8-fcc97b8b9191?agent=javier373&lang=es
Tlajomulco,Casa,VENTA,4900000,"Casa Nueva en VENTA en BOSQUE REAL Bosque Real, Tlajomulco de Zúñiga Casa",3.0,3.0,180,https://www.aciertamax.com/property/casa-en-venta-en-bosque-real-544ae5b6-d415-4d99-b423-94715db1277b?agent=javier373&lang=es
Tlajomulco,Casa en condominio,VENTA,4900000,"Casa en Venta Adamar Adamar, Tlajomulco de Zúñiga Casa en condominio",3.0,3.0,182,https://www.aciertamax.com/property/casa-en-venta-adamar-aaa65061-ca8c-430e-9e65-9d8b3a71f278?agent=javier373&lang=es
Tlajomulco,Casa en condominio,VENTA,4900000,"Casa Nueva en Venta en Bosque Real, Tlajomulco Arbolada Bosques de Santa A",3.0,3.0,150,https://www.aciertamax.com/property/casa-nueva-en-venta-en-bosque-real-tlajomulco?agent=javier373&lang=es
Tlajomulco,Casa en condominio,VENTA,4900000,"Casa en venta en Bosques de Santa Anita Bosque Real, Tlajomulco de Z",3.0,3.0,150,https://www.aciertamax.com/property/casa-en-venta-en-bosques-de-santa-anita-bosque-real-casa-en-condominio?agent=javier373&lang=es
Tlajomulco,Casa en condominio,VENTA,4900000,"Casa en condominio 4 recámaras, 2 baños 221 m² Ver detalles",4.0,2.0,221,https://www.aciertamax.com/property/residencia-en-venta-en-privanza-camino-real-con-domotica?agent=javier373&lang=es
Tlajomulco,Casa en condominio,VENTA,4900000,"Casa en construcción en venta el Edén El Edén, Tlajomulco de Zúñiga",4.0,3.0,245,https://www.aciertamax.com/property/casa-en-construccion-en-venta-el-eden?agent=javier373&lang=es
Tlajomulco,Casa en condominio,VENTA,4900000,"Casa en construcción en venta el Edén El Edén, Tlajomulco de Zúñiga",4.0,3.0,245,https://www.aciertamax.com/property/preventa-de-bodega-industrial-llave-en-mano-en-parque-elite-lopez-mateos?agent=javier373&lang=es
Tlajomulco,Casa,VENTA,4900000,,3.0,3.0,230,https://www.aciertamax.com/property/casa-moderna-con-elementos-tecnologicos-en-arbolada-bosques-de-santa-anita-coto?agent=javier373&lang=es
Tlajomulco,Casa en condominio,VENTA,4899000,Casa en Venta en Casa Fuerte | Tlajomulco de Zúñiga El Alcázar (Casa,3.0,2.0,218,https://www.aciertamax.com/property/casa-en-venta-en-casa-fuerte-tlajomulco-de-zuniga-7113190f-369f-49b6-bd7e-21abaeb912a7?agent=javier373&lang=es
Tlajomulco,Casa,VENTA,4899000,,4.0,2.0,175,https://www.aciertamax.com/property/casa-fuerte-santa-anita-casa-en-venta-828a7c8a-185a-46a9-b378-a28de3ca5547?agent=javier373&lang=es
Tlajomulco,Casa,VENTA,4890000,,4.0,3.0,132,https://www.aciertamax.com/property/venta-casa-nueva-en-el-eden-zona-bosques-de-santa-anita-tlajomulco?agent=javier373&lang=es
Tlajomulco,Casa,VENTA,4890000,"Casa en ZOI Santa Anita, Tlajomulco de Zúñi San Agustin, Tlajomulco",3.0,2.0,142,https://www.aciertamax.com/property/casa-en-venta-nueva-en-4-890-000-00-en-coto-zoi-santa-anita-tlajomulco-de-zuni?agent=javier373&lang=es
Tlajomulco,Casa,VENTA,4890000,Casa en venta en Zoí Santa Anita detrás de Galerías Santa Anita prec,3.0,2.0,142,https://www.aciertamax.com/property/casa-en-venta-en-zoi-santa-anita-detras-de-galerias-santa-anita-precio-4-890-00?agent=javier373&lang=es
Tlajomulco,Casa,VENTA,4850000,"Casa en  VENTA  Los Manzanos Bosques Santa Anita, Tlajomulco de Zúñi",,,188,https://www.aciertamax.com/property/casa-en-venta-fraccionamiento-los-manzanos-bosques-santa-anita?agent=javier373&lang=es
Tlajomulco,Casa en condominio,VENTA,4850000,"Casa en condominio 3 recámaras, 3 baños 140.55 m² Ver detalles",3.0,3.0,140.55,https://www.aciertamax.com/property/casa-en-venta-en-bosques-california?agent=javier373&lang=es
Tlajomulco,Casa,VENTA,4800000,,3.0,3.0,153,https://www.aciertamax.com/property/casa-en-venta-en-zoi-santa-anita-tlajomulco-san-agustin?agent=javier373&lang=es
Tlajomulco,Casa en condominio,VENTA,4790000,Casa en El Edén Residencial - Bosques de Santa Anita Bosques Santa A,4.0,3.0,130,https://www.aciertamax.com/property/casa-en-el-origen-bosques-de-santa-anita?agent=javier373&lang=es
Tlajomulco,Casa,VENTA,4750000,Casa en VENTA en ATMÓSFERA Residencial Arbolada Bosques de Santa Ani,3.0,2.0,210,https://www.aciertamax.com/property/casa-en-venta-en-atmosfera-residencial?agent=javier373&lang=es
Tlajomulco,Casa en condominio,VENTA,4750000,"Casa en condominio 4 recámaras, 3 baños 155 m² Ver detalles",4.0,3.0,155,https://www.aciertamax.com/property/casa-en-venta-en-zoi-santa-anita-tlajomulco-san-agustin-tlajomulco-de-zuniga?agent=javier373&lang=es
Tlajomulco,Casa,VENTA,4750000,Casa en venta en Atmósfera Hábitat por Bosques de Santa Anita precio,3.0,2.0,170,https://www.aciertamax.com/property/casa-en-venta-en-atmosfera-habitat-por-bosques-de-santa-anita-precio-4-800-000?agent=javier373&lang=es
Tlajomulco,Casa,VENTA,4685000,Casa en venta en Bosques de Santa Anita Arboleda Bosques de Santa An,3.0,2.0,178,https://www.aciertamax.com/property/casa-en-venta-en-atmosfera-residencial-bosques-de-santa-anita?agent=javier373&lang=es
Tlajomulco,Casa en condominio,VENTA,4600000,"Casa en venta en Huertas Productivas de Jalisco, Tlajomulco Huertas",2.0,3.0,218,https://www.aciertamax.com/property/casa-en-venta-en-huertas-productivas-de-jalisco-tlajomulco-huertas-productivas-de-jalisco-tlajomulco-de-zuniga?agent=javier373&lang=es
Tlajomulco,Casa en condominio,VENTA,4590000,"Casa en venta, Privada Camino Real Acueducto San Javier, Tlajomulco",4.0,2.0,221,https://www.aciertamax.com/property/casa-en-venta-privada-camino-real?agent=javier373&lang=es
Tlajomulco,Casa,VENTA,4550000,"Casa en Venta en Villa California Villa California, Tlajomulco de Zú",4.0,3.0,240,https://www.aciertamax.com/property/casa-en-venta-en-villa-california-fc7a97ba-7598-486f-8ccb-5132ca182d0b?agent=javier373&lang=es
Tlajomulco,Casa en condominio,VENTA,4530000,"Casa en condominio 3 recámaras, 2 baños 174 m² Ver detalles",3.0,2.0,174,https://www.aciertamax.com/property/fracc-monte-verde?agent=javier373&lang=es
Tlajomulco,Casa,VENTA,4500000,,4.0,3.0,162,https://www.aciertamax.com/property/hermosa-casa-en-venta-del-pilar-residencial-casa?agent=javier373&lang=es
Tlajomulco,Casa en condominio,VENTA,4500000,"Casa en venta en Senderos de Monte Verde Senderos de Monte Verde, Tl",3.0,3.0,220,https://www.aciertamax.com/property/casa-en-venta-en-senderos-de-monte-verde-f7dbd4d2-e26b-465a-854f-22cfa4924467?agent=javier373&lang=es
Tlajomulco,Departamento,VENTA,4500000,Casa en Venta en Nueva Galicia Residencial Coto Toledo al Sur Nueva,3.0,3.0,128,https://www.aciertamax.com/property/nueva-galicia-coto-toledo-4-500-000?agent=javier373&lang=es
Tlajomulco,Casa,VENTA,4500000,"Casa en Los Tulipanes/Zapopan🏡⭐ Tulipanes, Tlajomulco de Zúñiga Casa",3.0,2.0,214,https://www.aciertamax.com/property/venta-de-casa-en-los-tulipanes-zapopan?agent=javier373&lang=es
Tlajomulco,Departamento,VENTA,4496900,,2.0,2.0,120.46,https://www.aciertamax.com/property/hermoso-departamento-en-venta-nueva-galicia-79df729a-b61e-482f-beff-7e4492535b65?agent=javier373&lang=es
Tlajomulco,Casa en condominio,VENTA,4495000,"Casa en condominio 3 recámaras, 2 baños 173 m² Ver detalles",3.0,2.0,173,https://www.aciertamax.com/property/hermosa-casa-en-venta-en-atmosfera-habitat-santa-anita-zona-sur?agent=javier373&lang=es
Tlajomulco,Casa,VENTA,4490000,"Casa en Venta Senderos de Monteverde 95 Senderos de Monte Verde, Tla",4.0,4.0,170,https://www.aciertamax.com/property/casa-en-venta-senderos-de-monteverde-95?agent=javier373&lang=es
Tlajomulco,Casa en condominio,VENTA,4480000,Casa Nueva en Venta con Roof Garden en Condominio Privado | Santa Ana Tepe,3.0,2.0,147.83,https://www.aciertamax.com/property/casa-nueva-en-venta-con-roof-garden-en-condominio-privado-santa-ana-tepetitlan?agent=javier373&lang=es
Tlajomulco,Casa,VENTA,4480000,"Casa en Venta Balcones de La Calera, Tlajomulco de Zúñiga Casa 4 rec",4.0,3.0,359.79,https://www.aciertamax.com/property/casa-en-venta-balcones-de-la-calera?agent=javier373&lang=es
Tlajomulco,Casa en condominio,VENTA,4475000,"Casa Fuerte), Tlajomulco de Zúñiga Casa en condominio 3 recámaras, 2 baños 215 m² Ver detalles",3.0,2.0,215,https://www.aciertamax.com/property/residencia-en-venta-casa-fuerte-tlajomulco-de-zuniga-jalisco?agent=javier373&lang=es
Tlajomulco,Departamento,VENTA,4462898,,2.0,2.0,90.34,https://www.aciertamax.com/property/departamento-nuevo-en-venta-nueva-galicia?agent=javier373&lang=es
Tlajomulco,Casa,VENTA,4439489,"Casa en venta en Casa Fuerte San Agustin, Tlajomulco de Zúñiga Clave",3.0,2.0,170,https://www.aciertamax.com/property/casa-en-venta-en-casa-fuerte-6664a08c-60c1-4776-a37f-4c383317c6a9?agent=javier373&lang=es
Tlajomulco,Casa en condominio,VENTA,4400000,"Casa en condominio 3 recámaras, 4 baños 163 m² Ver detalles",3.0,4.0,163,https://www.aciertamax.com/property/casa-en-venta-fracc-atmosfera-habitat?agent=javier373&lang=es
Tlajomulco,Casa en condominio,VENTA,4400000,"Casa Fuerte), Tlajomulco de Zúñiga Clave interna: CASAFUERTEMEMO Casa en condominio 3 recámaras, 3 baños 179 m² Ver detalles",3.0,3.0,179,https://www.aciertamax.com/property/casa-en-venta-en-oto-casa-fuerte-de-oportunidad-venta?agent=javier373&lang=es
Tlajomulco,Casa en condominio,VENTA,4390000,"Casa diseñada por AR+P arquitectos en VENTA El Alcázar (Casa Fuerte), Tlajomulco de Zúñiga Casa en",3.0,3.0,160,https://www.aciertamax.com/property/casa-disenada-por-ar-p-arquitectos-en-venta?agent=javier373&lang=es
Tlajomulco,Casa en condominio,VENTA,4390000,"Casa Fuerte), Tlajomulco de Zúñiga Clave interna: 2030 Casa en condominio 4 recámaras, 4 baños 160 m² Ver detalles",4.0,4.0,160,https://www.aciertamax.com/property/casa-en-venta-casa-fuerte-tlajomulco-el-alcazar-casa-fuerte-casa-en-condominio?agent=javier373&lang=es
Tlajomulco,Casa,VENTA,4380000,"Casa en Venta Senderos de Monte Verde, Tlajomulco de Zúñiga Casa 4 r",4.0,3.0,211,https://www.aciertamax.com/property/casa-en-venta-senderos-de-tesistan-zapopan?agent=javier373&lang=es
Tlajomulco,Casa en condominio,VENTA,4350000,"Casa en Venta o Renta  ubicada en Adamar Adamar, Tlajomulco de Zúñig",3.0,3.0,175,https://www.aciertamax.com/property/casa-en-venta-ubicada-en-adamar?agent=javier373&lang=es
Tlajomulco,Casa,VENTA,4350000,"Casa en venta en Pilar Residencial Del Pilar Residencial, Tlajomulco",2.0,2.0,158,https://www.aciertamax.com/property/casa-en-venta-en-pilar-residencial-del-pilar-residencial?agent=javier373&lang=es
Tlajomulco,Casa en condominio,VENTA,4320000,"Casa Fuerte), Tlajomulco de Zúñiga Casa en condominio 4 recámaras, 3 baños 147 m² Ver detalles",4.0,3.0,147,https://www.aciertamax.com/property/casa-a-estrenar-coto-baluarte?agent=javier373&lang=es
Tlajomulco,Casa en condominio,VENTA,4300000,"Casa en condominio 3 recámaras, 2 baños 170 m² Ver detalles",3.0,2.0,170,https://www.aciertamax.com/property/fraccionamiento-atmosfera?agent=javier373&lang=es
Tlajomulco,Casa,VENTA,4300000,"Casa en venta Senderos de Monteverde 21 Senderos de Monte Verde, Tla",4.0,4.0,170,https://www.aciertamax.com/property/casa-neva-en-venta-en-senderos-de-monteverde?agent=javier373&lang=es
Tlajomulco,Casa,VENTA,4300000,,3.0,2.0,168,https://www.aciertamax.com/property/hermosa-casa-en-venta-en-san-agustin-san-agustin-tlajomulco-de-zuniga?agent=javier373&lang=es
Tlajomulco,Casa en condominio,VENTA,4300000,"Casa en venta., Fracc. Atmósfera Habitat y Equilibrio Santa Anita, T",3.0,4.0,155,https://www.aciertamax.com/property/casa-en-venta-fracc-atmosfera-habitat-y-equilibrio?agent=javier373&lang=es
Tlajomulco,Casa en condominio,VENTA,4300000,"Casa en condominio 5 recámaras, 4 baños 244 m² Ver detalles",5.0,4.0,244,https://www.aciertamax.com/property/villa-california-casa-con-lindos-acabados-villa-california?agent=javier373&lang=es
Tlajomulco,Casa en condominio,VENTA,4290000,"Casa Nueva en Venta en Bosque Real de Santa Anita, Tlajomulco. Bosque Real",2.0,3.0,140,https://www.aciertamax.com/property/casa-pre-venta-en-bosque-real-de-santa-anita-tlajomulco?agent=javier373&lang=es
Tlajomulco,Casa,VENTA,4290000,"Casa en Venta Casa Fuerte El Alcázar (Casa Fuerte), Tlajomulco de Zú",4.0,3.0,150,https://www.aciertamax.com/property/casa-en-venta-casa-fuerte-fcaec893-d9fd-43fc-b2df-18564a0e5971?agent=javier373&lang=es
Tlajomulco,Casa en condominio,VENTA,4250000,"Casa en venta  dentro de coto, en Senderos de Monteverde Senderos de",3.0,2.0,190,https://www.aciertamax.com/property/casa-en-venta-dentro-de-coto-en-senderos-de-monteverde?agent=javier373&lang=es
Tlajomulco,Casa,VENTA,4215000,"Casa en Venta en Adamar coto Métlac Adamar, Tlajomulco de Zúñiga Cla",4.0,4.0,145.53,https://www.aciertamax.com/property/casa-en-venta-en-adamar-coto-metlac?agent=javier373&lang=es
Tlajomulco,Casa,VENTA,4200000,,1.0,2.0,211,https://www.aciertamax.com/property/oportunidad-unica-en-tlajomulco-casa-campestre-en-venta?agent=javier373&lang=es
Tlajomulco,Casa en condominio,VENTA,4200000,"Casa amplia en Adamar Adamar, Tlajomulco de Zúñiga Casa en condominio 3 rec",3.0,2.0,150,https://www.aciertamax.com/property/casa-amplia-en-adamar?agent=javier373&lang=es
Tlajomulco,Casa,VENTA,4200000,,3.0,3.0,183,https://www.aciertamax.com/property/casa-venta-casa-fuerte-coto-la-torre?agent=javier373&lang=es
Tlajomulco,Casa,VENTA,4200000,,4.0,3.0,172,https://www.aciertamax.com/property/casa-en-venta-bosques-de-santa-anita-24081544-94d4-4b30-87fe-d62f2a9d4bb3?agent=javier373&lang=es
Tlajomulco,Casa,VENTA,4200000,"Casa en venta en Privada de Santa Anita, Tlajomulco Bosques Santa An",3.0,3.0,167,https://www.aciertamax.com/property/casa-en-venta-en-privada-de-santa-anita-tlajomulco?agent=javier373&lang=es
Tlajomulco,Casa en condominio,VENTA,4200000,"Casa en condominio 3 recámaras, 2 baños 115 m² Ver detalles",3.0,2.0,115,https://www.aciertamax.com/property/casa-con-excedente-en-venta-en-fraccionamiento-adamar-tlajomulco?agent=javier373&lang=es
Tlajomulco,Casa en condominio,VENTA,4200000,"Casa en venta, Villa california Villa California, Tlajomulco de Zúñi",3.0,2.0,215,https://www.aciertamax.com/property/casa-en-venta-villa-california-038d9699-7311-4740-be12-09de5d8b109b?agent=javier373&lang=es
Tlajomulco,Casa en condominio,VENTA,4200000,"Casa en Venta Fraccionamiento El Origen Fraccionamiento el Origen, T",3.0,3.0,181.23,https://www.aciertamax.com/property/casa-en-venta-fraccionamiento-el-origen-fraccionamiento-el-origen?agent=javier373&lang=es
Tlajomulco,Casa en condominio,VENTA,4200000,Casa en Venta en Casa Fuerte condominio el Bastión El Alcázar (Casa,3.0,2.0,165.53,https://www.aciertamax.com/property/casa-en-venta-en-casa-fuerte-condominio-el-bastion?agent=javier373&lang=es
Tlajomulco,Casa en condominio,VENTA,4200000,"Casa en condominio 4 recámaras, 4 baños 176 m² Ver detalles",4.0,4.0,176,https://www.aciertamax.com/property/hermosa-casa-en-residencial-alberi?agent=javier373&lang=es
Tlajomulco,Casa en condominio,VENTA,4200000,"Casa en condominio 2 recámaras, 2 baños 170 m² Ver detalles",2.0,2.0,170,https://www.aciertamax.com/property/oportunidad-unica-en-lomas-de-santa-anita-tlaljomulco?agent=javier373&lang=es
Tlajomulco,Casa,VENTA,4200000,,4.0,3.0,142,https://www.aciertamax.com/property/casa-fuerte-coto-guarnicion-el-alcazar-casa-fuerte-tlajomulco-de-zuniga?agent=javier373&lang=es
Tlajomulco,Departamento,VENTA,4198900,,2.0,2.0,152,https://www.aciertamax.com/property/hermoso-departamento-en-venta-nueva-galicia-c3a4db74-b908-4e29-a835-f652e8650fcd?agent=javier373&lang=es
Tlajomulco,Departamento,VENTA,4150600,,2.0,2.0,93,https://www.aciertamax.com/property/departamento-venta-en-sant-marti?agent=javier373&lang=es
Tlajomulco,Departamento,VENTA,4150600,,2.0,2.0,92.73,https://www.aciertamax.com/property/hermoso-departamento-en-venta-nueva-galicia-0963bea8-7c55-4c2d-abba-baca42ca677d?agent=javier373&lang=es
Tlajomulco,Casa en condominio,VENTA,4150000,"Casa Fuerte), Tlajomulco de Zúñiga Casa en condominio 3 recámaras, 2 baños 134 m² Ver detalles",3.0,2.0,134,https://www.aciertamax.com/property/casa-nueva-en-casa-fuerte-residencial?agent=javier373&lang=es
Tlajomulco,Casa en condominio,VENTA,4150000,"Casa en venta a estrenar en casa fuerte El Alcázar (Casa Fuerte), Tl",3.0,,147,https://www.aciertamax.com/property/casa-en-venta-a-estrenar-en-casa-fuerte-el-alcazar-casa-fuerte?agent=javier373&lang=es
Tlajomulco,Casa en condominio,VENTA,4150000,"Casa en condominio 3 recámaras, 3 baños 200 m² Ver detalles",3.0,3.0,200,https://www.aciertamax.com/property/casa-en-venta-condominio-naturezza-residencial-santa-anita?agent=javier373&lang=es
Tlajomulco,Casa en condominio,VENTA,4149000,Casa en venta dentro de coto en casa Fuerte El Alcázar (Casa Fuerte),3.0,2.0,185,https://www.aciertamax.com/property/casa-en-venta-dentro-de-coto-fuerte?agent=javier373&lang=es
Tlajomulco,Casa,VENTA,4100000,"Casa en Venta Adamar Residencial Adamar, Tlajomulco de Zúñiga Casa 3",3.0,2.0,169,https://www.aciertamax.com/property/se-vende-casa-adamar?agent=javier373&lang=es
Tlajomulco,Casa,VENTA,4100000,Casa en venta Coto Atmósfera | Bosques Sta Anita | Tlajomulco de Zúñ,3.0,2.0,171,https://www.aciertamax.com/property/hermosa-casa-en-venta-coto-atmosfera-bosques-sta-anita-tlajomulco-de-zuniga?agent=javier373&lang=es
Tlajomulco,Casa en condominio,VENTA,4100000,"Casa en condominio 3 recámaras, 3 baños 194 m² Ver detalles",3.0,3.0,194,https://www.aciertamax.com/property/villa-california-en-venta?agent=javier373&lang=es
Tlajomulco,Casa,VENTA,4100000,,3.0,2.0,110.57,https://www.aciertamax.com/property/venta-de-casa-en-residencial-alta-california-residencial-alta-california-tlajomulco-de-zuniga?agent=javier373&lang=es
Tlajomulco,Departamento,VENTA,4090000,,2.0,2.0,126,https://www.aciertamax.com/property/depto-2-niveles-san-agustin-126-m-desde-4-09-mdp?agent=javier373&lang=es
Tlajomulco,Casa en condominio,VENTA,4080000,"Casa en venta en casa fuerte dentro de coto buen precio San Agustin,",4.0,3.0,145,https://www.aciertamax.com/property/casa-dentro-de-coto-buen-precio?agent=javier373&lang=es
Tlajomulco,Casa en condominio,VENTA,4080000,"Casa en Venta en Adamar Adamar, Tlajomulco de Zúñiga Clave interna:",3.0,2.0,115,https://www.aciertamax.com/property/casa-en-venta-en-adamar-daa20d27-17a6-4b89-9962-b3ea3f241263?agent=javier373&lang=es
Tlajomulco,Casa en condominio,VENTA,4079997,Casa en Venta en Torrenta El Origen Tlajomulco Fraccionamiento el Or,3.0,2.0,180,https://www.aciertamax.com/property/casa-en-venta-en-torrenta-el-origen-tlajomulco?agent=javier373&lang=es
Tlajomulco,Departamento,VENTA,4002500,,2.0,2.0,90.34,https://www.aciertamax.com/property/departamento-con-terraza-en-venta-nueva-galicia?agent=javier373&lang=es
Tlajomulco,Casa en condominio,VENTA,3990000,Casa en venta el Origen en zona premium de oportunidad Bosques Santa,3.0,2.0,202,https://www.aciertamax.com/property/casa-en-venta-el-origen-en-zona-premium-de-oportunidad?agent=javier373&lang=es
Tlajomulco,Casa en condominio,VENTA,3990000,"Casa en renta en Senderos de Monte Verde Senderos de Monte Verde, Tl",3.0,2.0,164,https://www.aciertamax.com/property/casa-en-renta-en-senderos-de-monte-verde-senderos-de-monte-verde-casa-en-condominio?agent=javier373&lang=es
Tlajomulco,Casa en condominio,VENTA,3990000,"Casa en venta en Paraíso Residencial, Bosques de Santa Anita. Bosque",3.0,2.0,102,https://www.aciertamax.com/property/casa-en-venta-en-paraiso-residencial-bosques-de-santa-anita?agent=javier373&lang=es
Tlajomulco,Casa,VENTA,3990000,Casa Nueva en Venta en Casa Fuerte | 3 Recámaras + Casa Club con Alberca S,3.0,2.0,150.68,https://www.aciertamax.com/property/casa-en-venta-coto-baluarte-casa-fuerte?agent=javier373&lang=es
Tlajomulco,Casa en condominio,VENTA,3990000,"Casa en condominio 3 recámaras, 2 baños 145 m² Ver detalles",3.0,2.0,145,https://www.aciertamax.com/property/estrena-casa-paraisos-bosques-de-santa-anita?agent=javier373&lang=es
Tlajomulco,Casa,VENTA,3990000,"Casa en Venta en Bosque Real Bosque Real, Tlajomulco de Zúñiga Casa",3.0,2.0,145,https://www.aciertamax.com/property/casa-en-venta-en-bosque-real-bcdbf66d-72f3-4704-9293-01f22661a4f9?agent=javier373&lang=es
Tlajomulco,Casa en condominio,VENTA,3990000,"Casa en Paraiso Residencial El Paraíso, Tlajomulco de Zúñiga Casa en",3.0,2.0,145,https://www.aciertamax.com/property/casa-en-paraiso-residencial?agent=javier373&lang=es
Tlajomulco,Casa en condominio,VENTA,3990000,Casa en esquina en fraccionamiento Casa Fuerte El Alcázar (Casa Fuer,4.0,3.0,163.53,https://www.aciertamax.com/property/baja-de-precio-casa-en-esquina-en-fraccionamiento-casa-fuerte?agent=javier373&lang=es
Tlajomulco,Casa,VENTA,3990000,Casa nueva en Venta en Fracc. Zona Bosques de Sta Anita Fraccionamiento el,3.0,2.0,145,https://www.aciertamax.com/property/casas-nuevas-en-fracc-zona-bosques-de-sta-anita?agent=javier373&lang=es
Tlajomulco,Casa en condominio,VENTA,3990000,"Casa en venta Nueva Galicia La Tijera, Tlajomulco de Zúñiga Casa en",3.0,3.0,152,https://www.aciertamax.com/property/casa-en-venta-nueva-galicia-la-tijera-casa-en-condominio?agent=javier373&lang=es
Tlajomulco,Casa en condominio,VENTA,3990000,"Casa en condominio 3 recámaras, 2 baños 145 m² Ver detalles",3.0,2.0,145,https://www.aciertamax.com/property/casa-nueva-en-venta-en-la-zona-bosques-de-santa-anita-fraccionamiento-paraiso?agent=javier373&lang=es
Tlajomulco,Casa,VENTA,3990000,,3.0,1.0,145,https://www.aciertamax.com/property/casa-en-venta-en-paraiso-residencial-santa-anita-jalisco?agent=javier373&lang=es
Tlajomulco,Casa en condominio,VENTA,3990000,Casa a estrenar en venta en Paraiso I en la zona Bosques de Santa Anita Bosques,3.0,2.0,102,https://www.aciertamax.com/property/casa-a-estrenar-en-venta-en-paraisos-i-en-la-zona-bosques-de-santa-anita?agent=javier373&lang=es
Tlajomulco,Casa en condominio,VENTA,3990000,"Casa en condominio 3 recámaras, 2 baños 145 m² Ver detalles",3.0,2.0,145,https://www.aciertamax.com/property/casa-nueva-en-venta-en-tlajomulco-de-zuniga-jalisco-paraiso-residencial?agent=javier373&lang=es
Tlajomulco,Casa,VENTA,3980000,,3.0,2.0,130,https://www.aciertamax.com/property/casa-dentro-de-fraccionamiento-privado-senderos?agent=javier373&lang=es
Tlajomulco,Casa,VENTA,3980000,"Casa en venta Galeria santa anita Pontevedra, Tlajomulco de Zúñiga C",3.0,2.0,137.39,https://www.aciertamax.com/property/casa-en-venta-galeria-santa-anita?agent=javier373&lang=es
Tlajomulco,Casa,VENTA,3950000,"Casa en venta en Sendero las Moras, Bosque de santa anita! Sendero l",3.0,2.0,146,https://www.aciertamax.com/property/casa-en-venta-en-sendero-las-moras-bosque-de-santa-anita?agent=javier373&lang=es
Tlajomulco,Casa en condominio,VENTA,3950000,"Casa en condominio 4 recámaras, 4 baños 200 m² Ver detalles",4.0,4.0,200,https://www.aciertamax.com/property/casa-en-venta-en-senderos-de-monteverde-5a298227-7fc4-4d4f-94f1-5837f993475a?agent=javier373&lang=es
Tlajomulco,Casa en condominio,VENTA,3945000,"Casa en condominio 3 recámaras, 2 baños 166 m² Ver detalles",3.0,2.0,166,https://www.aciertamax.com/property/casa-nueva-en-venta-en-tlajomulco-de-zuniga-jalisco-senderos-de-monte-verde?agent=javier373&lang=es
Tlajomulco,Casa en condominio,VENTA,3900000,"Casa Nueva de 1 Nivel tipo Loft, en venta en Bosque Real de Santa Anita, Tlajomu Bosques Santa A",1.0,2.0,100,https://www.aciertamax.com/property/casa-nueva-de-1-nivel-tipo-loft-en-venta-en-bosque-real-de-santa-anita-tlajomu?agent=javier373&lang=es
Tlajomulco,Casa,VENTA,3900000,,5.0,3.0,233,https://www.aciertamax.com/property/pueblo-santa-anita-casa-amplia-en-venta-96479de1-2e13-4962-a6df-c961bb3339cc?agent=javier373&lang=es
Tlajomulco,Casa,VENTA,3900000,"Casa en VENTA en ZOÍ SUR Acueducto San Agustín, Tlajomulco de Zúñiga",3.0,3.0,132,https://www.aciertamax.com/property/casa-en-venta-en-zoi-sur-acueducto-san-agustin-casa?agent=javier373&lang=es
Tlajomulco,Casa,VENTA,3890000,"Casa en Venta Bosques Santa Anita, Tlajomulco de Zúñiga Casa 3 recám",3.0,2.0,140,https://www.aciertamax.com/property/casa-en-venta-bosques-santa-anita-casa?agent=javier373&lang=es
Tlajomulco,Casa,VENTA,3890000,"Casa en Bosques de Santa Anita, Tlajomulco de Zúñiga, Jalisco. Bosqu",3.0,2.0,200,https://www.aciertamax.com/property/remate-de-casa-en-bosques-de-santa-anita-tlajomulco-de-zuniga-jalisco?agent=javier373&lang=es
Tlajomulco,Casa en condominio,VENTA,3850000,"Casa en condominio 3 recámaras, 2 baños 114 m² Ver detalles",3.0,2.0,114,https://www.aciertamax.com/property/increible-casa-en-venta-nueva-en-zoi-santa-anita-al-sur-de-guadalajara-santa-anita?agent=javier373&lang=es
Tlajomulco,Casa en condominio,VENTA,3850000,"Casa en condominio 4 recámaras, 3 baños 160 m² Ver detalles",4.0,3.0,160,https://www.aciertamax.com/property/casa-en-venta-nueva-en-condominio-en-sendedors-de-monte-verde?agent=javier373&lang=es
Tlajomulco,Casa en condominio,VENTA,3850000,"Casa en condominio 3 recámaras, 2 baños 114 m² Ver detalles",3.0,2.0,114,https://www.aciertamax.com/property/estrena-hermosa-casa-en-zoi-santa-anita-ii-santa-anita?agent=javier373&lang=es
Tlajomulco,Casa en condominio,VENTA,3850000,"Casa en condominio 3 recámaras, 2 baños 114 m² Ver detalles",3.0,2.0,114,https://www.aciertamax.com/property/estrena-hermosa-casa-en-zoi-santa-anita-ii?agent=javier373&lang=es
Tlajomulco,Casa en condominio,VENTA,3800000,"Casa en condominio 3 recámaras, 2 baños 153 m² Ver detalles",3.0,2.0,153,https://www.aciertamax.com/property/venta-casa-senderos-de-monteverde-343289fb-5e3f-49c1-9617-e5981d0e7fd4?agent=javier373&lang=es
Tlajomulco,Casa en condominio,VENTA,3800000,"Casa Villas California Villa California, Tlajomulco de Zúñiga Casa en condominio 3 recámaras, 2 baños Ver detalles",3.0,2.0,,https://www.aciertamax.com/property/venta-casa-villas-california?agent=javier373&lang=es
Tlajomulco,Casa en condominio,VENTA,3800000,"Casa Venta Fracc Vista Sur El Guaje, Tlajomulco de Zúñiga Clave interna: CLAUVISTASUR Casa en condominio 3 recámaras, 2 baños 131 m² Ver detalles",3.0,2.0,131,https://www.aciertamax.com/property/casa-venta-fracc-vista-sur?agent=javier373&lang=es
Tlajomulco,Casa en condominio,VENTA,3800000,"Casa en condominio 3 recámaras, 2 baños 127 m² Ver detalles",3.0,2.0,127,https://www.aciertamax.com/property/casa-en-venta-en-nueva-galicia-andalucia?agent=javier373&lang=es
Tlajomulco,Casa,VENTA,3790000,Casa en venta Paraiso Bosques de Santa Anita Arbolada Bosques de San,3.0,2.0,184.58,https://www.aciertamax.com/property/casa-en-venta-paraiso-bosques-de-santa-anita?agent=javier373&lang=es
Tlajomulco,Casa,VENTA,3790000,,3.0,3.0,140.82,https://www.aciertamax.com/property/impecable-casa-en-venta-en-fraccionamiento-zona-bosques-de-sta-anita?agent=javier373&lang=es
Tlajomulco,Casa en condominio,VENTA,3750000,"Casas en preventa en el  Origen Izvora Bosque Real, Tlajomulco de Zúñ",3.0,2.0,151,https://www.aciertamax.com/property/casas-en-preventa-en-el-origen-izvora?agent=javier373&lang=es
Tlajomulco,Casa,VENTA,3750000,,3.0,2.0,151,https://www.aciertamax.com/property/casa-a-estrenar-coto-izvora-el-origen?agent=javier373&lang=es
Tlajomulco,Casa en condominio,VENTA,3750000,"Casa a Estrenar en Venta en Adamar, Coto Tehuantepec San Agustin, Tlajomulco de",3.0,3.0,169,https://www.aciertamax.com/property/casa-a-estrenar-en-venta-en-adamar-coto-tehuantepec?agent=javier373&lang=es
Tlajomulco,Departamento,VENTA,3710500,,2.0,2.0,80,https://www.aciertamax.com/property/departamento-en-venta-en-sant-marti-nueva-galicia-residencial-departamento?agent=javier373&lang=es
Tlajomulco,Casa,VENTA,3700000,"Casa Nueva de 1 Nivel, tipo Loft-Estudio, en venta en Bosque Real de Santa Anita Bosque Real, Tlajomulco",1.0,1.0,73,https://www.aciertamax.com/property/casa-nueva-de-1-nivel-tipo-loft-estudio-en-venta-en-bosque-real-de-santa-anita?agent=javier373&lang=es
Tlajomulco,Casa,VENTA,3700000,,4.0,3.0,119,https://www.aciertamax.com/property/casa-en-venta-1add5a40-5c87-473c-93d1-95bcc6ff5f27?agent=javier373&lang=es
Tlajomulco,Departamento,VENTA,3690000,"Departamento en venta en La Tijera -  Sant Andreu PB con terraza La Tijera,",3.0,2.0,133.07,https://www.aciertamax.com/property/departamento-en-renta-sant-andreu-en-la-tijera-la-tijera-departamento?agent=javier373&lang=es
Tlajomulco,Casa,VENTA,3690000,,3.0,3.0,118,https://www.aciertamax.com/property/venta-casa-coto-los-manzanos-en-san-agustin-tlajomulco?agent=javier373&lang=es
Tlajomulco,Casa en condominio,VENTA,3690000,"Casa nueva en venta, en el coto más bonito de Monteverde. Senderos de Mont",3.0,2.0,150.59,https://www.aciertamax.com/property/casa-nueva-en-venta-en-el-coto-mas-bonito-de-monteverde?agent=javier373&lang=es
Tlajomulco,Casa,VENTA,3680000,,3.0,1.0,103,https://www.aciertamax.com/property/se-vende-casa-en-villa-california-san-agustin?agent=javier373&lang=es
Tlajomulco,Casa,VENTA,3650000,"Casa en venta en El Origen – Coto Izvora, Tlajomulco Fraccionamiento",3.0,2.0,147,https://www.aciertamax.com/property/casa-en-venta-en-el-origen-coto-izvora-tlajomulco?agent=javier373&lang=es
Tlajomulco,Casa en condominio,VENTA,3650000,"Casa de una planta en venta En Senderos de Monte Verde, Tlajomulco de Zúñiga Sende",2.0,2.0,150,https://www.aciertamax.com/property/casa-de-una-planta-en-venta-en-senderos-de-monte-verde-tlajomulco-de-zuniga-senderos-de-monte-verde-casa-en-condominio?agent=javier373&lang=es
Tlajomulco,Casa,VENTA,3650000,"Casa en venta en Izvora, Bosque Real Santa Anita, precio",3.0,2.0,147,https://www.aciertamax.com/property/casa-en-venta-en-izvora-bosque-real-santa-anita-precio-3-650-000?agent=javier373&lang=es
Tlajomulco,Departamento,VENTA,3639600,,2.0,2.0,77.2,https://www.aciertamax.com/property/hermoso-departamento-en-venta-nueva-galicia-44cca346-1a29-499e-8315-5284fce01f41?agent=javier373&lang=es
Tlajomulco,Casa en condominio,VENTA,3600000,"Casa En Venta En Condominio Varitas, San Agustin Las Varitas, Tlajomulco de Zúñiga Casa en condominio 3 recámaras, 2 baños 89 m² Ver detalles",3.0,2.0,89,https://www.aciertamax.com/property/casa-en-venta-en-condominio-varitas-san-agustin?agent=javier373&lang=es
Tlajomulco,Casa en condominio,VENTA,3600000,"Casa en venta Puerta Magnolia Acueducto San Agustín, Tlajomulco de Z",3.0,3.0,128,https://www.aciertamax.com/property/casa-en-venta-puerta-magnolia-acueducto-san-agustin?agent=javier373&lang=es
Tlajomulco,Departamento,VENTA,3595700,,2.0,2.0,75,https://www.aciertamax.com/property/departamento-en-venta-sant-marti-nueva-galicia-residencial?agent=javier373&lang=es
Tlajomulco,Casa en condominio,VENTA,3590000,"Casa en condominio 3 recámaras, 3 baños 142 m² Ver detalles",3.0,3.0,142,https://www.aciertamax.com/property/casa-en-venta-condominio-origen-izvora?agent=javier373&lang=es
Tlajomulco,Casa en condominio,VENTA,3550000,"Casa en venta en Villa California Villa California, Tlajomulco de Zú",3.0,2.0,159,https://www.aciertamax.com/property/casa-en-venta-en-villa-california-c59466a5-b94f-490f-9e90-2a5708f0c450?agent=javier373&lang=es
Tlajomulco,Casa,VENTA,3550000,,3.0,3.0,142,https://www.aciertamax.com/property/casa-en-venta-bonanza-residencial-tlajomulco-de-zuniga-bonanza-residencial-tlajomulco-de-zuniga?agent=javier373&lang=es
Tlajomulco,Casa en condominio,VENTA,3550000,"Casa en condominio 2 recámaras, 2 baños 100 m² Ver detalles",2.0,2.0,100,https://www.aciertamax.com/property/casa-en-renta-junto-a-galerias-santa-anita-san-agustin?agent=javier373&lang=es
Tlajomulco,Casa en condominio,VENTA,3550000,"Casa en condominio 3 recámaras, 3 baños 200 m² Ver detalles",3.0,3.0,200,https://www.aciertamax.com/property/casa-en-venta-o-renta-senderos-de-monteverde-tlajomulco?agent=javier373&lang=es
Tlajomulco,Casa,VENTA,3550000,"Casa loft en venta en fraccionamiento Bosque Real, Santa Anita! Bosque Re",1.0,1.0,73,https://www.aciertamax.com/property/casa-loft-en-venta-en-fraccionamiento-bosque-real-santa-anita?agent=javier373&lang=es
Tlajomulco,Casa en condominio,VENTA,3540000,"Casa en venta Tlajomulco de Zuñiga -  Fracc. Tamarindo San Agustin,",3.0,2.0,92.98,https://www.aciertamax.com/property/casa-en-venta-fracc-tamarindo-tlajomulco-de-zuniga?agent=javier373&lang=es
Tlajomulco,Casa,VENTA,3540000,"Casa en Venta en Av Adamar Adamar, Tlajomulco de Zúñiga Casa 3 recám",3.0,2.0,180,https://www.aciertamax.com/property/casa-en-venta-en-av-adamar?agent=javier373&lang=es
Tlajomulco,Departamento,VENTA,3523650,,2.0,2.0,83.52,https://www.aciertamax.com/property/departamento-en-venta-en-sant-marti-nueva-galicia-residencial?agent=javier373&lang=es
Tlajomulco,Casa en condominio,VENTA,3520020,"Casa en venta en Foresta Santa Anita Santa Anita, Tlajomulco de Zúñi",3.0,2.0,154,https://www.aciertamax.com/property/casa-en-venta-en-foresta-santa-anita-santa-anita?agent=javier373&lang=es
Tlajomulco,Casa en condominio,VENTA,3517000,Casa en VENTA en condominio monte Verde Tlajomulco de Zuñiga Sendero,3.0,3.0,170,https://www.aciertamax.com/property/casa-en-condominio-monte-verde?agent=javier373&lang=es
Tlajomulco,Casa,VENTA,3508000,,4.0,3.0,300,https://www.aciertamax.com/property/en-venta-hermosa-residencia-en-tlajomulco-gdl?agent=javier373&lang=es
Tlajomulco,Casa en condominio,VENTA,3507950,Casa en preventa Sur de Guadalajara - Albazur a Estrenar Arboleda Bo,3.0,2.0,115.99,https://www.aciertamax.com/property/casa-en-venta-sur-de-guadalajara-albazur-a-estrenar-arboleda-bosques-de-santa-anita?agent=javier373&lang=es
Tlajomulco,Casa,VENTA,3500000,"Casa en venta en pueblo de San Agustín, Tlajomulco San Agustin, Tlaj",4.0,2.0,288,https://www.aciertamax.com/property/casa-en-venta-en-pueblo-de-san-agustin-tlajomulco?agent=javier373&lang=es
Tlajomulco,Casa en condominio,VENTA,3500000,"Casa en condominio 1 recámara, 1 baño 92 m² Ver detalles",1.0,1.0,92,https://www.aciertamax.com/property/loft-bioclimatico-en-venta-en-senderos-de-monteverde?agent=javier373&lang=es
Tlajomulco,Departamento,VENTA,3500000,"Casa en condominio 1 recámara, 1 baño 92 m² Ver detalles",1.0,1.0,92,https://www.aciertamax.com/property/residencia-de-lujo-en-el-cielo-country-club-el-cielo-country-club-tlajomulco-de-zuniga?agent=javier373&lang=es
Tlajomulco,Casa en condominio,VENTA,3500000,"Casa en condominio 3 recámaras, 3 baños 165 m² Ver detalles",3.0,3.0,165,https://www.aciertamax.com/property/tu-nuevo-hogar-te-espera-en-veredas-santa-anita?agent=javier373&lang=es
Tlajomulco,Casa en condominio,VENTA,3500000,"Casa en Venta, Senderos de Monteverde en Coto Naranjos 5A Senderos d",3.0,3.0,142,https://www.aciertamax.com/property/casa-en-venta-senderos-de-monteverde-en-coto-naranjos-5a?agent=javier373&lang=es
Tlajomulco,Casa en condominio,VENTA,3493500,Casa en venta Residencial Triventi - Bosques de santa Anita HPV Arbo,3.0,2.0,120,https://www.aciertamax.com/property/casa-en-venta-residencial-triventi-bosques-de-santa-anita-hpv?agent=javier373&lang=es
Tlajomulco,Casa,VENTA,3490000,,3.0,2.0,175,https://www.aciertamax.com/property/casa-nueva-en-venta-en-casa-fuerte-en-coto?agent=javier373&lang=es
Tlajomulco,Casa,VENTA,3475000,,3.0,2.0,145.92,https://www.aciertamax.com/property/la-rua-san-agustin?agent=javier373&lang=es
Tlajomulco,Casa en condominio,VENTA,3475000,"Casa en Venta Las Grullas, zona de Galerías Santa Anita San Agustin,",4.0,3.0,153.45,https://www.aciertamax.com/property/casa-en-venta-las-grullas-zona-de-galerias-santa-anita?agent=javier373&lang=es
Tlajomulco,Casa en condominio,VENTA,3470000,"Casa en venta en Villa California, Tlajomulco de Zúñiga Villa Califo",3.0,2.0,142,https://www.aciertamax.com/property/casa-en-venta-en-villa-california-tlajomulco-de-zuniga-f7f2e7d1-4853-45ff-a5c8-d00cfffa1525?agent=javier373&lang=es
Tlajomulco,Casa,VENTA,3462000,"Casa en la Rua Residencial San Agustin, Tlajomulco de Zúñiga Casa 3",3.0,2.0,145.92,https://www.aciertamax.com/property/casa-en-la-rua-residencial-san-agustin-tlajomulco-de-zuniga?agent=javier373&lang=es
Tlajomulco,Casa en condominio,VENTA,3450000,"Casa en Venta en Coto Zapata, Adamar San Agustin, Tlajomulco de Zúñi",3.0,3.0,135,https://www.aciertamax.com/property/casa-en-venta-en-coto-zapata-adamar?agent=javier373&lang=es
Tlajomulco,Casa,VENTA,3400000,"Casa en Coto Zoí Residencial sur Jardines de Santa Anita, Tlajomulco",2.0,2.0,99.56,https://www.aciertamax.com/property/se-vende-casa-en-coto-zoi-residencial-sur?agent=javier373&lang=es
Tlajomulco,Departamento,VENTA,3400000,"Departamento en Planta Baja en Venta en Condominio Sant Marti San Agustin, T",2.0,2.0,110,https://www.aciertamax.com/property/departamento-en-planta-baja-en-venta-en-condominio-sant-marti?agent=javier373&lang=es
Tlajomulco,Casa,VENTA,3362000,"Casa en La Rúa Residencial San Agustin, Tlajomulco de Zúñiga Clave i",3.0,3.0,145.92,https://www.aciertamax.com/property/casa-en-la-rua-residencial-san-agustin-casa?agent=javier373&lang=es
Tlajomulco,Casa en condominio,VENTA,3350000,"Casa en Venta en Casa Fuerte, Coto El Castillo El Alcázar (Casa Fuer",3.0,3.0,130,https://www.aciertamax.com/property/casa-en-venta-en-casa-fuerte-coto-el-castillo-9df23211-26fd-4cd0-bfa0-845ab01b0647?agent=javier373&lang=es
Tlajomulco,Casa en condominio,VENTA,3300000,Casa en venta en El Paraiso a un lado de  El Origen Tlajomulco de Zu,3.0,2.0,117,https://www.aciertamax.com/property/casa-en-venta-en-el-paraiso-a-un-lado-de-el-origen-tlajomulco-de-zuniga?agent=javier373&lang=es
Tlajomulco,Casa,VENTA,3300000,"Casa en Adamar Adamar, Tlajomulco de Zúñiga Casa 3 recámaras, 2 baño",3.0,2.0,136,https://www.aciertamax.com/property/se-vende-casa-en-adamar?agent=javier373&lang=es
Tlajomulco,Casa en condominio,VENTA,3300000,"Casa en Venta en Villa California Villa California, Tlajomulco de Zú",3.0,2.0,185,https://www.aciertamax.com/property/casa-en-venta-en-villas-california-e377e68c-904c-444b-91b4-66e64f06d7b9?agent=javier373&lang=es
Tlajomulco,Casa en condominio,VENTA,3300000,"Casa en condominio 3 recámaras, 2 baños 160 m² Ver detalles",3.0,2.0,160,https://www.aciertamax.com/property/casa-en-esquina-modelo-santa-monica?agent=javier373&lang=es
Tlajomulco,Casa en condominio,VENTA,3300000,Casa en Venta en Bellaterra Coto Fronda Arboleda Bosques de Santa An,3.0,2.0,155,https://www.aciertamax.com/property/casa-en-venta-en-bellaterra-coto-fronda-arboleda-bosques-de-santa-anita?agent=javier373&lang=es
Tlajomulco,Casa en condominio,VENTA,3299500,"Casa Residencial en al sur de la ciudad Pontevedra, Tlajomulco de Zúñiga Casa en",3.0,3.0,100,https://www.aciertamax.com/property/casa-residencial-en-al-sur-de-la-ciudad?agent=javier373&lang=es
Tlajomulco,Casa,VENTA,3299000,,3.0,2.0,109,https://www.aciertamax.com/property/casa-en-venta-c0d440ff-750c-40df-92fb-87d81f34eea3?agent=javier373&lang=es
Tlajomulco,Casa,VENTA,3299000,Casa en venta en Bellaterra coto Fronda Arbolada Bosques de Santa An,3.0,2.0,150,https://www.aciertamax.com/property/casa-en-venta-en-bellaterra-coto-fronda-arbolada-bosques-de-santa-anita?agent=javier373&lang=es
Tlajomulco,Casa en condominio,VENTA,3282840,"Casa en condominio 3 recámaras, 2 baños 168.86 m² Ver detalles",3.0,2.0,168.86,https://www.aciertamax.com/property/es-tu-oportunidad-de-estrenar-casa-al-sur-de-la-ciudad-en-adamar-guadalajara-adamar-casa-en-condominio?agent=javier373&lang=es
Tlajomulco,Casa,VENTA,3277170,,3.0,2.0,169,https://www.aciertamax.com/property/casa-en-venta-en-coto-zapata-fraccionamiento-adamar?agent=javier373&lang=es
Tlajomulco,Casa en condominio,VENTA,3269257,"Casa en condominio 3 recámaras, 3 baños 156 m² Ver detalles",3.0,3.0,156,https://www.aciertamax.com/property/casa-en-venta-en-albazur?agent=javier373&lang=es
Tlajomulco,Casa en condominio,VENTA,3263316,"Casa en condominio 3 recámaras, 2 baños 168.89 m² Ver detalles",3.0,2.0,168.89,https://www.aciertamax.com/property/es-tu-oportunidad-de-estrenar-casa-al-sur-de-la-ciudad-en-adamar-guadalajara-adamar?agent=javier373&lang=es
Tlajomulco,Casa,VENTA,3263316,,3.0,2.0,169,https://www.aciertamax.com/property/casa-en-venta-en-adamar-coto-zapata-san-agustin?agent=javier373&lang=es
Tlajomulco,Casa,VENTA,3263316,,3.0,2.0,168.89,https://www.aciertamax.com/property/casa-en-coto-privado-zona-sur-070e9233-1180-409c-8678-c1262ea24447?agent=javier373&lang=es
Tlajomulco,Casa en condominio,VENTA,3250000,"Casa en condominio 3 recámaras, 2 baños 124.73 m² Ver detalles",3.0,2.0,124.73,https://www.aciertamax.com/property/altara-casa-en-venta?agent=javier373&lang=es
Tlajomulco,Casa en condominio,VENTA,3250000,"Casa en Venta en Pontevedra Coto Agrela Pontevedra, Tlajomulco de Zú",4.0,3.0,130.55,https://www.aciertamax.com/property/casa-en-venta-en-pontevedra-coto-agrela?agent=javier373&lang=es
Tlajomulco,Casa en condominio,VENTA,3250000,"Casa en venta en Privanza Camino Real El Alcázar (Casa Fuerte), Tlaj",3.0,2.0,160,https://www.aciertamax.com/property/casa-en-venta-en-privanza-camino-real?agent=javier373&lang=es
Tlajomulco,Casa en condominio,VENTA,3235100,"Casa en condominio 3 recámaras, 2 baños 128 m² Ver detalles",3.0,2.0,128,https://www.aciertamax.com/property/miralba-ceiba?agent=javier373&lang=es
Tlajomulco,Casa en condominio,VENTA,3200000,Casa en venta en Senderos de Monteverde coto. Los naranjos Senderos,3.0,2.0,118.7,https://www.aciertamax.com/property/casa-en-venta-en-senderos-de-monteverde-aec8502b-f18b-41f7-a7a4-d022563e6a9a?agent=javier373&lang=es
Tlajomulco,Casa en condominio,VENTA,3200000,"Casa En Venta En Condominio Varitas, San Agustín Las Varitas, Tlajomulco de Zúñiga Casa en condominio 3 recámaras, 3 baños 89 m² Ver detalles",3.0,3.0,89,https://www.aciertamax.com/property/casa-en-venta-en-condominio-varitas-san-agustin-las-varitas?agent=javier373&lang=es
Tlajomulco,Casa,VENTA,3200000,Casa en venta sobre avenida en Bosque Real en Santa Anita Bosque Rea,3.0,2.0,170,https://www.aciertamax.com/property/casa-en-venta-sobre-avenida-en-bosque-real-en-santa-anita?agent=javier373&lang=es
Tlajomulco,Casa,VENTA,3200000,Casa en Venta en Bellaterra coto Fronda Arbolada Bosques de Santa An,3.0,2.0,150,https://www.aciertamax.com/property/casa-en-venta-en-bellaterra-coto-fronda?agent=javier373&lang=es
Tlajomulco,Casa,VENTA,3199000,,3.0,2.0,124,https://www.aciertamax.com/property/estrena-hermosa-casa-completamente-nueva-san-agustin?agent=javier373&lang=es
Tlajomulco,Casa en condominio,VENTA,3179980,Casa en preventa Sur de Guadalajara - Albazur a Estrenar Arboleda Bo,3.0,2.0,97.08,https://www.aciertamax.com/property/casa-en-venta-sur-de-guadalajara-albazur-a-estrenar?agent=javier373&lang=es
Tlajomulco,Casa en condominio,VENTA,3162000,Casa en Venta en el Sereno Etapa 1 en Tlajomulco Nueva Galicia Resid,3.0,2.0,96,https://www.aciertamax.com/property/casa-en-venta-en-el-sereno-etapa-1-en-tlajomulco?agent=javier373&lang=es
Tlajomulco,Casa en condominio,VENTA,3150000,"Casa en venta en Villa California Villa California, Tlajomulco de Zú",3.0,1.0,119,https://www.aciertamax.com/property/casa-en-venta-en-villa-california-3f92825a-eabc-4d27-8d7a-564f825c032e?agent=javier373&lang=es
Tlajomulco,Casa en condominio,VENTA,3121200,"Casa en venta Altara II San Agustin, Tlajomulco de Zúñiga Clave inte",3.0,2.0,125,https://www.aciertamax.com/property/casa-en-venta-altara-ii-san-agustin-tlajomulco-de-zuniga?agent=javier373&lang=es
Tlajomulco,Casa en condominio,VENTA,3107016,"Casa en condominio 3 recámaras, 3 baños 121 m² Ver detalles",3.0,3.0,121,https://www.aciertamax.com/property/casa-en-venta-en-tlajomulco-de-zuniga-senderos-de-monte-verde?agent=javier373&lang=es
Tlajomulco,Casa en condominio,VENTA,3107016,"Casa en condominio 3 recámaras, 2 baños 121 m² Ver detalles",3.0,2.0,121,https://www.aciertamax.com/property/casas-en-venta-senderos-de-monteverde-coto-sendero-montanes?agent=javier373&lang=es
Tlajomulco,Casa en condominio,VENTA,3107000,Casa en VENTA en el Fraccionamiento Senderos De Monte Verde Senderos,3.0,2.0,136,https://www.aciertamax.com/property/casa-en-venta-en-el-fraccionamiento-senderos-de-monte-verde?agent=javier373&lang=es
Tlajomulco,Casa,VENTA,3104980,,3.0,2.0,102,https://www.aciertamax.com/property/casa-en-venta-frac-pontevedra-bosques-de-santa-anita-tlajomulco?agent=javier373&lang=es
Tlajomulco,Casa en condominio,VENTA,3100000,"Casa en venta, Fracc. Bonanza Residencial, Tlajomulco, Jal. Bonanza",3.0,3.0,189.4,https://www.aciertamax.com/property/casa-en-venta-fracc-bonanza-residencial-tlajomulco-jal?agent=javier373&lang=es
Tlajomulco,Casa,VENTA,3100000,,3.0,2.0,120,https://www.aciertamax.com/property/residencial-san-agustin-miralba?agent=javier373&lang=es
Tlajomulco,Casa en condominio,VENTA,3088000,"Casa en condominio 3 recámaras, 2 baños 121 m² Ver detalles",3.0,2.0,121,https://www.aciertamax.com/property/propiedad-hermosa-en-alvazur-con-3-filtros-de-seguridad?agent=javier373&lang=es
Tlajomulco,Casa en condominio,VENTA,3085200,"Casa en condominio 3 recámaras, 2 baños 119 m² Ver detalles",3.0,2.0,119,https://www.aciertamax.com/property/casas-en-venta-alba-residencial?agent=javier373&lang=es
Tlajomulco,Casa,VENTA,3050000,"Casa en Venta en Adamar,  coto Monte Alban Adamar, Tlajomulco de Zúñ",3.0,3.0,115,https://www.aciertamax.com/property/adamar-asa-en-renta-amueblada-totalmente?agent=javier373&lang=es
Tlajomulco,Casa en condominio,VENTA,3023336,"Casa en condominio 3 recámaras, 2 baños 155.73 m² Ver detalles",3.0,2.0,155.73,https://www.aciertamax.com/property/es-tu-oportunidad-de-estrenar-casa-al-sur-de-la-ciudad-en-adamar-guadalajara?agent=javier373&lang=es
Tlajomulco,Casa,VENTA,3023336,,3.0,2.0,156,https://www.aciertamax.com/property/casa-en-venta-en-fraccionamieno-adamar?agent=javier373&lang=es
Tlajomulco,Casa,VENTA,3023336,,3.0,2.0,155.73,https://www.aciertamax.com/property/casa-en-coto-privado-zona-sur-adamar?agent=javier373&lang=es
Tlajomulco,Casa en condominio,VENTA,3019000,"Casa en condominio 3 recámaras, 2 baños 128 m² Ver detalles",3.0,2.0,128,https://www.aciertamax.com/property/miralba-jacaranda?agent=javier373&lang=es
Tlajomulco,Casa,VENTA,3000000,"Casa en VENTA en Senderos de Monteverde Senderos de Monte Verde, Tla",3.0,2.0,150,https://www.aciertamax.com/property/casa-en-venta-en-senderos-de-monteverde-5406d4e4-a062-430d-a154-6b1c71cd17d8?agent=javier373&lang=es
Tlajomulco,Casa,VENTA,3000000,"Casa en Venta en Fraccionamiento zona Bosques Santa Anita La Loma, T",3.0,3.0,150,https://www.aciertamax.com/property/casa-en-renta-en-fraccionamiento-zona-bosques-santa-anita?agent=javier373&lang=es
Tlajomulco,Casa en condominio,VENTA,2996000,"Casa en condominio 3 recámaras, 2 baños 114 m² Ver detalles",3.0,2.0,114,https://www.aciertamax.com/property/casa-en-venta-en-zoi-sur-acueducto-san-agustin?agent=javier373&lang=es
Tlajomulco,Casa en condominio,VENTA,2996000,"Casa en venta en Zoi Sur, San Agustín Jardines de Santa Anita, Tlajo",3.0,2.0,114,https://www.aciertamax.com/property/casa-en-venta-en-zoi-sur-san-agustin-jardines-de-santa-anita?agent=javier373&lang=es
Tlajomulco,Casa,VENTA,2990000,Casa en venta en Fraccionamiento Element – Tlajomulco de Zúñiga Cort,3.0,2.0,119.08,https://www.aciertamax.com/property/casa-en-venta-en-fraccionamiento-element-tlajomulco-de-zuniga?agent=javier373&lang=es
Tlajomulco,Casa en condominio,VENTA,2990000,"Casa en coto sobre Av. Lopez Mateos Acueducto San Agustín, Tlajomulc",3.0,2.0,177,https://www.aciertamax.com/property/casa-en-coto-sobre-av-lopez-mateos?agent=javier373&lang=es
Tlajomulco,Casa en condominio,VENTA,2990000,"Casa en venta, Monte verde Tlajomulco Senderos de Monte Verde, Tlajo",3.0,3.0,146,https://www.aciertamax.com/property/casa-en-venta-monte-verde-tlajomulco?agent=javier373&lang=es
Tlajomulco,Casa en condominio,VENTA,2983120,Casa en venta condominio Nimbus- cortijo San Agustin Cortijo de San,3.0,3.0,118.53,https://www.aciertamax.com/property/casa-en-venta-condominio-nimbus-cortijo-san-agustin?agent=javier373&lang=es
Tlajomulco,Casa,VENTA,2960000,,2.0,2.0,134.92,https://www.aciertamax.com/property/oportunidad-en-el-origen-casa-moderna-de-2-recamaras?agent=javier373&lang=es
Tlajomulco,Casa en condominio,VENTA,2960000,"Casa en Venta en Villas California Villa California, Tlajomulco de Z",3.0,1.0,127,https://www.aciertamax.com/property/casa-en-venta-en-villas-california-6c682f1c-fbdf-4545-983a-dbb480f4a1bd?agent=javier373&lang=es
Tlajomulco,Casa en condominio,VENTA,2958000,"Casa en venta en Santa Anita Santa Anita, Tlajomulco de Zúñiga Clave",2.0,2.0,88,https://www.aciertamax.com/property/casa-en-venta-en-santa-anita-73a03d06-d58a-49ff-9f60-15ca56f682a3?agent=javier373&lang=es
Tlajomulco,Casa en condominio,VENTA,2950000,"Casa en condominio 3 recámaras, 2 baños 123.39 m² Ver detalles",3.0,2.0,123.39,https://www.aciertamax.com/property/casa-en-venta-en-adamar-residencial-8538a7c6-fe3f-45d2-8e29-44d5d8743661?agent=javier373&lang=es
Tlajomulco,Casa en condominio,VENTA,2950000,Casa venta en  El Origen,3.0,2.0,156,https://www.aciertamax.com/property/casa-venta-en-el-origen-2-950-000-coto-izvora?agent=javier373&lang=es
Tlajomulco,Casa en condominio,VENTA,2950000,"Casa en condominio 4 recámaras, 3 baños 174 m² Ver detalles",4.0,3.0,174,https://www.aciertamax.com/property/casa-en-venta-en-tlajomulco-de-zuniga-jalisco-coto-villas-de-san-martin?agent=javier373&lang=es
Tlajomulco,Casa,VENTA,2950000,"Casa en Venta San Miguel Residencial, Tlajomulco de Zúñiga Casa 3 re",3.0,4.0,150,https://www.aciertamax.com/property/casa-en-venta-san-miguel-residencial-tlajomulco-de-zuniga?agent=javier373&lang=es
Tlajomulco,Casa,VENTA,2900000,Casa en Venta Villas California zona sur remodelada 100% Villa Calif,3.0,1.0,170,https://www.aciertamax.com/property/casa-en-venta-villas-california-zona-sur?agent=javier373&lang=es
Tlajomulco,Casa,VENTA,2900000,"Casa en Venta Senderos de Monteverde #122 Senderos de Monte Verde, T",3.0,3.0,150,https://www.aciertamax.com/property/casa-en-venta-en-senderos-de-monteverde-9df2a566-c5f6-4cff-8490-3bc7eb4b5404?agent=javier373&lang=es
Tlajomulco,Casa en condominio,VENTA,2900000,"Casa en condominio 3 recámaras, 2 baños 118 m² Ver detalles",3.0,2.0,118,https://www.aciertamax.com/property/vive-en-coto-alba-residencial-tlajomulco?agent=javier373&lang=es
Tlajomulco,Casa en condominio,VENTA,2900000,"Casa en condominio 3 recámaras, 2 baños 118 m² Ver detalles",3.0,2.0,118,https://www.aciertamax.com/property/casa-en-venta-en-tlajomulco-de-zuniga-jalisco-fraccionamiento-albazur?agent=javier373&lang=es
Tlajomulco,Casa,VENTA,2895000,"Casa en Venta Adamar Adamar, Tlajomulco de Zúñiga Casa 3 recámaras,",3.0,2.0,115,https://www.aciertamax.com/property/casa-en-venta-adamar-76b4c43f-4775-4195-9413-e3d9d819dce2?agent=javier373&lang=es
Tlajomulco,Casa en condominio,VENTA,2880000,"Casa en venta en Coto Palenque, Residencial Adamar Adamar, Tlajomulc",3.0,2.0,115,https://www.aciertamax.com/property/casa-en-venta-en-coto-palenque-residencial-adamar?agent=javier373&lang=es
Tlajomulco,Casa en condominio,VENTA,2800000,"Casa en venta Puerta Magnolia, Santa Anita, Tlajomulco Jardines de S",3.0,2.0,114,https://www.aciertamax.com/property/casa-en-venta-puerta-magnolia-santa-anita-tlajomulco?agent=javier373&lang=es
Tlajomulco,Casa,VENTA,2800000,"Casa en VENTA. Aceptamos creditos bancarios, infonavit etc Fracciona",2.0,2.0,120,https://www.aciertamax.com/property/casa-loft-en-venta-excelente?agent=javier373&lang=es
Tlajomulco,Casa en condominio,VENTA,2800000,Casa en Venta en Condominio Valle de Las Flores. Las Víboras (Fracci,3.0,2.0,220,https://www.aciertamax.com/property/casa-en-venta-en-condominio-valle-de-las-flores?agent=javier373&lang=es
Tlajomulco,Casa,VENTA,2790000,"Casa en Venta en Foresta Santa Anita Bosques Santa Anita, Tlajomulco",3.0,2.0,128,https://www.aciertamax.com/property/casa-en-venta-en-foresta-santa-anita-bosques-santa-anita?agent=javier373&lang=es
Tlajomulco,Casa en condominio,VENTA,2784600,"Casa en Venta en Real del Valle Tlajomulco de Zuñiga Real Del Valle,",3.0,2.0,119,https://www.aciertamax.com/property/casa-en-venta-en-real-del-valle-tlajomulco-de-zuniga-e5384288-180c-4782-86d0-28f90828633d?agent=javier373&lang=es
Tlajomulco,Casa,VENTA,2780000,Casa en venta en Punto Madera Residencial en Santa Anita precio,2.0,2.0,118,https://www.aciertamax.com/property/casa-en-venta-en-punto-madera-residencial-en-santa-anita-precio-2-780-000?agent=javier373&lang=es
Tlajomulco,Casa en condominio,VENTA,2767000,"Casa en condominio 3 recámaras, 3 baños 103 m² Ver detalles",3.0,3.0,103,https://www.aciertamax.com/property/miralba-opalo?agent=javier373&lang=es
Tlajomulco,Casa en condominio,VENTA,2761000,"Casa en venta en Vista Sur Tlajomulco de Zuñiga El Guaje, Tlajomulco",3.0,2.0,115,https://www.aciertamax.com/property/casa-en-venta-en-vista-sur-el-guaje?agent=javier373&lang=es
Tlajomulco,Casa en condominio,VENTA,2750000,"Casa en condominio 2 recámaras, 2 baños 123 m² Ver detalles",2.0,2.0,123,https://www.aciertamax.com/property/casa-en-villa-california-modelo-cordoba?agent=javier373&lang=es
Tlajomulco,Casa en condominio,VENTA,2750000,"Casa en condominio 3 recámaras, 1 baño 118 m² Ver detalles",3.0,1.0,118,https://www.aciertamax.com/property/villa-california-7a58ed02-b3a0-4a23-a9d8-7c24879d32f1?agent=javier373&lang=es
Tlajomulco,Casa en condominio,VENTA,2700000,"Casa en Venta en Privanza Residencial San Agustin, Tlajomulco de Zúñ",3.0,2.0,157,https://www.aciertamax.com/property/casa-de-oportunidad-amueblada-en-venta-en-privanza?agent=javier373&lang=es
Tlajomulco,Casa en condominio,VENTA,2690000,"Casa en condominio 4 recámaras, 3 baños 165 m² Ver detalles",4.0,3.0,165,https://www.aciertamax.com/property/casa-en-venta-3-niveles-en-villas-de-san-martin?agent=javier373&lang=es
Tlajomulco,Casa,VENTA,2690000,"Casa Amplia y Funcional en Coto Privanza – Sur de Guadalajara San Agustin, Tlajomulco d",3.0,2.0,180,https://www.aciertamax.com/property/hermosa-casa-cerca-plazas-outlet?agent=javier373&lang=es
Tlajomulco,Casa en condominio,VENTA,2650000,Casa en venta a precio de oportunidad en Bosques de Santa Anita Pont,3.0,2.0,80,https://www.aciertamax.com/property/casa-nueva-en-renta-o-venta-a-precio-de-oportunidad-en-bosques-de-santa-anita?agent=javier373&lang=es
Tlajomulco,Casa en condominio,VENTA,2650000,"Casa en venta El Cortijo, San Agustín Cortijo de San Agustin, Tlajom",3.0,2.0,115,https://www.aciertamax.com/property/casa-en-venta-el-cortijo-san-agustin-cortijo-de-san-agustin-tlajomulco-de-zuniga?agent=javier373&lang=es
Tlajomulco,Casa,VENTA,2620000,,2.0,1.0,114,https://www.aciertamax.com/property/se-vende-casa-de-campo-colinas-de-cajititlan?agent=javier373&lang=es
Tlajomulco,Casa en condominio,VENTA,2601000,"Casa en Venta en Villa California, Tlajomulco de Zúñiga Villa Califo",3.0,1.0,119,https://www.aciertamax.com/property/casa-en-venta-en-villa-california-tlajomulco-de-zuniga-villa-california-casa-en-condominio?agent=javier373&lang=es
Tlajomulco,Casa en condominio,VENTA,2600000,"Casa en condominio 3 recámaras, 2 baños 94 m² Ver detalles",3.0,2.0,94,https://www.aciertamax.com/property/casa-en-venta-fraccionamiento-pontevedra-pontevedra-tlajomulco-de-zuniga?agent=javier373&lang=es
Tlajomulco,Casa en condominio,VENTA,2599000,"Casa en Venta en Element San Agustín | Condominio Argo Element, Tlaj",2.0,2.0,87,https://www.aciertamax.com/property/casa-en-venta-en-element-san-agustin-condominio-argo?agent=javier373&lang=es
Tlajomulco,Casa en condominio,VENTA,2590000,"Casa a Estrenar A 20 MIN DEL ITESO La Unión del Cuatro, Tlajomulco de Zúñiga Casa en condominio 3 recámaras, 3 baños 126 m² Ver detalles",3.0,3.0,126,https://www.aciertamax.com/property/casa-a-estrenar-villas-de-san-martin?agent=javier373&lang=es
Tlajomulco,Casa,VENTA,2585000,"Casa en Venta Santa Cruz Del Valle, Tlajomulco de Zúñiga Casa 4 recá",4.0,3.0,151,https://www.aciertamax.com/property/casa-en-venta-3fc4a467-e4cf-49d4-8945-585ea2d2b4d5?agent=javier373&lang=es
Tlajomulco,Casa,VENTA,2550000,,2.0,1.0,74,https://www.aciertamax.com/property/casa-en-venta-en-zoi-sur-residencial-2-recamaras?agent=javier373&lang=es
Tlajomulco,Casa,VENTA,2550000,"Casa en venta, Tlajomulco de Zuñiga San Sebastián El Grande, Tlajomu",4.0,1.0,187,https://www.aciertamax.com/property/casa-en-venta-tlajomulco-de-zuniga-san-sebastian-el-grande?agent=javier373&lang=es
Tlajomulco,Casa,VENTA,2500000,,3.0,1.0,88,https://www.aciertamax.com/property/casa-venta-la-mora-residencial-tlajomulco?agent=javier373&lang=es
Tlajomulco,Casa,VENTA,2500000,"Casa en Venta en Santa Anita Santa Anita, Tlajomulco de Zúñiga Casa",3.0,2.0,129.5,https://www.aciertamax.com/property/casa-en-venta-en-santa-anita-d715d9b5-82c2-4766-a1cd-2b4e91e7f26f?agent=javier373&lang=es
Tlajomulco,Casa en condominio,VENTA,2490445,Casa en Venta en Puerta de Piedra Residencial Tlajomulco Santa Cruz,3.0,3.0,83,https://www.aciertamax.com/property/casa-en-venta-en-puerta-de-piedra-residencial-tlajomulco?agent=javier373&lang=es
Tlajomulco,Casa en condominio,VENTA,2490000,"Casa en venta en Coto Fuente Medesis, Real del Valle Real Del Valle,",3.0,3.0,94,https://www.aciertamax.com/property/casa-en-venta-en-coto-fuente-medesis-real-del-valle?agent=javier373&lang=es
Tlajomulco,Casa en condominio,VENTA,2480000,"Casa en condominio 3 recámaras, 3 baños 98 m² Ver detalles",3.0,3.0,98,https://www.aciertamax.com/property/se-vende-casa-en-condominio-alta-california-tlajomulco-de-zuniga?agent=javier373&lang=es
Tlajomulco,Casa en condominio,VENTA,2450000,Casa en Alta California nueva a estrenar con mejoras Residencial Alt,3.0,2.0,80,https://www.aciertamax.com/property/bonita-casa-en-alta-california-nueva-a-estrenar-con-mejoras?agent=javier373&lang=es
Tlajomulco,Casa,VENTA,2400000,,3.0,1.0,90,https://www.aciertamax.com/property/fracc-pontevedra?agent=javier373&lang=es
Tlajomulco,Casa,VENTA,2400000,"Casa en Venta en Banus Residencial Tlajoculco de Zuñiga Banus, Tlajo",2.0,2.0,117,https://www.aciertamax.com/property/casa-en-venta-en-banus-residencial-tlajoculco-de-zuniga?agent=javier373&lang=es
Tlajomulco,Casa,VENTA,2400000,Casa en venta en Alta California Residencial precio,3.0,1.0,87,https://www.aciertamax.com/property/casa-en-venta-en-alta-california-residencial-precio-2-400-000?agent=javier373&lang=es
Tlajomulco,Casa en condominio,VENTA,2399000,"Casa en condominio 4 recámaras, 3 baños 114.91 m² Ver detalles",4.0,3.0,114.91,https://www.aciertamax.com/property/casa-con-habitacion-en-planta-baja-en-puerta-de-piedra?agent=javier373&lang=es
Tlajomulco,Casa,VENTA,2395000,Casa en OPORTUNIDAD en venta en Villas de San Martín La Unión del Cu,4.0,3.0,147,https://www.aciertamax.com/property/casa-en-oportunidad-en-venta-en-villas-de-san-martin?agent=javier373&lang=es
Tlajomulco,Casa,VENTA,2390000,,4.0,1.0,130,https://www.aciertamax.com/property/real-del-valle-casa-con-excedente-e2dd5205-bc71-4f5d-90cf-56519a81015d?agent=javier373&lang=es
Tlajomulco,Casa,VENTA,2390000,,2.0,2.0,90,https://www.aciertamax.com/property/fracc-zoi-sur?agent=javier373&lang=es
Tlajomulco,Casa en condominio,VENTA,2382165,"Casa en venta en Los Sauces La Unión del Cuatro, Tlajomulco de Zúñig",3.0,3.0,109,https://www.aciertamax.com/property/casa-en-venta-en-los-sauces-la-union-del-cuatro?agent=javier373&lang=es
Tlajomulco,Casa,VENTA,2377670,,3.0,2.0,94,https://www.aciertamax.com/property/casa-nueva-venta-hacienda-santa-cruz-topacio?agent=javier373&lang=es
Tlajomulco,Casa en condominio,VENTA,2306500,"Casa en Venta en Vistar Sur Tlajomulco Vista Sur Residencial, Tlajom",3.0,2.0,95,https://www.aciertamax.com/property/casa-en-venta-en-vistar-sur-tlajomulco?agent=javier373&lang=es
Tlajomulco,Casa en condominio,VENTA,2300000,"Casa en Venta en Alta California, Tlajomulco de Zúñiga, Residencial",3.0,2.0,106,https://www.aciertamax.com/property/casa-en-venta-en-alta-california-tlajomulco-de-zuniga-3043da8c-275a-45c5-8694-89cc1d21ca9b?agent=javier373&lang=es
Tlajomulco,Casa en condominio,VENTA,2230463,"Casa en venta en Lomas de San Agustín Lomas de San Agustin, Tlajomul",3.0,1.0,79,https://www.aciertamax.com/property/casa-en-venta-en-lomas-de-san-agustin-28612f2d-2ba2-4e5f-84b5-5cb589bc944d?agent=javier373&lang=es
Tlajomulco,Casa en condominio,VENTA,2220000,"Casa en venta en Santa Cruz del valle Santa Cruz Del Valle, Tlajomul",3.0,3.0,88,https://www.aciertamax.com/property/casa-en-venta-en-santa-cruz-del-valle-1ab5bb17-5be7-40f7-a13d-62bacbafd9eb?agent=javier373&lang=es
Tlajomulco,Casa en condominio,VENTA,2220000,"Casa en condominio 3 recámaras, 2 baños 80 m² Ver detalles",3.0,2.0,80,https://www.aciertamax.com/property/hacienda-san-miguel-arauca-ii?agent=javier373&lang=es
Tlajomulco,Casa en condominio,VENTA,2200000,"Casa en Real del Valle, Coto Fuente de las Nereidas Real Del Valle,",3.0,2.0,107.8,https://www.aciertamax.com/property/casa-en-real-del-valle-coto-fuente-de-las-nereidas?agent=javier373&lang=es
Tlajomulco,Casa,VENTA,2200000,"Casa en venta en Alta California, Coto 14 Residencial Alta Californi",3.0,2.0,78,https://www.aciertamax.com/property/casa-en-venta-en-alta-california-coto-14-residencial-alta-california?agent=javier373&lang=es
Tlajomulco,Casa en condominio,VENTA,2190000,"Casa en condominio 3 recámaras, 1 baño 83 m² Ver detalles",3.0,1.0,83,https://www.aciertamax.com/property/propiedad-en-adamar-residencial-se-vende-como-inversion?agent=javier373&lang=es
Tlajomulco,Casa en condominio,VENTA,2156000,Casa en venta en Tlajomulco - Hacienda Santa Cruz Santa Cruz Del Val,3.0,2.0,85.55,https://www.aciertamax.com/property/casa-en-venta-en-tlajomulco-hacienda-santa-cruz?agent=javier373&lang=es
Tlajomulco,Casa,VENTA,2150000,,2.0,2.0,180,https://www.aciertamax.com/property/venta-adamar?agent=javier373&lang=es
Tlajomulco,Casa en condominio,VENTA,2117030,"Casa en venta en Tlajomulco - La Arboleda a Estrenar Real Del Valle,",3.0,2.0,94.35,https://www.aciertamax.com/property/casa-en-venta-en-tlajomulco-la-arboleda-a-estrenar?agent=javier373&lang=es
Tlajomulco,Casa en condominio,VENTA,2100000,"Casa en venta, Col. Vista Sur Residencial, Tlajomulco, Jal. Vista Su",3.0,2.0,76.4,https://www.aciertamax.com/property/casa-en-venta-col-vista-sur-residencial-tlajomulco-jal?agent=javier373&lang=es
Tlajomulco,Departamento,VENTA,2100000,"Departamento en San Agustín Cortijo de San Agustin, Tlajomulco de Zúñiga Dep",3.0,2.0,80,https://www.aciertamax.com/property/vendo-departamento-en-san-agustin?agent=javier373&lang=es
Tlajomulco,Casa en condominio,VENTA,2100000,"Casa en venta en Adamar con alberca y seguridad Adamar, Tlajomulco d",2.0,1.0,67,https://www.aciertamax.com/property/casa-en-venta-en-adamar-con-alberca-y-seguridad?agent=javier373&lang=es
Tlajomulco,Casa en condominio,VENTA,2095000,"Casa en venta en Alta California, Coto Sacramento Residencial Alta C",3.0,2.0,78,https://www.aciertamax.com/property/casa-en-venta-en-alta-california-coto-sacramento-residencial-alta-california-tlajomulco-de-zuniga?agent=javier373&lang=es
Tlajomulco,Casa,VENTA,2086360,,2.0,2.0,88,https://www.aciertamax.com/property/casa-nueva-venta-hacienda-santa-cruz-marron?agent=javier373&lang=es
Tlajomulco,Casa en condominio,VENTA,2057000,Casa en venta en Alta California Tlajomulco Residencial Alta Califor,3.0,2.0,78,https://www.aciertamax.com/property/casa-en-venta-en-alta-california-tlajomulco-residencial-alta-california-casa-en-condominio?agent=javier373&lang=es
Tlajomulco,Casa,VENTA,2043840,,3.0,2.0,88,https://www.aciertamax.com/property/casa-nueva-venta-la-arboleda-hacienda-santa-fe-tlajomulco-con-habitacion-en-plan?agent=javier373&lang=es
Tlaquepaque,Casa,VENTA,38500000,,7.0,5.0,630,https://www.aciertamax.com/property/casa-en-venta-tlaquepaque-centro-con-alberca?agent=javier373&lang=es
Tlaquepaque,Casa,VENTA,16490000,"Casa en venta en Paisajes del Tesoro Paisajes del Tesoro, Tlaquepaqu",4.0,4.0,416,https://www.aciertamax.com/property/casa-en-venta-en-paisajes-del-tesoro-84434fcb-021a-4909-9823-0a5df951dd29?agent=javier373&lang=es
Tlaquepaque,Casa,VENTA,16246125,,2.0,2.0,500.68,https://www.aciertamax.com/property/jalisco-tlaquepaque-cerro-del-tesoro-casa-venta?agent=javier373&lang=es
Tlaquepaque,Casa,VENTA,15390000,"Casa con hermosa vista en venta Paisajes del Tesoro, Tlaquepaque Casa 4 recámaras, 4 b",4.0,4.0,430,https://www.aciertamax.com/property/paraisos-del-tesoro-casa-con-hermosa-vista-en-venta?agent=javier373&lang=es
Tlaquepaque,Casa,VENTA,15000000,,3.0,4.0,838,https://www.aciertamax.com/property/casa-en-venta-en-pueblo-de-santa-anita?agent=javier373&lang=es
Tlaquepaque,Casa,VENTA,11900000,"Casa en venta en Cerro del Tesoro, Tlaquepaque. Cerro Del Tesoro, Tl",6.0,3.0,532,https://www.aciertamax.com/property/casa-en-venta-en-cerro-del-tesoro-tlaquepaque?agent=javier373&lang=es
Tlaquepaque,Casa,VENTA,10900000,,2.0,,"1,420",https://www.aciertamax.com/property/casa-de-campo-por-carretera-a-chapala-terraza-para-eventos?agent=javier373&lang=es
Tlaquepaque,Casa,VENTA,10500000,,4.0,3.0,500,https://www.aciertamax.com/property/san-pedro-tlaquepaque-jalisco?agent=javier373&lang=es
Tlaquepaque,Casa,VENTA,9115000,"Casa en Venta frente al ingreso del Hotel El Tapatío en Tlaquepaque,",2.0,3.0,236,https://www.aciertamax.com/property/casa-en-venta-frente-al-ingreso-del-hotel-el-tapatio-en-tlaquepaque-jalisco-me?agent=javier373&lang=es
Tlaquepaque,Departamento,VENTA,8890000,,3.0,1.0,21.72,https://www.aciertamax.com/property/casa-en-venta-punto-sur-264-tlaquepaque-jalisco?agent=javier373&lang=es
Tlaquepaque,Casa en condominio,VENTA,8500000,"Casa en venta en fraccionamiento cerro del tesoro Cerro Del Tesoro,",4.0,3.0,315.49,https://www.aciertamax.com/property/casa-en-venta-en-fraccionamiento-cerro-del-tesoro?agent=javier373&lang=es
Tlaquepaque,Casa,VENTA,8460000,,3.0,2.0,440.2,https://www.aciertamax.com/property/residencial-el-tapatio-residencial-el-tapatio-casa?agent=javier373&lang=es
Tlaquepaque,Casa,VENTA,8290000,"Casa en Venta Paisajes del Tesoro Paisajes del Tesoro, Tlaquepaque C",5.0,5.0,258,https://www.aciertamax.com/property/casa-en-venta-paisajes-del-tesoro-431cc192-538e-4493-a27d-e382bb0264e5?agent=javier373&lang=es
Tlaquepaque,Casa,VENTA,8290000,Casa en Venta Paisajes del Tesoro - Espectacular Vista Panorámica Pa,4.0,4.0,264,https://www.aciertamax.com/property/casa-en-venta-paisajes-del-tesoro-espectacular-vista-panoramica-paisajes-del-tesoro?agent=javier373&lang=es
Tlaquepaque,Casa,VENTA,8290000,"Casa en Venta Paisajes del Tesoro Paisajes del Tesoro, Tlaquepaque C",5.0,4.0,258,https://www.aciertamax.com/property/casa-en-venta-paisajes-del-tesoro-7d8d79d2-c581-4200-92d6-79320f7afd71?agent=javier373&lang=es
Tlaquepaque,Casa,VENTA,8290000,Casa en Venta Paisajes del Tesoro - EXTRAORDINARIA VISTA PANORAMICA,3.0,2.0,212,https://www.aciertamax.com/property/casa-en-venta-paisajes-del-tesoro-extraordinaria-vista-panoramica-paisajes-del-tesoro-tlaquepaque?agent=javier373&lang=es
Tlaquepaque,Casa,VENTA,8290000,Casa en Venta Paisajes del Tesoro - EXTRAORDINARIA VISTA PANORAMICA,3.0,3.0,209,https://www.aciertamax.com/property/casa-en-venta-paisajes-del-tesoro-extraordinaria-vista-panoramica-paisajes-del-tesoro?agent=javier373&lang=es
Tlaquepaque,Casa,VENTA,7950000,,3.0,2.0,260,https://www.aciertamax.com/property/casa-en-venta-fraccionamiento-revolucion-tlaquepaque?agent=javier373&lang=es
Tlaquepaque,Casa,VENTA,7950000,"Casa en Venta – Residencial El Tapatío, Tlaquepaque, Jalisco Residen",5.0,4.0,371,https://www.aciertamax.com/property/casa-en-venta-residencial-el-tapatio-tlaquepaque-jalisco?agent=javier373&lang=es
Tlaquepaque,Casa,VENTA,7950000,"Casa en venta en Cerro del tesoro Cerro Del Tesoro, Tlaquepaque Casa",3.0,3.0,339,https://www.aciertamax.com/property/excelente-casa-en-venta-en-farallon-cerro-del-tesoro?agent=javier373&lang=es
Tlaquepaque,Casa,VENTA,7500000,"Casa en venta en colonial Tlaquepaque Colonial Tlaquepaque, Tlaquepa",3.0,3.0,240,https://www.aciertamax.com/property/casa-en-venta-en-colonial-tlaquepaque-efbe451f-8cc7-46aa-a567-6a8d22695019?agent=javier373&lang=es
Tlaquepaque,Casa,VENTA,6850000,,3.0,2.0,233.49,https://www.aciertamax.com/property/residencia-en-venta-en-residencial-el-tapatio?agent=javier373&lang=es
Tlaquepaque,Casa,VENTA,6600000,,5.0,3.0,300,https://www.aciertamax.com/property/bonita-casa-en-esquina-en-jardines-de-la-paz?agent=javier373&lang=es
Tlaquepaque,Casa,VENTA,6450000,,3.0,2.0,222,https://www.aciertamax.com/property/casa-en-los-naranjos-a-los-limones-con-mas-de-50-mts-de-puro-jardin?agent=javier373&lang=es
Tlaquepaque,Casa,VENTA,5950000,"Casa en Venta, Col, Cerro del Tesoro, Tlaquepaque , Jal Cerro Del Te",3.0,2.0,146,https://www.aciertamax.com/property/casa-en-venta-col-cerro-del-tesoro-tlaquepaque-jal?agent=javier373&lang=es
Tlaquepaque,Casa,VENTA,5600000,,3.0,1.0,163,https://www.aciertamax.com/property/casa-en-venta-en-lindavista-lindavista-tlaquepaque?agent=javier373&lang=es
Tlaquepaque,Casa,VENTA,5400000,"Casa en venta en Paisajes del Tesoro, Tlaquepaque Paisajes del Tesor",4.0,3.0,179,https://www.aciertamax.com/property/casa-en-venta-en-paisajes-del-tesoro-tlaquepaque-db68f4c1-dd0a-4dbd-a462-d8f492b791a2?agent=javier373&lang=es
Tlaquepaque,Casa,VENTA,4900000,,4.0,4.0,256,https://www.aciertamax.com/property/periferico-toluquilla?agent=javier373&lang=es
Tlaquepaque,Casa en condominio,VENTA,4850000,"Casa en venta, Col. Parques de Tlaquepaque, Tlaquepaque, Jal. Parque",4.0,3.0,218.8,https://www.aciertamax.com/property/casa-en-venta-col-parques-de-tlaquepaque-tlaquepaque-jal?agent=javier373&lang=es
Tlaquepaque,Casa,VENTA,4790000,,4.0,2.0,217,https://www.aciertamax.com/property/tlaquepaque-zona-del-mirador-se-vende-casa-el-tapatio?agent=javier373&lang=es
Tlaquepaque,Casa,VENTA,4790000,,4.0,2.0,217,https://www.aciertamax.com/property/tlaquepaque-zona-del-mirador-se-vende-casa?agent=javier373&lang=es
Tlaquepaque,Casa en condominio,VENTA,4690000,"Casa en condominio 3 recámaras, 2 baños 186 m² Ver detalles",3.0,2.0,186,https://www.aciertamax.com/property/tossa-residencial-casa-en-venta-vive-con-estilo-al-sur-de-la-ciudad?agent=javier373&lang=es
Tlaquepaque,Casa,VENTA,4690000,,5.0,2.0,180,https://www.aciertamax.com/property/casa-en-la-zona-centro-de-tlaquepaque-para-remodelar-tlaquepaque-centro?agent=javier373&lang=es
Tlaquepaque,Casa,VENTA,4690000,,5.0,2.0,180,https://www.aciertamax.com/property/casa-en-la-zona-centro-de-tlaquepaque-para-remodelar?agent=javier373&lang=es
Tlaquepaque,Casa,VENTA,4600000,,3.0,2.0,162.35,https://www.aciertamax.com/property/el-hogar-perfecto-para-crecer-en-familia-con-tranquilidad-y-estilo?agent=javier373&lang=es
Tlaquepaque,Casa en condominio,VENTA,4580000,Casa en venta en Tossa Residencial Frente a la Casa Club | Modelo GO,3.0,3.0,133.2,https://www.aciertamax.com/property/casa-en-venta-en-tossa-residencial-frente-a-la-casa-club-modelo-goya?agent=javier373&lang=es
Tlaquepaque,Casa,VENTA,4545000,,,3.0,360,https://www.aciertamax.com/property/propiedad-en-venta-en-tlaquepaque-jalisco-fraccionamiento-almos?agent=javier373&lang=es
Tlaquepaque,Casa en condominio,VENTA,4450000,"Casa en condominio 3 recámaras, 2 baños 134 m² Ver detalles",3.0,2.0,134,https://www.aciertamax.com/property/casa-en-venta-en-el-tapatio-tlaquepaque-el-tapatio?agent=javier373&lang=es
Tlaquepaque,Casa,VENTA,4450000,"Casa en Venta en San Agustin Tlaquepaque Santa Anita, Tlaquepaque Cl",3.0,3.0,155,https://www.aciertamax.com/property/casa-en-venta-en-san-agustin-tlaquepaque?agent=javier373&lang=es
Tlaquepaque,Casa,VENTA,4350000,,4.0,3.0,140,https://www.aciertamax.com/property/se-vende-casa-en-la-bella?agent=javier373&lang=es
Tlaquepaque,Casa,VENTA,4300000,"Casa en Coto Haciendas de San Pedro Residencial El Tapatío, Tlaquepa",3.0,2.0,160,https://www.aciertamax.com/property/casa-en-coto-haciendas-de-san-pedro?agent=javier373&lang=es
Tlaquepaque,Casa en condominio,VENTA,4200000,"Casa en Tlaquepaque Coto ""CUMBRES DEL PRADO"" 3 pisos Con terraza Ála",3.0,3.0,116,https://www.aciertamax.com/property/casa-en-tlaquepaque-coto-cumbres-del-prado-3-pisos-con-terraza?agent=javier373&lang=es
Tlaquepaque,Casa en condominio,VENTA,4200000,"Casa en condominio 3 recámaras, 3 baños 152 m² Ver detalles",3.0,3.0,152,https://www.aciertamax.com/property/hermosa-casa-ubicada-en-residencial-la-bella?agent=javier373&lang=es
Tlaquepaque,Casa,VENTA,4200000,"Casa en Terralta, San Pedro Tlaquepaque Jalisco. Terralta, Tlaquepaq",3.0,2.0,240,https://www.aciertamax.com/property/venta-casa-en-terralta-san-pedro-tlaquepaque-jalisco?agent=javier373&lang=es
Tlaquepaque,Casa en condominio,VENTA,4100000,"Casa en Tlaquepaque Fraccionamiento ""CUMBRES DEL PRADO"" 3 pisos Con",3.0,3.0,116,https://www.aciertamax.com/property/casa-en-tlaquepaque-fraccionamiento-cumbres-del-prado-3-pisos-con-terraza?agent=javier373&lang=es
Tlaquepaque,Departamento,VENTA,4100000,"Departamento en venta, en ESCENIA RESIDENCIAL, Tlaquepaque, Jalisco. Mirador",3.0,2.0,90.6,https://www.aciertamax.com/property/departamento-en-venta-en-escenia-residencial-tlaquepaque-jalisco?agent=javier373&lang=es
Tlaquepaque,Casa en condominio,VENTA,4100000,"Casa en venta la Bella Residencial La Bella, Tlaquepaque Casa en con",3.0,2.0,140,https://www.aciertamax.com/property/casa-en-venta-la-bella-residencial-la-bella-tlaquepaque?agent=javier373&lang=es
Tlaquepaque,Casa,VENTA,4006369,"Casa en venta en Paraje Areto San Pedro, Tlaquepaque Clave interna:",3.0,2.0,121,https://www.aciertamax.com/property/casa-en-venta-en-paraje-areto?agent=javier373&lang=es
Tlaquepaque,Casa,VENTA,3990000,"Casa en venta en Santa Anita, San Pedro Tlaquepaque. Santa Anita Res",3.0,2.0,212,https://www.aciertamax.com/property/casa-en-venta-en-santa-anita-san-pedro-tlaquepaque-santa-anita-residencial?agent=javier373&lang=es
Tlaquepaque,Casa en condominio,VENTA,3990000,"Casa en condominio 4 recámaras, 3 baños 161 m² Ver detalles",4.0,3.0,161,https://www.aciertamax.com/property/casa-en-venta-en-pedregal-del-bosque-tlaquepaque-zimalta?agent=javier373&lang=es
Tlaquepaque,Casa en condominio,VENTA,3950000,"Casa en condominio 3 recámaras, 3 baños 133 m² Ver detalles",3.0,3.0,133,https://www.aciertamax.com/property/moderna-y-amplia-casa-en-tossa-residencial-cerca-de-periferico?agent=javier373&lang=es
Tlaquepaque,Casa,VENTA,3900000,"Casa en venta en El Vergel, Tlaquepaque El Vergel 1ra. Sección, Tlaq",4.0,3.0,396,https://www.aciertamax.com/property/casa-en-venta-en-el-vergel-tlaquepaque?agent=javier373&lang=es
Tlaquepaque,Departamento,VENTA,3900000,"Departamentos de 2 Recámaras en PREVENTA en Zona ITESO Paisajes del Tesoro, Tlaquepaque Depa",2.0,2.0,92,https://www.aciertamax.com/property/departamentos-de-2-recamaras-en-preventa-en-zona-iteso?agent=javier373&lang=es
Tlaquepaque,Casa en condominio,VENTA,3900000,"Casa en condominio 3 recámaras, 3 baños 135 m² Ver detalles",3.0,3.0,135,https://www.aciertamax.com/property/casa-nueva-en-venta-en-tlaquepaque-jalisco-zimalta?agent=javier373&lang=es
Tlaquepaque,Departamento,VENTA,3860459,Departamentos en preventa Las Fuentes - Panorama las Fuentes Fraccionamiento,2.0,2.0,73,https://www.aciertamax.com/property/departamentos-en-venta-panorama-las-fuentes-fraccionamiento-panorama?agent=javier373&lang=es
Tlaquepaque,Casa,VENTA,3850000,"Casa ideal para negocio en Venta Las Huertas, Tlaquepaque Casa 7 recámaras, 5 baños 250",7.0,5.0,250,https://www.aciertamax.com/property/casa-ideal-para-negocio-en-venta?agent=javier373&lang=es
Tlaquepaque,Casa en condominio,VENTA,3800000,"Casa en condominio 3 recámaras, 2 baños 136 m² Ver detalles",3.0,2.0,136,https://www.aciertamax.com/property/espectacular-casa-con-roof-garden-en-fracc-zimalta?agent=javier373&lang=es
Tlaquepaque,Casa,VENTA,3800000,,4.0,3.0,135,https://www.aciertamax.com/property/se-vende-casa-nueva-en-zimalta-residencial-pedregal-del-bosque?agent=javier373&lang=es
Tlaquepaque,Departamento,VENTA,3800000,,3.0,2.0,115,https://www.aciertamax.com/property/se-vende-departamento-en-alto-horizonte-balcones-de-santa-maria-balcones-de-santa-maria?agent=javier373&lang=es
Tlaquepaque,Casa,VENTA,3785000,,3.0,2.0,145,https://www.aciertamax.com/property/casa-venta-tossa-residencial?agent=javier373&lang=es
Tlaquepaque,Casa,VENTA,3750000,"Casa comercial en Zapopan Villas Los Cantaros, Tlaquepaque Clave interna: YARE",3.0,2.0,221,https://www.aciertamax.com/property/casa-comercial-en-zapopan?agent=javier373&lang=es
Tlaquepaque,Departamento,VENTA,3700000,,2.0,2.0,72,https://www.aciertamax.com/property/departamento-en-venta-en-tlaquepaque-jalisco-dot-living-los-altos?agent=javier373&lang=es
Tlaquepaque,Departamento,VENTA,3700000,,2.0,1.0,71.45,https://www.aciertamax.com/property/torre-esenika-sur-departamento-de-lujo-en-venta-junto-a-punto-sur?agent=javier373&lang=es
Tlaquepaque,Casa en condominio,VENTA,3699000,"Casa en condominio 3 recámaras, 3 baños 124 m² Ver detalles",3.0,3.0,124,https://www.aciertamax.com/property/estrena-tu-casa-en-kala-residencial?agent=javier373&lang=es
Tlaquepaque,Casa en condominio,VENTA,3690000,"Casa Cumbres del Prado Tlaquepaque Álamo Industrial, Tlaquepaque Casa en condominio 3 recámaras, 3 baños 114 m² Ver detalles",3.0,3.0,114,https://www.aciertamax.com/property/casa-cumbres-del-prado-tlaquepaque?agent=javier373&lang=es
Tlaquepaque,Casa en condominio,VENTA,3676000,"Casas en venta en Parques del Bosque 2da Sección Parques del Bosque,",3.0,3.0,122,https://www.aciertamax.com/property/casas-en-venta-en-parques-del-bosque-2da-seccion-parques-del-bosque?agent=javier373&lang=es
Tlaquepaque,Departamento,VENTA,3670230,"Departamento EN VENTA en Cruz del Sur Lomas de La Victoria, Tlaquepaque Departamento",2.0,2.0,78.09,https://www.aciertamax.com/property/departamento-en-venta-en-cruz-del-sur-lomas-de-la-victoria-departamento?agent=javier373&lang=es
Tlaquepaque,Departamento,VENTA,3600000,,2.0,2.0,69,https://www.aciertamax.com/property/departamento-en-venta-en-tlaquepaque-jalisco-dot-living?agent=javier373&lang=es
Tlaquepaque,Casa en condominio,VENTA,3550000,"Casa a la venta en Zimaltá Colonial Tlaquepaque, Tlaquepaque Casa en condominio",2.0,3.0,157,https://www.aciertamax.com/property/casa-a-la-venta-en-zimalta?agent=javier373&lang=es
Tlaquepaque,Casa en condominio,VENTA,3550000,Casa en Zimalta  Estudio con baño completo en planta baja Pedregal d,3.0,3.0,125,https://www.aciertamax.com/property/casa-zimalta-estudio-con-bano-completo-en-planta-baja?agent=javier373&lang=es
Tlaquepaque,Casa,VENTA,3500000,"Casa en venta en Zimaltá, dentro de coto Aracal San Pedro, Tlaquepaq",3.0,3.0,133.66,https://www.aciertamax.com/property/casa-en-venta-en-zimalta-dentro-de-coto-aracal-san-pedro?agent=javier373&lang=es
Tlaquepaque,Casa en condominio,VENTA,3500000,"Casas en Condominio Santa Anita, Tlaquepaque Casa en condominio 3 rec",3.0,3.0,160,https://www.aciertamax.com/property/pre-venta-casas-en-condominio?agent=javier373&lang=es
Tlaquepaque,Casa,VENTA,3500000,,3.0,2.0,160,https://www.aciertamax.com/property/casa-en-venta-en-zimalta-59d5914e-574a-41a9-b62b-0d3a12133eeb?agent=javier373&lang=es
Tlaquepaque,Casa en condominio,VENTA,3500000,"Casa Habitación en Venta en Residencial Valle del Sur, Tlaquepaque Valle del Su",3.0,2.0,127,https://www.aciertamax.com/property/casa-habitacion-en-venta-en-residencial-valle-del-sur-tlaquepaque?agent=javier373&lang=es
Tlaquepaque,Casa,VENTA,3500000,"Casa en Venta Santa Anita, Tlaquepaque Casa 3 recámaras, 3 baños 165",3.0,3.0,165.3,https://www.aciertamax.com/property/casa-en-venta-santa-anita-casa-en-condominio?agent=javier373&lang=es
Tlaquepaque,Departamento,VENTA,3500000,,2.0,2.0,66,https://www.aciertamax.com/property/depa-en-renta-zona-revolucion-tren-ligero-los-altos?agent=javier373&lang=es
Tlaquepaque,Departamento,VENTA,3465000,,2.0,2.0,81,https://www.aciertamax.com/property/venta-departamento-en-paisajes-del-tesoro-tlaquepaque?agent=javier373&lang=es
Tlaquepaque,Casa en condominio,VENTA,3464967,"Casa en venta en Residencial Valle del Sur Valle del Sur, Tlaquepaqu",3.0,2.0,121,https://www.aciertamax.com/property/casa-en-venta-en-residencial-valle-del-sur-valle-del-sur?agent=javier373&lang=es
Tlaquepaque,Casa en condominio,VENTA,3455500,"Casa en Venta en Parques del Bosque Tlaquepaque Parques del Bosque,",3.0,3.0,103,https://www.aciertamax.com/property/casa-en-venta-en-parques-del-bosque-tlaquepaque-adc47963-b6e5-4013-9a78-d695136ea53a?agent=javier373&lang=es
Tlaquepaque,Departamento,VENTA,3400000,,2.0,2.0,72,https://www.aciertamax.com/property/tu-mejor-decision-inmobiliaria-esta-en-bella-vittoria?agent=javier373&lang=es
Tlaquepaque,Departamento,VENTA,3400000,"Departamento en Bella Vittoria | Diseño, Confort y Seguridad Lomas de La Vic",2.0,2.0,72,https://www.aciertamax.com/property/estrena-departamento-en-bella-vittoria-diseno-confort-y-seguridad?agent=javier373&lang=es
Tlaquepaque,Departamento,VENTA,3400000,,2.0,2.0,72,https://www.aciertamax.com/property/invierte-en-bella-vittoria-2-recamaras-con-excelente-ubicacion?agent=javier373&lang=es
Tlaquepaque,Departamento,VENTA,3400000,"Departamentos Modernos con Roof Garden y Coworking en Bella Vittoria Lomas de La Victoria, Tlaquepa",2.0,2.0,73,https://www.aciertamax.com/property/departamentos-modernos-con-roof-garden-y-coworking-en-bella-vittoria-42fd5e29-7aeb-4ff0-8a3f-07e3cf342c96?agent=javier373&lang=es
Tlaquepaque,Casa,VENTA,3395000,,3.0,3.0,180,https://www.aciertamax.com/property/casa-en-venta-en-tlaquepaque-jalisco-paseos-del-ptado?agent=javier373&lang=es
Tlaquepaque,Casa en condominio,VENTA,3375000,"Casa en venta Santa Anita - Residencial Goya Santa Anita, Tlaquepaqu",3.0,2.0,121.9,https://www.aciertamax.com/property/casa-en-venta-goya-santa-anita-santa-anita?agent=javier373&lang=es
Tlaquepaque,Departamento,VENTA,3356700,"Departamento en venta en Loma Sur Habitat Balcones de Santa María, Tlaquepaq",3.0,2.0,90,https://www.aciertamax.com/property/departamento-en-venta-en-loma-sur-habitat?agent=javier373&lang=es
Tlaquepaque,Departamento,VENTA,3352980,"Departamento EN VENTA en Cruz del Sur Lomas de La Victoria, Tlaquepaque Departamento",2.0,2.0,71.34,https://www.aciertamax.com/property/departamento-en-venta-en-cruz-del-sur-lomas-de-la-victoria-tlaquepaque?agent=javier373&lang=es
Tlaquepaque,Casa,VENTA,3350000,,3.0,2.0,120,https://www.aciertamax.com/property/casa-en-venta-en-zimalta-3e221315-5eff-4e68-a4c1-aeee5b36d73f?agent=javier373&lang=es
Tlaquepaque,Departamento,VENTA,3320255,Departamentos en preventa Las Fuentes - Panorama las Fuentes Fraccionamiento,2.0,2.0,65,https://www.aciertamax.com/property/departamentos-en-venta-panorama-las-fuentes-fraccionamiento-panorama-tlaquepaque?agent=javier373&lang=es
Tlaquepaque,Casa en condominio,VENTA,3300000,"Casa en condominio 3 recámaras, 3 baños 120 m² Ver detalles",3.0,3.0,120,https://www.aciertamax.com/property/casa-fracc-la-huerta-de-pena-tlaquepaque?agent=javier373&lang=es
Tlaquepaque,Casa en condominio,VENTA,3300000,"Casa en condominio 3 recámaras, 2 baños 192 m² Ver detalles",3.0,2.0,192,https://www.aciertamax.com/property/casa-frente-a-hacienda-del-oro?agent=javier373&lang=es
Tlaquepaque,Casa,VENTA,3295000,,3.0,2.0,113,https://www.aciertamax.com/property/casa-venta-zimalta-san-pedro-tlaquepaque?agent=javier373&lang=es
Tlaquepaque,Casa en condominio,VENTA,3266202,"Casa en condominio 2 recámaras, 3 baños 122 m² Ver detalles",2.0,3.0,122,https://www.aciertamax.com/property/venta-de-casa-en-zimalta-residencial-latemar?agent=javier373&lang=es
Tlaquepaque,Casa en condominio,VENTA,3266202,"Casa en condominio 2 recámaras, 3 baños 122 m² Ver detalles",2.0,3.0,122,https://www.aciertamax.com/property/estrena-casa-en-venta-en-fraccionamiento-zimalta-pedregal-del-bosque-tlaquepaque?agent=javier373&lang=es
Tlaquepaque,Casa,VENTA,3250000,"Casa en Venta Miravalle INFONAVIT Miravalle, Tlaquepaque Casa 4 recá",4.0,2.0,125,https://www.aciertamax.com/property/casa-en-venta-miravalle-269b2111-1d26-4152-9936-0e9506ac97fa?agent=javier373&lang=es
Tlaquepaque,Casa en condominio,VENTA,3249000,"Casa en condominio 2 recámaras, 2 baños 90 m² Ver detalles",2.0,2.0,90,https://www.aciertamax.com/property/coto-3-pinos-moderna-casa-con-estudio?agent=javier373&lang=es
Tlaquepaque,Casa,VENTA,3200000,"Casa en venta, Col, las huertas, Tlaquepaque, Jal Las Huertas, Tlaqu",3.0,3.0,"1,926",https://www.aciertamax.com/property/casa-en-venta-col-las-huertas-tlaquepaque-jal?agent=javier373&lang=es
Tlaquepaque,Casa,VENTA,3200000,,3.0,3.0,120,https://www.aciertamax.com/property/casa-en-venta-en-tlaquepaque-jalisco-colonia-las-lomas?agent=javier373&lang=es
Tlaquepaque,Casa en condominio,VENTA,3181000,"Casas en venta en Parques del Bosque 2da Sección Parques del Bosque,",3.0,3.0,101,https://www.aciertamax.com/property/casas-en-venta-en-parques-del-bosque-2da-seccion-parques-del-bosque-tlaquepaque?agent=javier373&lang=es
Tlaquepaque,Casa en condominio,VENTA,3181000,"Casas en venta y preventa en Parques del Bosque San Pedro, Tlaquepaqu",3.0,3.0,101,https://www.aciertamax.com/property/casas-en-venta-y-preventa-en-parques-del-bosque?agent=javier373&lang=es
Tlaquepaque,Casa,VENTA,3152000,"Casa en Venta, Tlaquepaque Jalisco Santa Anita, Tlaquepaque Casa 3 r",3.0,2.0,115.51,https://www.aciertamax.com/property/casa-en-venta-tlaquepaque-jalisco-santa-anita?agent=javier373&lang=es
Tlaquepaque,Departamento,VENTA,3150000,Departamento en Venta,3.0,2.0,86,https://www.aciertamax.com/property/departamento-en-venta-3-150-000-00-en-condominio-alto-horizonte-torre-alba-en-c?agent=javier373&lang=es
Tlaquepaque,Casa,VENTA,3148010,"Casa en venta en Zimalta, Tlaquepaque Pedregal del Bosque, Tlaquepaq",2.0,2.0,116,https://www.aciertamax.com/property/casa-en-venta-en-zimalta-tlaquepaque-pedregal-del-bosque-casa?agent=javier373&lang=es
Tlaquepaque,Casa en condominio,VENTA,3148010,"Casa en condominio 2 recámaras, 2 baños 116.44 m² Ver detalles",2.0,2.0,116.44,https://www.aciertamax.com/property/venta-de-casa-en-zimalta-residencial?agent=javier373&lang=es
Tlaquepaque,Casa en condominio,VENTA,3148010,Casa nueva en venta en Zimaltá — ¡Lista para estrenar! Pedregal del Bosque,2.0,2.0,116.44,https://www.aciertamax.com/property/casa-nueva-en-venta-en-zimalta-lista-para-estrenar-pedregal-del-bosque?agent=javier373&lang=es
Tlaquepaque,Departamento,VENTA,3124412,,2.0,2.0,80.63,https://www.aciertamax.com/property/departamentos-en-venta-loma-sur-balcones-de-santa-maria?agent=javier373&lang=es
Tlaquepaque,Casa en condominio,VENTA,3100000,"Casa en Venta en Coto en Santa Ania Santa Anita, Tlaquepaque Casa en",2.0,3.0,,https://www.aciertamax.com/property/casa-en-venta-en-coto-en-santa-ania?agent=javier373&lang=es
Tlaquepaque,Casa,VENTA,3090000,,3.0,2.0,110,https://www.aciertamax.com/property/vive-en-coto-privado-a-3-min-de-plaza-punto-sur?agent=javier373&lang=es
Tlaquepaque,Casa en condominio,VENTA,3080000,"Casa en venta en Pedregal del Bosque, Tlaquepaque Pedregal del Bosqu",2.0,1.0,98.15,https://www.aciertamax.com/property/casa-en-venta-en-pedregal-del-bosque-tlaquepaque-53c215da-3e8c-4a71-800e-f9f0086dcd2e?agent=javier373&lang=es
Tlaquepaque,Departamento,VENTA,3060000,Departamento en Venta en ALTO HORIZONTE Balcones de Santa Maria Tlaquepaque,3.0,2.0,86,https://www.aciertamax.com/property/departamento-en-venta-en-alto-horizonte-balcones-de-santa-maria-tlaquepaque-balcones-de-santa-maria-departamento?agent=javier373&lang=es
Tlaquepaque,Casa,VENTA,3050000,,2.0,2.0,119,https://www.aciertamax.com/property/casa-atras-del-iteso-parques-del-bosque?agent=javier373&lang=es
Tlaquepaque,Departamento,VENTA,3023500,Departamento en Venta en LOMA SUR HABITAT balcones de santa maría Balcones d,2.0,2.0,68,https://www.aciertamax.com/property/departamento-en-venta-en-loma-sur-habitat-balcones-de-santa-maria?agent=javier373&lang=es
Tlaquepaque,Casa,VENTA,3000000,,10.0,3.0,322.5,https://www.aciertamax.com/property/propiedad-en-venta-jardines-de-la-paz-tlaquepaque-jardines-de-la-paz?agent=javier373&lang=es
Tlaquepaque,Casa en condominio,VENTA,3000000,"Casa en Coto en Venta en Tlaquepaque Lomas Del 4, Tlaquepaque Casa e",4.0,3.0,160,https://www.aciertamax.com/property/casa-en-coto-en-venta-en-tlaquepaque?agent=javier373&lang=es
Tlaquepaque,Casa en condominio,VENTA,2990000,Casa en Venta en Fraccionamiento Zimalta Tlaquepaque Las Terrazas Re,2.0,2.0,119.42,https://www.aciertamax.com/property/casa-en-venta-en-fraccionamiento-zimalta-tlaquepaque?agent=javier373&lang=es
Tlaquepaque,Casa en condominio,VENTA,2990000,"Casa en venta dentro de coto en Tlaquepaque Lomas Del 4, Tlaquepaque",3.0,2.0,130,https://www.aciertamax.com/property/casa-en-venta-dentro-de-coto-en-tlaquepaque-lomas-del-4?agent=javier373&lang=es
Tlaquepaque,Casa en condominio,VENTA,2990000,"Casa en Venta Zimaltá Residencial Pedregal del Bosque, Tlaquepaque C",3.0,3.0,135,https://www.aciertamax.com/property/casa-en-venta-zimalta-residencial?agent=javier373&lang=es
Tlaquepaque,Casa,VENTA,2990000,,3.0,2.0,110,https://www.aciertamax.com/property/bonita-casa-en-venta-loreto-tlaquepaque?agent=javier373&lang=es
Tlaquepaque,Casa en condominio,VENTA,2987400,"Casa en condominio 2 recámaras, 3 baños 104.5 m² Ver detalles",2.0,3.0,104.5,https://www.aciertamax.com/property/venta-de-casa-en-zimalta-residencial-batian?agent=javier373&lang=es
Tlaquepaque,Departamento,VENTA,2982236,,2.0,2.0,77.26,https://www.aciertamax.com/property/departamentos-en-venta-loma-sur?agent=javier373&lang=es
Tlaquepaque,Casa,VENTA,2977330,,3.0,2.0,128,https://www.aciertamax.com/property/fracc-zimalta?agent=javier373&lang=es
Tlaquepaque,Departamento,VENTA,2900000,,2.0,2.0,68.4,https://www.aciertamax.com/property/depa-en-venta-2-recamaras-en-piso-1?agent=javier373&lang=es
Tlaquepaque,Departamento,VENTA,2862370,,2.0,2.0,73,https://www.aciertamax.com/property/venta-de-departamento-en-loma-sur-san-pedro?agent=javier373&lang=es
Tlaquepaque,Departamento,VENTA,2862370,,2.0,2.0,72.1,https://www.aciertamax.com/property/departamentos-nuevos-balcones-de-santa-maria?agent=javier373&lang=es
Tlaquepaque,Departamento,VENTA,2850000,,2.0,1.0,85,https://www.aciertamax.com/property/departamento-cerca-del-iteso-parques-del-bosque?agent=javier373&lang=es
Tlaquepaque,Casa,VENTA,2850000,,2.0,1.0,66,https://www.aciertamax.com/property/se-vende-casa-en-esquina-en-parques-tlaquepaque?agent=javier373&lang=es
Tlaquepaque,Casa en condominio,VENTA,2850000,"Casa en condominio 5 recámaras, 3 baños 170 m² Ver detalles",5.0,3.0,170,https://www.aciertamax.com/property/casa-en-venta-en-fraccionamiento-la-llave?agent=javier373&lang=es
Tlaquepaque,Casa,VENTA,2800000,"Casa en Venta en colonia Solidaridad La Duraznera, Tlaquepaque Casa",5.0,3.0,368,https://www.aciertamax.com/property/casa-en-venta-en-la-duraznera?agent=javier373&lang=es
Tlaquepaque,Casa en condominio,VENTA,2700000,"Casa en venta en Paseo de lo Parques Paseo de los Parques, Tlaquepaq",2.0,2.0,81,https://www.aciertamax.com/property/casa-en-venta-en-paseo-de-lo-parques?agent=javier373&lang=es
Tlaquepaque,Casa,VENTA,2690000,"Casa en Venta en Quintas Tlaquepaque Las Huertas, Tlaquepaque Casa 3",3.0,2.0,200,https://www.aciertamax.com/property/casa-en-venta-en-quintas-tlaquepaque-las-huertas?agent=javier373&lang=es
Tlaquepaque,Casa en condominio,VENTA,2650000,"Casa en Venta – Coto Fernando VII, San Pedro Tlaquepaque Geovillas d",3.0,1.0,113,https://www.aciertamax.com/property/casa-en-venta-coto-fernando-vii-san-pedro-tlaquepaque?agent=javier373&lang=es
Tlaquepaque,Departamento,VENTA,2630000,"Departamento en Venta Loma Sur ,Tlaquepaque, Jal Balcones de Santa María, Tl",2.0,2.0,67.1,https://www.aciertamax.com/property/departamento-en-venta-loma-sur-tlaquepaque-jal?agent=javier373&lang=es
Tlaquepaque,Departamento,VENTA,2600000,"Departamento en Venta Revolucionaria Unidad, Tlaquepaque Departamento 2 recá",2.0,2.0,67,https://www.aciertamax.com/property/oportunidad-departamento-en-venta-revolucionaria-unidad?agent=javier373&lang=es
Tlaquepaque,Departamento,VENTA,2600000,"Departamento en Venta Revolucionaria Unidad, Tlaquepaque Departamento 2 recá",2.0,2.0,67,https://www.aciertamax.com/property/departamento-en-venta-en-el-corazon-de-tlaquepaque-prados-tlaquepaque?agent=javier373&lang=es
Tlaquepaque,Departamento,VENTA,2600000,"Departamento en Venta Revolucionaria Unidad, Tlaquepaque Departamento 2 recá",2.0,2.0,67,https://www.aciertamax.com/property/departamento-en-venta-en-el-corazon-de-tlaquepaque?agent=javier373&lang=es
Tlaquepaque,Departamento,VENTA,2599925,,3.0,2.0,120,https://www.aciertamax.com/property/nuevo-departamento-modelo-mirito-jardin-los-arrayanes-tlaquepaque-jal?agent=javier373&lang=es
Tlaquepaque,Casa,VENTA,2590000,"Casa de 3 Niveles en Tlaquepaque🏠🏡 ✨ Alameda, Tlaquepaque Casa 3 recámaras, 2 bañ",3.0,2.0,114,https://www.aciertamax.com/property/precio-de-oportunidad-bonita-casa-de-3-niveles-en-tlaquepaque?agent=javier373&lang=es
Tlaquepaque,Casa en condominio,VENTA,2571580,"Casa en venta en Paseo de los Parques Paseo de los Parques, Tlaquepa",3.0,2.0,82,https://www.aciertamax.com/property/casa-en-venta-en-paseo-de-los-parques-paseo-de-los-parques-casa-en-condominio?agent=javier373&lang=es
Tlaquepaque,Casa,VENTA,2550000,,2.0,1.0,85,https://www.aciertamax.com/property/casa-en-venta-loreto-tlaquepaque?agent=javier373&lang=es
Tlaquepaque,Casa en condominio,VENTA,2495000,"Casa en Venta en Jardines de Miraflores, Tlaquepaque! Jardines de Mi",3.0,2.0,100,https://www.aciertamax.com/property/casa-en-venta-en-jardines-de-miraflores-tlaquepaque-jardines-de-miraflores-casa-en-condominio?agent=javier373&lang=es
Tlaquepaque,Casa en condominio,VENTA,2488000,"Casa en venta con recámara en planta baja, Tlaquepaque (Residencial",3.0,3.0,124,https://www.aciertamax.com/property/casa-en-venta-con-recamara-en-planta-baja-tlaquepaque-residencial-las-lomas?agent=javier373&lang=es
Tlaquepaque,Casa en condominio,VENTA,2450000,"Casa en condominio 2 recámaras, 1 baño 88 m² Ver detalles",2.0,1.0,88,https://www.aciertamax.com/property/casa-en-venta-en-fraccionamiento-loreto-a-solo-5-minutos-de-plaza-punto-sur?agent=javier373&lang=es
Tlaquepaque,Departamento,VENTA,2402000,"Departamento en venta Balcones de Santa María, Tlaquepaque Departamento 2 re",2.0,1.0,64,https://www.aciertamax.com/property/alto-horizonte-balcones-de-santa-maria-departamento-en-venta?agent=javier373&lang=es
Tlaquepaque,Casa,VENTA,2390000,,4.0,3.0,123.33,https://www.aciertamax.com/property/casa-en-venta-en-parques-de-santa-cruz-del-valle-parques-santa-cruz-del-valle-casa?agent=javier373&lang=es
Tlaquepaque,Casa,VENTA,2320000,"Casa en Venta en Parques Colón, Tlaquepaque! Parques de Colon, Tlaqu",3.0,1.0,100,https://www.aciertamax.com/property/casa-en-venta-en-parques-colon-tlaquepaque-b51da2d2-fca1-4bec-8ef0-84b1905a79ee?agent=javier373&lang=es
Tlaquepaque,Departamento,VENTA,2300000,"Departamento en Venta en Terralta, San Pedro Tlaquepaque Terralta, Tlaquepaq",2.0,2.0,73,https://www.aciertamax.com/property/departamento-en-venta-en-terralta-san-pedro-tia?agent=javier373&lang=es
Tlaquepaque,Departamento,VENTA,2268630,,2.0,2.0,99,https://www.aciertamax.com/property/nuevo-departamento-modelo-luma-los-arrayanes-tlaquepaque-jal?agent=javier373&lang=es
Tlaquepaque,Departamento,VENTA,2256000,,2.0,2.0,101,https://www.aciertamax.com/property/nuevo-departamento-modelo-salvia-jardin-los-arrayanes-tlaquepaque-jal?agent=javier373&lang=es
Tlaquepaque,Casa en condominio,VENTA,2250000,Casa en Venta en Fraccionamiento Loreto – A 5 minutos de Plaza Punto,2.0,1.0,102,https://www.aciertamax.com/property/casa-en-venta-en-fraccionamiento-loreto-a-5-minutos-de-plaza-punto-sur?agent=javier373&lang=es
Tlaquepaque,Casa en condominio,VENTA,2240000,"Casa en condominio 3 recámaras, 2 baños 129 m² Ver detalles",3.0,2.0,129,https://www.aciertamax.com/property/casa-en-venta-en-tlaquepaque-jalisco-fracc-villa-fontana-villa-fontana?agent=javier373&lang=es
Tlaquepaque,Casa,VENTA,2200000,,3.0,2.0,184,https://www.aciertamax.com/property/casa-sobre-av-jesus-michel-gdl-sur-excelente-ubicacion?agent=javier373&lang=es
Tlaquepaque,Casa,VENTA,2200000,"Casa en Venta en Tlaquepaque, Fracc Alberos Residencial El Vergel 1r",3.0,2.0,106.49,https://www.aciertamax.com/property/casa-en-venta-2-200-000-00-en-fracc-alberos-residencial-en-tlaquepaque-jalisc?agent=javier373&lang=es
Tlaquepaque,Casa,VENTA,2150000,Casa en venta en Fraccionamiento Privado en San Pedro Tlaquepaque Ce,3.0,3.0,103.5,https://www.aciertamax.com/property/casa-en-venta-en-fraccionamiento-privado-en-san-pedro-tlaquepaque?agent=javier373&lang=es
Tlaquepaque,Departamento,VENTA,2150000,,2.0,2.0,66,https://www.aciertamax.com/property/san-pedro-de-tlaquepaque-departamento-en-venta-altosur-coto-monte-aconcagua?agent=javier373&lang=es
Tlaquepaque,Departamento,VENTA,2067764,,3.0,2.0,72,https://www.aciertamax.com/property/nuevo-departamento-modelo-mirito-los-arrayanes-tlaquepaque-jal?agent=javier373&lang=es
Tlaquepaque,Departamento,VENTA,2020000,"Departamento en venta en Las Nubes Residencial Terralta, Tlaquepaque Departa",2.0,2.0,59.6,https://www.aciertamax.com/property/departamento-en-venta-en-las-nubes-residencial-terralta?agent=javier373&lang=es
Tlaquepaque,Departamento,VENTA,2000000,"Departamento en Venta en Alto Sur Planta Baja con Amenidades Terralta, Tlaqu",2.0,1.0,54.39,https://www.aciertamax.com/property/departamento-en-venta-en-alto-sur-planta-baja-con-amenidades-el-rocio-departamento?agent=javier373&lang=es
Tonalá,Casa,VENTA,19900000,,7.0,7.0,600,https://www.aciertamax.com/property/propiedad-en-tonala-centro-ojo-inversionistas?agent=javier373&lang=es
Tonalá,Casa,VENTA,14000000,"Casa en Venta en  La Providencia en Tonalá La Providencia, Tonalá Ca",6.0,6.0,835,https://www.aciertamax.com/property/casa-en-venta-en-la-providencia-en-tonala?agent=javier373&lang=es
Tonalá,Casa,VENTA,9900000,,5.0,3.0,245,https://www.aciertamax.com/property/oportunidad-unica-de-inversion-en-tonala?agent=javier373&lang=es
Tonalá,Casa,VENTA,7950000,,3.0,4.0,468,https://www.aciertamax.com/property/casa-venta-santa-rosa-tonala?agent=javier373&lang=es
Tonalá,Casa,VENTA,6400000,,2.0,2.0,304,https://www.aciertamax.com/property/casa-de-campo-con-alberca-pedregal-de-santa-marta?agent=javier373&lang=es
Tonalá,Casa,VENTA,5500000,,4.0,4.0,290,https://www.aciertamax.com/property/casa-de-tres-niveles-en-la-providencia-tonala?agent=javier373&lang=es
Tonalá,Departamento,VENTA,5285000,"Departamentos en venta en Loma Dorada Secc C, Tonalá Loma Dorada Secc C, Tona",4.0,2.0,311,https://www.aciertamax.com/property/departamento-en-venta-en-loma-dorada-secc-c-tonala?agent=javier373&lang=es
Tonalá,Casa,VENTA,5280000,,3.0,3.0,240,https://www.aciertamax.com/property/tonala-centro-casa-muy-amplia-en-venta-la-comolea-casa?agent=javier373&lang=es
Tonalá,Casa,VENTA,4850000,"Casa en venta Prados de la Cruz. Tonalá Coyula, Tonalá Casa 4 recáma",4.0,2.0,456,https://www.aciertamax.com/property/casa-en-venta-prados-de-la-cruz-tonala?agent=javier373&lang=es
Tonalá,Casa,VENTA,4500000,,3.0,3.0,215,https://www.aciertamax.com/property/casa-con-terraza-santa-rosa-tonala?agent=javier373&lang=es
Tonalá,Casa,VENTA,4368000,"Casa en venta en Loma Dorada, Tonalá, Jal. Loma Dorada Secc A, Tonal",5.0,3.0,240,https://www.aciertamax.com/property/casa-en-venta-en-loma-dorada-tonala-jal-loma-dorada-secc-a-tonala?agent=javier373&lang=es
Tonalá,Casa,VENTA,4200000,,3.0,2.0,148,https://www.aciertamax.com/property/casa-en-venta-villas-de-oriente-tonala-jalisco?agent=javier373&lang=es
Tonalá,Casa en condominio,VENTA,3900000,"Casa en Venta, Coto Parían , Hacienda real, Tonalá, Jal Hacienda Del",6.0,4.0,192.4,https://www.aciertamax.com/property/casa-en-venta-coto-parian-hacienda-real-tonala-jal?agent=javier373&lang=es
Tonalá,Casa,VENTA,3700000,,3.0,2.0,381,https://www.aciertamax.com/property/propiedad-en-venta-en-tonala-jalisco-colonia-hipodromo?agent=javier373&lang=es
Tonalá,Casa,VENTA,3672000,"Casa en venta en Educadores Jaliscienses Educadores Jaliscienses, To",4.0,3.0,162,https://www.aciertamax.com/property/casa-en-venta-en-educadores-jaliscienses?agent=javier373&lang=es
Tonalá,Casa,VENTA,3542240,,3.0,3.0,155,https://www.aciertamax.com/property/casa-en-venta-modelo-e-lomas-tonala?agent=javier373&lang=es
Tonalá,Casa,VENTA,3345000,,3.0,2.0,220,https://www.aciertamax.com/property/casa-en-venta-en-tonala-jalisco-fraccionamiento-potrero-de-san-francisco?agent=javier373&lang=es
Tonalá,Casa,VENTA,3300000,,3.0,2.0,138,https://www.aciertamax.com/property/casa-venta-loma-dorada-tonala-loma-dorada-secc-b?agent=javier373&lang=es
Tonalá,Casa,VENTA,3280000,,3.0,2.0,240,https://www.aciertamax.com/property/casa-en-venta-en-tonala-jalisco-lomas-del-manantial?agent=javier373&lang=es
Tonalá,Casa,VENTA,3250000,"Casa en Venta en La Providencia Tonala La Providencia, Tonalá Casa 3",3.0,3.0,180,https://www.aciertamax.com/property/casa-en-venta-en-la-providencia-tonala-la-providencia-tonala?agent=javier373&lang=es
Tonalá,Casa,VENTA,3200000,"Casa en Venta Tonala Arboleda Tonala, Tonalá Casa 4 recámaras, 2 bañ",4.0,2.0,158,https://www.aciertamax.com/property/casa-en-venta-tonala-arboleda-tonala-tonala?agent=javier373&lang=es
Tonalá,Casa,VENTA,3195000,,3.0,2.0,126,https://www.aciertamax.com/property/casa-en-venta-en-loma-dorada-009ba53a-0332-40c5-8608-ca35218bbc44?agent=javier373&lang=es
Tonalá,Casa,VENTA,3155000,,5.0,3.0,226.83,https://www.aciertamax.com/property/bosques-de-tonala-seccion-i-tonala-jalisco?agent=javier373&lang=es
Tonalá,Casa,VENTA,3112650,,3.0,2.0,131,https://www.aciertamax.com/property/casa-en-venta-modelo-a-en-lomas-tonala?agent=javier373&lang=es
Tonalá,Casa en condominio,VENTA,2980000,"Casa en condominio 3 recámaras, 1 baño 130 m² Ver detalles",3.0,1.0,130,https://www.aciertamax.com/property/casa-en-venta-en-toanala-jalisco-fraccionamiento-el-moral-reserva-residencial?agent=javier373&lang=es
Tonalá,Casa,VENTA,2922400,,3.0,2.0,137,https://www.aciertamax.com/property/casa-en-venta-tipo-c-en-lomas-tonala?agent=javier373&lang=es
Tonalá,Casa,VENTA,2900000,,2.0,3.0,270,https://www.aciertamax.com/property/casa-en-el-pedregal-tonala?agent=javier373&lang=es
Tonalá,Casa en condominio,VENTA,2800000,"Casa en condominio 2 recámaras, 2 baños 140 m² Ver detalles",2.0,2.0,140,https://www.aciertamax.com/property/casa-recien-remodelada-en-fraccionamiento-colinas-de-tonala?agent=javier373&lang=es
Tonalá,Casa,VENTA,2780000,"Casa en Venta Fracc. Los Pinos - Tonalá Los Pinos, Tonalá Casa 4 rec",4.0,4.0,185,https://www.aciertamax.com/property/casa-en-venta-fracc-los-pinos-tonala?agent=javier373&lang=es
Tonalá,Casa,VENTA,2660000,,6.0,4.0,280,https://www.aciertamax.com/property/casa-tonala-jalisco-2a-seccion?agent=javier373&lang=es
Tonalá,Casa,VENTA,2655000,,2.0,2.0,163.56,https://www.aciertamax.com/property/casa-en-venta-en-loma-dorada-tonala-59dcdb00-f458-4732-9833-7e159df1ff47?agent=javier373&lang=es
Tonalá,Casa,VENTA,2650000,,3.0,2.0,180,https://www.aciertamax.com/property/hermosa-y-moderna-casa-nueva-en-venta-en-valle-de-coyula-en-tonala?agent=javier373&lang=es
Tonalá,Casa,VENTA,2599000,,4.0,2.0,126,https://www.aciertamax.com/property/amplia-casa-en-venta-col-sta-paula-tonala?agent=javier373&lang=es
Tonalá,Casa,VENTA,2540000,Casa en Venta a Unos Minutos de La Zona Comercial de Tonalá Buenos A,3.0,1.0,110,https://www.aciertamax.com/property/casa-en-venta-col-buenos-aires-tonala?agent=javier373&lang=es
Tonalá,Casa,VENTA,2500000,"Casa en Venta en Jauja, Tonalá,  Jalisco Jauja, Tonalá Casa 3 recáma",3.0,2.0,175,https://www.aciertamax.com/property/hermosa-casa-en-venta-en-jauja-tonala-jalisco?agent=javier373&lang=es
Tonalá,Casa,VENTA,2500000,,2.0,,173,https://www.aciertamax.com/property/vendo-casa-en-colonia-la-hortaliza-tonala-jalisco?agent=javier373&lang=es
Tonalá,Casa en condominio,VENTA,2290000,"Casa en condominio 3 recámaras, 3 baños 102 m² Ver detalles",3.0,3.0,102,https://www.aciertamax.com/property/tonala-casa-en-coto-agua-azul-residencial-santa-cruz-de-las-huertas-casa-en-condominio?agent=javier373&lang=es
Tonalá,Casa,VENTA,2239000,,3.0,1.0,120,https://www.aciertamax.com/property/bonita-casa-en-coto-privado-en-tonala?agent=javier373&lang=es
Tonalá,Casa,VENTA,2200000,"Casa en Venta en Tonalá, Fracc. Colinas de Tonalá Colinas de Tonalá,",3.0,2.0,73,https://www.aciertamax.com/property/casa-en-venta-en-1-900-000-00-en-coto-privado-fracc-colinas-de-tonala-en-tona?agent=javier373&lang=es
Tonalá,Casa,VENTA,2135000,,3.0,1.0,100,https://www.aciertamax.com/property/loma-bonita-tonala-casa-recien-detallada-loma-bonita-1a-seccion-casa?agent=javier373&lang=es
Tonalá,Casa,VENTA,2090000,Casa en venta en Fraccionamiento Privado en San Pedro Tlaquepaque Ci,3.0,3.0,103.5,https://www.aciertamax.com/property/casa-en-venta-en-fraccionamiento-privado-en-san-pedro-tlaquepaque-cerro-del-jaguey?agent=javier373&lang=es
Zapopan,Casa,VENTA,72000000,,4.0,4.0,708,https://www.aciertamax.com/property/casa-venta-colinas-de-san-javier-11091830-2e4d-451b-a9b4-e6ec476a4fd0?agent=javier373&lang=es
Zapopan,Casa en condominio,VENTA,70000000,"Casa en condominio 5 recámaras, 5 baños 1,200 m² Ver detalles",5.0,5.0,"1,200",https://www.aciertamax.com/property/lujosa-casa-en-venta-en-ayamonte?agent=javier373&lang=es
Zapopan,Casa en condominio,VENTA,70000000,"Casa Obra de Arte en Venta en Ayamonte Ayamonte, Zapopan Casa en condominio 3 rec",3.0,5.0,"1,000",https://www.aciertamax.com/property/casa-obra-de-arte-en-venta-en-ayamonte?agent=javier373&lang=es
Zapopan,Casa,VENTA,68000000,"Casa Toscana en el Corazón de Puerta de Hierro Puerta de Hierro, Zapopan Cas",3.0,3.0,850,https://www.aciertamax.com/property/casa-toscana-en-el-corazon-de-puerta-de-hierro?agent=javier373&lang=es
Zapopan,Departamento,VENTA,65000000,,4.0,7.0,"1,235",https://www.aciertamax.com/property/departamento-exclusivo-de-lujo-en-zotogrande?agent=javier373&lang=es
Zapopan,Casa en condominio,VENTA,65000000,"Casa en condominio 4 recámaras, 7 baños 550 m² Ver detalles",4.0,7.0,550,https://www.aciertamax.com/property/exclusivo-y-lujoso-departamento-en-zotogrande?agent=javier373&lang=es
Zapopan,Casa,VENTA,58000000,,3.0,4.0,800,https://www.aciertamax.com/property/hermosa-residencia-venta-los-frailes?agent=javier373&lang=es
Zapopan,Casa,VENTA,56460000,"Casa en Venta en Ciudad Bugambilias Ciudad Bugambilia, Zapopan Casa",5.0,5.0,"1,215",https://www.aciertamax.com/property/casa-en-venta-en-ciudad-bugambilias-da3dbdc2-91af-4b8e-b5ca-f246b7ebf2fd?agent=javier373&lang=es
Zapopan,Casa,VENTA,54000000,,3.0,4.0,720,https://www.aciertamax.com/property/oferta-exclusiva-casa-de-lujo-amueblada-en-valle-real?agent=javier373&lang=es
Zapopan,Casa,VENTA,52500000,,5.0,6.0,"1,152",https://www.aciertamax.com/property/moderna-residencia-en-venta-en-las-canadas?agent=javier373&lang=es
Zapopan,Casa en condominio,VENTA,52000000,"Casa en condominio 4 recámaras, 4 baños 612 m² Ver detalles",4.0,4.0,612,https://www.aciertamax.com/property/casa-en-venta-o-renta-en-exclusivo-coto?agent=javier373&lang=es
Zapopan,Casa en condominio,VENTA,50255000,"Casa en Venta Coto Colinas de San Javier Colinas de San Javier, Zapo",4.0,4.0,648,https://www.aciertamax.com/property/casa-en-venta-coto-colinas-de-san-javier-99c65258-e29a-40ff-9e0b-abaac487aadf?agent=javier373&lang=es
Zapopan,Casa en condominio,VENTA,50000000,"Casa en condominio 5 recámaras, 7 baños 1,057 m² Ver detalles",5.0,7.0,"1,057",https://www.aciertamax.com/property/amplia-residencia-venta-valle-real?agent=javier373&lang=es
Zapopan,Casa,VENTA,50000000,"Casa en venta en Acueducto Lomas Del Bosque, Zapopan Casa 3 recámara",3.0,4.0,670,https://www.aciertamax.com/property/casa-en-venta-en-acueducto?agent=javier373&lang=es
Zapopan,Casa en condominio,VENTA,49500000,"Casa en condominio 4 recámaras, 5 baños 788.9 m² Ver detalles",4.0,5.0,788.9,https://www.aciertamax.com/property/residencia-en-venta-en-puerta-de-hierro-fce13732-3bcb-41d2-bd5c-e5fd774bcf80?agent=javier373&lang=es
Zapopan,Casa,VENTA,48900000,,3.0,4.0,"1,200",https://www.aciertamax.com/property/amplia-residencia-de-una-planta-en-venta-villa-universitaria?agent=javier373&lang=es
Zapopan,Casa en condominio,VENTA,47500000,"Casa en condominio 4 recámaras, 5 baños 955.5 m² Ver detalles",4.0,5.0,955.5,https://www.aciertamax.com/property/residencia-en-venta-renta-puerta-hierro?agent=javier373&lang=es
Zapopan,Casa,VENTA,47500000,"Casa en venta en Colinas de San Javier, Zapopan Colinas de San Javie",3.0,5.0,904,https://www.aciertamax.com/property/residencia-de-oportunidad-en-venta-en-colinas-de-san-javier-zapopan?agent=javier373&lang=es
Zapopan,Casa,VENTA,46000000,,4.0,4.0,509,https://www.aciertamax.com/property/casa-en-venta-colinas-de-san-javier-b2a02ca7-6d5e-473e-8c0d-10d1ad7f4d7c?agent=javier373&lang=es
Zapopan,Casa en condominio,VENTA,45400000,"Casa en condominio 4 recámaras, 5 baños 642 m² Ver detalles",4.0,5.0,642,https://www.aciertamax.com/property/casa-en-esquina-en-venta-en-puerta-plata?agent=javier373&lang=es
Zapopan,Casa en condominio,VENTA,45400000,"Casa en condominio 4 recámaras, 5 baños 642 m² Ver detalles",4.0,5.0,642,https://www.aciertamax.com/property/residencia-de-lujo-en-esquina-frente-a-parque-en-venta-en-puerta-plata?agent=javier373&lang=es
Zapopan,Casa,VENTA,45000000,,9.0,10.0,538.02,https://www.aciertamax.com/property/casa-en-las-fuentes-1103c2d7-ca42-4d36-a9ff-e4acb8bc41ed?agent=javier373&lang=es
Zapopan,Casa en condominio,VENTA,45000000,"Casa en condominio 4 recámaras, 4 baños 663 m² Ver detalles",4.0,4.0,663,https://www.aciertamax.com/property/hermosa-casa-en-venta-en-coto-los-sauces?agent=javier373&lang=es
Zapopan,Casa,VENTA,45000000,Casa en Venta en Ciudad del Sol  en Zapopan y alberca Ciudad Del Sol,5.0,6.0,700,https://www.aciertamax.com/property/casa-en-venta-en-ciudad-del-sol-en-zapopan-y-alberca-ciudad-del-sol?agent=javier373&lang=es
Zapopan,Casa en condominio,VENTA,44900000,"Casa a Estrenar en Valle Real Valle Real, Zapopan Casa en condominio 5 recámara",5.0,6.0,800,https://www.aciertamax.com/property/casa-a-estrenar-en-valle-real-valle-real?agent=javier373&lang=es
Zapopan,Casa,VENTA,43850000,"Casa en venta en Puerta de Hierro | Zapopan Puerta de Hierro, Zapopa",4.0,5.0,600,https://www.aciertamax.com/property/casa-en-venta-en-puerta-de-hierro-zapopan-58b6542d-4085-4f11-9a0b-d2b6aefe131c?agent=javier373&lang=es
Zapopan,Departamento,VENTA,43850000,"Casa en venta en Puerta de Hierro | Zapopan Puerta de Hierro, Zapopa",4.0,5.0,600,https://www.aciertamax.com/property/departamento-de-2-habitaciones-en-zapopan?agent=javier373&lang=es
Zapopan,Departamento,VENTA,43850000,"Casa en venta en Puerta de Hierro | Zapopan Puerta de Hierro, Zapopa",4.0,5.0,600,https://www.aciertamax.com/property/depas-en-preventa-en-duovento-guadalupe?agent=javier373&lang=es
Zapopan,Casa en condominio,VENTA,42800000,"Casa en Valle Real Valle Real, Zapopan Clave interna: VALLEVENECIA C",4.0,4.0,525,https://www.aciertamax.com/property/moderna-casa-en-valle-real?agent=javier373&lang=es
Zapopan,Casa en condominio,VENTA,42800000,"Casa en condominio 5 recámaras, 6 baños 770 m² Ver detalles",5.0,6.0,770,https://www.aciertamax.com/property/residencia-en-venta-en-puerta-las-lomas-c685ab98-8288-4b45-8fa8-97be2580796e?agent=javier373&lang=es
Zapopan,Casa en condominio,VENTA,42500000,"Casa en condominio 3 recámaras, 4 baños 600 m² Ver detalles",3.0,4.0,600,https://www.aciertamax.com/property/residencia-de-lujo-en-venta-en-puerta-aqua?agent=javier373&lang=es
Zapopan,Casa en condominio,VENTA,41900000,"Casa en Venta en Esquina en Puerta Las Lomas Puerta las Lomas, Zapop",5.0,5.0,764,https://www.aciertamax.com/property/casa-en-venta-en-esquina-en-puerta-las-lomas?agent=javier373&lang=es
Zapopan,Casa,VENTA,40000000,,4.0,5.0,700,https://www.aciertamax.com/property/casa-en-venta-en-paseo-lomas-altas?agent=javier373&lang=es
Zapopan,Casa en condominio,VENTA,40000000,"Casa en condominio 5 recámaras, 7 baños 843 m² Ver detalles",5.0,7.0,843,https://www.aciertamax.com/property/casa-puerta-las-lomas-puerta-las-lomas-zapopan?agent=javier373&lang=es
Zapopan,Departamento,VENTA,39950000,,5.0,5.0,340,https://www.aciertamax.com/property/venta-departamento-de-lujo-con-las-mejores-vistas-landmark-reserve-puerta-de-hierro?agent=javier373&lang=es
Zapopan,Casa,VENTA,39900000,,4.0,5.0,630,https://www.aciertamax.com/property/casa-en-venta-puerta-de-hierro-zapopan-jalisco-9515ff8b-b447-458b-81f2-b74cf2738faf?agent=javier373&lang=es
Zapopan,Casa en condominio,VENTA,37700000,"Casa en condominio 4 recámaras, 5 baños 538.27 m² Ver detalles",4.0,5.0,538.27,https://www.aciertamax.com/property/casa-en-venta-en-lomas-del-bosque-03eb2675-be08-4965-ab05-15132dc91942?agent=javier373&lang=es
Zapopan,Casa en condominio,VENTA,37000000,"Casa en condominio 5 recámaras, 5 baños 740 m² Ver detalles",5.0,5.0,740,https://www.aciertamax.com/property/residencia-de-lujo-con-vista-al-lago-en-bosque-de-los-lagos?agent=javier373&lang=es
Zapopan,Casa en condominio,VENTA,36500000,Casa en Venta / Renta Fraccionamiento Puerta Las Lomas Puerta las Lo,6.0,7.0,540,https://www.aciertamax.com/property/casa-en-venta-renta-fraccionamiento-puerta-las-lomas-puerta-las-lomas?agent=javier373&lang=es
Zapopan,Casa en condominio,VENTA,36000000,"Casa en condominio 6 recámaras, 8 baños 880 m² Ver detalles",6.0,8.0,880,https://www.aciertamax.com/property/increible-casa-en-venta-en-rinconada-del-bosque?agent=javier373&lang=es
Zapopan,Casa en condominio,VENTA,35000000,"Casa en condominio 4 recámaras, 4 baños 654 m² Ver detalles",4.0,4.0,654,https://www.aciertamax.com/property/residencia-de-lujo-en-puerta-las-lomas-puerta-las-lomas-zapopan?agent=javier373&lang=es
Zapopan,Casa,VENTA,34980000,"Casa en venta en Jardines del Sol Jardines Del Sol, Zapopan Clave in",6.0,6.0,836,https://www.aciertamax.com/property/casa-en-venta-en-jardines-del-sol-49a7a50b-ae6c-4829-a790-0f664cfb2f01?agent=javier373&lang=es
Zapopan,Casa en condominio,VENTA,34900000,"Casa en condominio 4 recámaras, 5 baños 640 m² Ver detalles",4.0,5.0,640,https://www.aciertamax.com/property/residencia-en-preventa-en-puerta-las-lomas?agent=javier373&lang=es
Zapopan,Casa en condominio,VENTA,33500000,"Casa en condominio 4 recámaras, 5 baños 475 m² Ver detalles",4.0,5.0,475,https://www.aciertamax.com/property/espectacular-casa-en-venta-en-puerta-plata?agent=javier373&lang=es
Zapopan,Casa en condominio,VENTA,33500000,"Casa en Venta en Puerta Plata Puerta Plata, Zapopan Casa en condomin",4.0,5.0,475,https://www.aciertamax.com/property/casa-en-venta-en-puerta-plata-99e44acb-f6b1-4177-8a62-1e6f0ee8d036?agent=javier373&lang=es
Zapopan,Casa,VENTA,33000000,"Casa a Estrenar en Venta en Puerta del Bosque Puerta del Bosque, Zapopan Casa 4",4.0,7.0,610,https://www.aciertamax.com/property/casa-a-estrenar-en-venta-en-puerta-del-bosque?agent=javier373&lang=es
Zapopan,Casa,VENTA,33000000,,5.0,5.0,614,https://www.aciertamax.com/property/casa-en-venta-puerta-del-bosque-puerta-de-hierro-zapopan-jalisco?agent=javier373&lang=es
Zapopan,Casa en condominio,VENTA,32980000,"Casa en condominio 3 recámaras, 3 baños 496 m² Ver detalles",3.0,3.0,496,https://www.aciertamax.com/property/residencia-de-lujo-en-zona-andares?agent=javier373&lang=es
Zapopan,Casa en condominio,VENTA,32500000,"Casa en venta en pontevedra Pontevedra, Zapopan Casa en condominio 4",4.0,5.0,606,https://www.aciertamax.com/property/casa-en-venta-en-pontevedra-7dacda95-ed07-4d6a-ba28-648aa1978a2e?agent=javier373&lang=es
Zapopan,Casa en condominio,VENTA,32489000,Casa en Esquina en Venta en Extremadura Puerta de Hierro Puerta de H,4.0,5.0,445,https://www.aciertamax.com/property/casa-en-esquina-en-venta-en-extremadura-puerta-de-hierro?agent=javier373&lang=es
Zapopan,Casa,VENTA,32489000,,4.0,4.0,560,https://www.aciertamax.com/property/casa-en-venta-puerta-de-hierro-zapopan-jalisco-67e90339-93d8-4a24-ab1b-846d0618fd04?agent=javier373&lang=es
Zapopan,Casa,VENTA,32000000,,4.0,3.0,750,https://www.aciertamax.com/property/venta-de-residencia-en-lomas-del-valle-zapopan-jal?agent=javier373&lang=es
Zapopan,Casa en condominio,VENTA,32000000,"Casa en condominio 4 recámaras, 3 baños 750 m² Ver detalles",4.0,3.0,750,https://www.aciertamax.com/property/hermosa-residencia-en-venta-en-lomas-del-valle-lomas-del-valle-zapopan?agent=javier373&lang=es
Zapopan,Casa en condominio,VENTA,32000000,"Casa en condominio 4 recámaras, 4 baños 460 m² Ver detalles",4.0,4.0,460,https://www.aciertamax.com/property/residencia-de-lujo-en-puerta-del-bosque-puerta-del-bosque-zapopan?agent=javier373&lang=es
Zapopan,Departamento,VENTA,30100000,,4.0,5.0,551,https://www.aciertamax.com/property/penthouse-en-venta-condominio-blue-loft-alberca-y-gran-terraza-propias?agent=javier373&lang=es
Zapopan,Departamento,VENTA,30100000,,4.0,5.0,551,https://www.aciertamax.com/property/pent-house-en-venta-condominio-blue-loft-alberca-y-gran-terraza-propias-puerta-del-roble-zapopan?agent=javier373&lang=es
Zapopan,Casa en condominio,VENTA,30000000,"Casa en Condominio Ceiba Puerta de Hierro Puerta de Hierro, Zapopan",4.0,4.0,478,https://www.aciertamax.com/property/casa-en-condominio-ceiba-puerta-de-hierro?agent=javier373&lang=es
Zapopan,Casa en condominio,VENTA,30000000,"Casa en venta en Loma Real Loma Real, Zapopan Casa en condominio 4 r",4.0,4.0,604,https://www.aciertamax.com/property/casa-en-venta-en-loma-real-63159228-c694-446e-957c-a566faf6ed4a?agent=javier373&lang=es
Zapopan,Casa en condominio,VENTA,30000000,"Casa en venta en Loma Real Loma Real, Zapopan Casa en condominio 4 r",4.0,4.0,604,https://www.aciertamax.com/property/residencia-de-lujo-en-ayamonte-ciudad-granja?agent=javier373&lang=es
Zapopan,Casa,VENTA,30000000,,4.0,4.0,655,https://www.aciertamax.com/property/casa-en-venta-puerta-de-hierro-zapopan-jalisco-f949fa73-68a8-4856-ba77-b9c51324fe66?agent=javier373&lang=es
Zapopan,Casa,VENTA,29500000,,,,,https://www.aciertamax.com/property/magnifica-casa-en-venta-santa-isabel?agent=javier373&lang=es
Zapopan,Casa en condominio,VENTA,28500000,"Casa en Zapopan Venta Coto Villa Verona Villa Verona, Zapopan Casa e",5.0,5.0,640,https://www.aciertamax.com/property/casa-en-zapopan-venta-coto-villa-verona-villa-verona?agent=javier373&lang=es
Zapopan,Casa en condominio,VENTA,28500000,"Casa en Zapopan Venta Coto Villa Verona Villa Verona, Zapopan Casa e",5.0,5.0,640,https://www.aciertamax.com/property/casa-en-zapopan-venta-coto-villa-verona?agent=javier373&lang=es
Zapopan,Departamento,VENTA,28000000,,3.0,3.0,418,https://www.aciertamax.com/property/departamento-en-venta-zotogrande-en-la-reserva?agent=javier373&lang=es
Zapopan,Casa en condominio,VENTA,28000000,"Casa de Lujo con Increibles Vistas en Alcazar El Alcazar Oriente, Zapopan Casa en condominio 3 rec",3.0,3.0,430,https://www.aciertamax.com/property/casa-de-lujo-con-increibles-vistas-en-alcazar?agent=javier373&lang=es
Zapopan,Casa en condominio,VENTA,27500000,"Casa en Venta en Valle Real Valle Real, Zapopan Casa en condominio 3",3.0,6.0,600,https://www.aciertamax.com/property/casa-en-venta-en-valle-real-03af428f-ab4d-42dd-8580-a2bc7b33acb7?agent=javier373&lang=es
Zapopan,Casa,VENTA,26950000,,4.0,4.0,430,https://www.aciertamax.com/property/hermosa-y-amplia-casa-en-royal-contry?agent=javier373&lang=es
Zapopan,Casa,VENTA,26800000,,4.0,5.0,411,https://www.aciertamax.com/property/venta-de-casa-en-la-toscana-1111?agent=javier373&lang=es
Zapopan,Casa en condominio,VENTA,26800000,"Casa en condominio 4 recámaras, 5 baños 411 m² Ver detalles",4.0,5.0,411,https://www.aciertamax.com/property/espectacular-residencia-con-acabados-de-lujo-en-zona-real?agent=javier373&lang=es
Zapopan,Casa en condominio,VENTA,26500000,"Casa en venta en Haciendas de la Herradura Haciendas la Herradura, Z",5.0,5.0,850,https://www.aciertamax.com/property/casa-en-venta-en-haciendas-de-la-herradura?agent=javier373&lang=es
Zapopan,Casa,VENTA,26000000,,4.0,4.0,538,https://www.aciertamax.com/property/residencia-de-lujo-en-venta-en-reserva-real?agent=javier373&lang=es
Zapopan,Casa en condominio,VENTA,25950000,"Casa en venta Valle Real Valle Real, Zapopan Casa en condominio 4 re",4.0,4.0,417,https://www.aciertamax.com/property/casa-en-venta-valle-real-7b9d05a3-cf92-438a-9ef0-aee58626530f?agent=javier373&lang=es
Zapopan,Casa en condominio,VENTA,25595000,"Casa en Venta Paseo Atlas Colomos Atlas Colomos, Zapopan Clave inter",3.0,3.0,600,https://www.aciertamax.com/property/casa-en-venta-paseo-atlas-colomos?agent=javier373&lang=es
Zapopan,Casa,VENTA,25574950,"Casa de Lujo en Venta Coto La Ceiba Puerta de Hierro, Zapopan Casa 4 recámar",4.0,4.0,484.73,https://www.aciertamax.com/property/amplia-casa-de-lujo-en-venta-coto-la-ceiba?agent=javier373&lang=es
Zapopan,Casa,VENTA,25000000,,4.0,4.0,374,https://www.aciertamax.com/property/casa-en-venta-puerta-de-hierro-zapopan-jalisco-bed0161a-241d-409a-b705-77641c46b7aa?agent=javier373&lang=es
Zapopan,Casa en condominio,VENTA,25000000,"Casa en venta y renta Puerta las Lomas Puerta las Lomas, Zapopan Cas",3.0,4.0,453,https://www.aciertamax.com/property/casa-en-venta-y-renta-puerta-las-lomas-ffca9731-a0db-4e9b-a753-133333050d87?agent=javier373&lang=es
Zapopan,Departamento,VENTA,24690000,,4.0,3.0,380,https://www.aciertamax.com/property/increible-casa-en-venta-frente-a-plaza-andares-coto-privado-san-bernardo?agent=javier373&lang=es
Zapopan,Casa en condominio,VENTA,24600000,"Casa en venta en Colomos Patria. Colomos Patria, Zapopan Casa en con",4.0,4.0,378.33,https://www.aciertamax.com/property/casa-en-venta-en-colomos-patria-c882561b-09d8-4eb0-8027-143b90ba334c?agent=javier373&lang=es
Zapopan,Casa,VENTA,24500000,,3.0,4.0,573,https://www.aciertamax.com/property/casa-de-venta-en-san-wenceslao-zapopan-jalisco?agent=javier373&lang=es
Zapopan,Departamento,VENTA,24478000,,3.0,3.0,198,https://www.aciertamax.com/property/departamento-landmark-reserve-andares?agent=javier373&lang=es
Zapopan,Casa,VENTA,24000000,,4.0,4.0,550,https://www.aciertamax.com/property/casa-en-venta-puerta-de-hierro-andares-zapopan-jalisco?agent=javier373&lang=es
Zapopan,Casa,VENTA,24000000,,3.0,3.0,550,https://www.aciertamax.com/property/casa-en-venta-puerta-de-hierro-zapopan-jalisco-97088cc8-5b3d-45ba-aa5e-04175147b4d8?agent=javier373&lang=es
Zapopan,Casa en condominio,VENTA,23990000,"Casa en condominio 3 recámaras, 4 baños 450 m² Ver detalles",3.0,4.0,450,https://www.aciertamax.com/property/hermosa-casa-en-venta-en-bugambilias-dentro-de-coto?agent=javier373&lang=es
Zapopan,Casa en condominio,VENTA,23900000,Casa en Venta en Virreyes Residencial con Vista a la Cañada Virreyes,4.0,5.0,590,https://www.aciertamax.com/property/casa-en-venta-en-virreyes-residencial-con-vista-a-la-canada?agent=javier373&lang=es
Zapopan,Casa,VENTA,23680000,,3.0,3.0,351,https://www.aciertamax.com/property/casa-en-venta-puerta-de-hierro-andares-zapopan-jalisco-070447e8-2e4a-40ca-a879-71d162f052e2?agent=javier373&lang=es
Zapopan,Casa en condominio,VENTA,23500000,"Casa en condominio 3 recámaras, 3 baños 440 m² Ver detalles",3.0,3.0,440,https://www.aciertamax.com/property/hermosa-residencia-venta-en-los-olivos-residencial?agent=javier373&lang=es
Zapopan,Casa en condominio,VENTA,23500000,"Casa en condominio 4 recámaras, 5 baños 472.86 m² Ver detalles",4.0,5.0,472.86,https://www.aciertamax.com/property/residencia-con-acabados-de-excelentes-calidades-en-zona-real?agent=javier373&lang=es
Zapopan,Casa en condominio,VENTA,23000000,"Casa en condominio 4 recámaras, 5 baños 450 m² Ver detalles",4.0,5.0,450,https://www.aciertamax.com/property/residencia-de-lujo-en-venta-en-la-cima-zapopan?agent=javier373&lang=es
Zapopan,Departamento,VENTA,22900000,"Departamento En Venta en West Point – Av. Universidad, Zapopan Condominio Puerta Plat",2.0,2.0,169,https://www.aciertamax.com/property/departamento-en-venta-en-west-point-av-universidad-zapopan?agent=javier373&lang=es
Zapopan,Casa en condominio,VENTA,22900000,"Casa en condominio 4 recámaras, 5 baños 352 m² Ver detalles",4.0,5.0,352,https://www.aciertamax.com/property/casa-en-venta-en-real-del-parque-zona-andares?agent=javier373&lang=es
Zapopan,Casa,VENTA,22800000,"Casa en Olivos Residencial Olivos Residencial, Zapopan Casa 4 recáma",4.0,4.0,395,https://www.aciertamax.com/property/excelente-casa-en-olivos-residencial-olivos-residencial-zapopan?agent=javier373&lang=es
Zapopan,Casa,VENTA,22800000,"Casa en Olivos Residencial Olivos Residencial, Zapopan Casa 4 recáma",4.0,4.0,387,https://www.aciertamax.com/property/casa-en-olivos-residencial-olivos-residencial-zapopan?agent=javier373&lang=es
Zapopan,Casa en condominio,VENTA,22500000,"Casa en condominio 4 recámaras, 5 baños 431 m² Ver detalles",4.0,5.0,431,https://www.aciertamax.com/property/residencia-en-venta-colinas-virreyes-puerta-las-lomas-zona-andares-virreyes-residencial?agent=javier373&lang=es
Zapopan,Departamento,VENTA,22400000,"Departamento PentHouse en Venta, Lomas Altas, Zapopan, Jalisco Lomas Altas, Zapopan De",3.0,3.0,350,https://www.aciertamax.com/property/departamento-penthouse-en-venta-lomas-altas-zapopan-jalisco-lomas-altas?agent=javier373&lang=es
Zapopan,Departamento,VENTA,22100000,,2.0,1.0,183,https://www.aciertamax.com/property/departamento-en-venta-en-the-landmark-residences-puerta-de-hierro-zapopan-puerta-de-hierro?agent=javier373&lang=es
Zapopan,Casa en condominio,VENTA,22000000,"Casa en Venta Colinas de Los Virreyes - Av. Universidad, frente a Pu",4.0,4.0,394,https://www.aciertamax.com/property/casa-en-venta-colinas-de-los-virreyes-av-universidad-frente-a-puerta-las-lom-cfcbd790-9169-466b-bb69-05a309646293?agent=javier373&lang=es
Zapopan,Casa en condominio,VENTA,22000000,"Casa en Venta Colinas de Los Virreyes - Av. Universidad, frente a Pu",4.0,4.0,394,https://www.aciertamax.com/property/casa-en-venta-colinas-de-los-virreyes-av-universidad-frente-a-puerta-las-lom-puerta-las-lomas-casa-en-condominio?agent=javier373&lang=es
Zapopan,Casa en condominio,VENTA,21900000,"Casa en condominio 3 recámaras, 3 baños 400 m² Ver detalles",3.0,3.0,400,https://www.aciertamax.com/property/casa-en-venta-valle-real-paseo-san-raymundo?agent=javier373&lang=es
Zapopan,Casa,VENTA,21900000,"Casa en Venta , paseo del puma 211, Col. Ciudad Bugambilias , Zapopa",5.0,6.0,830,https://www.aciertamax.com/property/casa-en-venta-paseo-del-puma-211-col-ciudad-bugambilias-zapopan-jal?agent=javier373&lang=es
Zapopan,Casa,VENTA,21900000,,3.0,4.0,493,https://www.aciertamax.com/property/residencia-de-lujo-en-venta-parque-virreyes?agent=javier373&lang=es
Zapopan,Casa,VENTA,21870000,,5.0,5.0,553,https://www.aciertamax.com/property/residencia-en-venta-ciudad-del-sol-3a12b4f5-8de7-4a7b-bcaf-dffa49e068ec?agent=javier373&lang=es
Zapopan,Casa en condominio,VENTA,21500000,"Casa En Venta En Condominio Entrelomas Virreyes Residencial, Zapopan Casa en condominio 4 recámaras, 5 baños 402 m² Ver detalles",4.0,5.0,402,https://www.aciertamax.com/property/casa-en-venta-en-entrelomas?agent=javier373&lang=es
Zapopan,Casa,VENTA,21000000,"Casa en Puerta de Hierro Puerta de Hierro, Zapopan Casa 3 recámaras,",3.0,4.0,400,https://www.aciertamax.com/property/casa-en-puerta-de-hierro-e1ce76b1-4707-48a5-9bfb-8796b31fe2f8?agent=javier373&lang=es
Zapopan,Casa en condominio,VENTA,20900000,"Casa en condominio 4 recámaras, 5 baños 460 m² Ver detalles",4.0,5.0,460,https://www.aciertamax.com/property/residencia-de-lujo-en-los-suenos-zapopan-los-suenos?agent=javier373&lang=es
Zapopan,Casa en condominio,VENTA,20900000,"Casa en condominio 4 recámaras, 5 baños 410.39 m² Ver detalles",4.0,5.0,410.39,https://www.aciertamax.com/property/casa-en-venta-en-jockey-residencial-la-mojonera-zapopan?agent=javier373&lang=es
Zapopan,Casa en condominio,VENTA,20900000,"Casa en venta, Los Sueños San Juan de Ocotan, Zapopan Casa en condom",3.0,5.0,460,https://www.aciertamax.com/property/casa-en-venta-los-suenos-san-juan-de-ocotan?agent=javier373&lang=es
Zapopan,Casa,VENTA,20500000,"Casa en coto privado La Mojonera, Zapopan Casa 4 recámaras, 4 baños",4.0,4.0,317,https://www.aciertamax.com/property/casa-en-coto-privado-la-mojonera?agent=javier373&lang=es
Zapopan,Casa,VENTA,20000000,,4.0,4.0,600,https://www.aciertamax.com/property/se-vende-casa-en-las-canadas-bosques-de-san-isidro?agent=javier373&lang=es
Zapopan,Casa en condominio,VENTA,20000000,"Casa en Venta en Paseo de la Cañada Lomas Del Valle, Zapopan Casa en",3.0,3.0,552,https://www.aciertamax.com/property/casa-en-venta-en-paseo-de-la-canada-lomas-del-valle-zapopan?agent=javier373&lang=es
Zapopan,Casa,VENTA,19999000,"Casa en Arauca II Arauca II, Zapopan Casa 3 recámaras, 4 baños 360 m",3.0,4.0,360,https://www.aciertamax.com/property/casa-en-arauca-ii-arauca-ii?agent=javier373&lang=es
Zapopan,Casa en condominio,VENTA,19975000,"Casa en condominio 4 recámaras, 4 baños 350 m² Ver detalles",4.0,4.0,350,https://www.aciertamax.com/property/casa-nueva-estilo-minimalista-contemporanea?agent=javier373&lang=es
Zapopan,Casa,VENTA,19914000,"Casa con alberca privada en Solares | Espacios amplios y diseño contemporáneo Solares, Z",3.0,3.0,445,https://www.aciertamax.com/property/casa-con-alberca-privada-en-solares-espacios-amplios-y-diseno-contemporaneo?agent=javier373&lang=es
Zapopan,Casa,VENTA,19900000,,5.0,5.0,520,https://www.aciertamax.com/property/residencia-remodelada-de-lujo-en-la-estancia-zapopan?agent=javier373&lang=es
Zapopan,Casa en condominio,VENTA,19500000,"Casa En Venta En Bugambilias 2da Seccion Condominio Vistas Del Sol Bugambilias, Zapopan Casa en condominio 3 recámaras, 5 baños 1,050 m² Ver detalles",3.0,5.0,"1,050",https://www.aciertamax.com/property/casa-en-venta-en-bugambilias-2da-seccion-condominio-vistas-del-sol?agent=javier373&lang=es
Zapopan,Casa en condominio,VENTA,19490000,"Casa dentro de Condominio en Venta en La Toscana l, Zapopan, Jalisco Valle Real, Zapopan",3.0,5.0,352,https://www.aciertamax.com/property/casa-dentro-de-condominio-en-venta-en-la-toscana-l-zapopan-jalisco?agent=javier373&lang=es
Zapopan,Casa en condominio,VENTA,18990000,"Casa en venta Valle Real Valle Real, Zapopan Casa en condominio 4 re",4.0,3.0,350,https://www.aciertamax.com/property/casa-en-venta-valle-real-94dd7672-e64d-4b62-8cdb-9250cde93e03?agent=javier373&lang=es
Zapopan,Departamento,VENTA,18500000,"Departamento  en Venta. Zapopan Jalisco Zona Andares Puerta de Hierro, Zapopa",3.0,3.0,202,https://www.aciertamax.com/property/departamento-en-venta-zapopan-jalisco-zona-andares?agent=javier373&lang=es
Zapopan,Casa en condominio,VENTA,18500000,"Casa en venta, LOS CASTAÑOS Los Castaños, Zapopan Casa en condominio",3.0,4.0,350,https://www.aciertamax.com/property/casa-en-venta-los-castanos-1bb10db1-7eb5-4c64-8b46-90d83820ca7c?agent=javier373&lang=es
Zapopan,Casa en condominio,VENTA,18500000,"Casa en condominio 4 recámaras, 4 baños 462 m² Ver detalles",4.0,4.0,462,https://www.aciertamax.com/property/hermosa-residencia-en-venta-en-virreyes-coto-9?agent=javier373&lang=es
Zapopan,Casa en condominio,VENTA,18200000,"Casa en venta, LOS CASTAÑOS Los Castaños, Zapopan Casa en condominio",4.0,5.0,310,https://www.aciertamax.com/property/casa-en-venta-los-castanos-d61c70ff-6e60-40b8-afc9-5d89528690b3?agent=javier373&lang=es
Zapopan,Casa en condominio,VENTA,18000000,"Casa en venta ubicada en Bugambilias II Ciudad Bugambilia, Zapopan C",5.0,5.0,"1,375",https://www.aciertamax.com/property/casa-en-venta-ubicada-en-bugambilias-ii?agent=javier373&lang=es
Zapopan,Departamento,VENTA,18000000,,3.0,3.0,277,https://www.aciertamax.com/property/departamento-en-venta-en-cima-real-100-en-valle-real?agent=javier373&lang=es
Zapopan,Casa,VENTA,18000000,,4.0,4.0,525,https://www.aciertamax.com/property/casa-en-venta-en-la-seattle-seattle-zapopan?agent=javier373&lang=es
Zapopan,Departamento,VENTA,18000000,"Departamento totalmente nuevo en Vía del Bosque Puerta del Bosque, Zapopan Clave interna: 350",3.0,4.0,176.83,https://www.aciertamax.com/property/departamento-totalmente-nuevo-en-via-del-bosque?agent=javier373&lang=es
Zapopan,Departamento,VENTA,17900000,"Departamento en Zona Andares Lomas Del Bosque, Zapopan Departamento 3 recáma",3.0,3.0,380,https://www.aciertamax.com/property/departamento-en-zona-andares-lomas-del-bosque?agent=javier373&lang=es
Zapopan,Casa,VENTA,17800000,,3.0,4.0,483,https://www.aciertamax.com/property/circuito-madrigal-villas-universidad-zapopan-sobre-avenida?agent=javier373&lang=es
Zapopan,Casa,VENTA,17800000,"Casa en Venta, Coto Diana Natura, La Venta del Astillero, Jalisco Di",3.0,5.0,570,https://www.aciertamax.com/property/casa-en-venta-coto-diana-natura-la-venta-del-astillero-jalisco?agent=javier373&lang=es
Zapopan,Casa en condominio,VENTA,17800000,"Casa en condominio 3 recámaras, 3 baños 368 m² Ver detalles",3.0,3.0,368,https://www.aciertamax.com/property/casa-en-venta-en-entrelomas-virreyes-zapopan-virreyes-residencial?agent=javier373&lang=es
Zapopan,Casa,VENTA,17500000,,5.0,6.0,463,https://www.aciertamax.com/property/residencia-en-venta-residencial-del-parque-guadalajara?agent=javier373&lang=es
Zapopan,Casa,VENTA,17500000,"Casa en Venta en Villa Verona, Zapopan | Amplios Espacios  y Jardín",3.0,4.0,370,https://www.aciertamax.com/property/casa-en-venta-en-villa-verona-zapopan-amplios-espacios-y-jardin?agent=javier373&lang=es
Zapopan,Casa en condominio,VENTA,17500000,"Casa en condominio 3 recámaras, 5 baños 389 m² Ver detalles",3.0,5.0,389,https://www.aciertamax.com/property/residencia-en-venta-en-macrolotes-de-la-cima-de-zapopan?agent=javier373&lang=es
Zapopan,Departamento,VENTA,17000000,,1.0,1.0,124,https://www.aciertamax.com/property/departamento-de-lujo-e-venta-zona-andares?agent=javier373&lang=es
Zapopan,Casa,VENTA,17000000,,5.0,6.0,500.84,https://www.aciertamax.com/property/casa-en-venta-en-las-fuentes-f381e89b-8e66-4224-96ec-7a196388cf4c?agent=javier373&lang=es
Zapopan,Casa,VENTA,16950000,,3.0,3.0,412,https://www.aciertamax.com/property/casa-en-ciudad-bugambilias-dentro-de-coto?agent=javier373&lang=es
Zapopan,Casa en condominio,VENTA,16900000,"Casa en condominio 6 recámaras, 3 baños 515 m² Ver detalles",6.0,3.0,515,https://www.aciertamax.com/property/diana-natura-diana-nature-residencial-zapopan?agent=javier373&lang=es
Zapopan,Casa,VENTA,16700000,"Casa en Olivos Residencial Olivos Residencial, Zapopan Casa 4 recáma",4.0,4.0,460,https://www.aciertamax.com/property/casa-en-olivos-residencial-d37d20db-7bfb-40b6-9534-f508f4136605?agent=javier373&lang=es
Zapopan,Casa en condominio,VENTA,16500000,"Casa en condominio 3 recámaras, 4 baños 324 m² Ver detalles",3.0,4.0,324,https://www.aciertamax.com/property/exclusiva-residencia-en-venta-olivos-residencial-zapopan?agent=javier373&lang=es
Zapopan,Casa,VENTA,16371000,,4.0,4.0,560,https://www.aciertamax.com/property/venta-casa-muy-cerca-de-uag?agent=javier373&lang=es
Zapopan,Casa en condominio,VENTA,16000000,"Casa NUEVA en Venta Coto Novaterra - ZONA VALLE REAL Valle Real, Zapopan C",4.0,5.0,330,https://www.aciertamax.com/property/casa-nueva-en-venta-coto-novaterra-zona-valle-real-54f9a45b-c0bf-419b-a465-80ad2395fd07?agent=javier373&lang=es
Zapopan,Casa,VENTA,16000000,"Casa nueva en Novaterra Valle Real, Zapopan Casa 4 recámaras, 4 baños 315",4.0,4.0,315,https://www.aciertamax.com/property/casa-nueva-en-novaterra?agent=javier373&lang=es
Zapopan,Casa en condominio,VENTA,16000000,"Casa NUEVA en Venta Coto Novaterra - ZONA VALLE REAL Valle Real, Zapopan C",4.0,5.0,330,https://www.aciertamax.com/property/casa-nueva-en-venta-coto-novaterra-zona-valle-real-8590fc55-f6bf-478a-9149-703176bc78b8?agent=javier373&lang=es
Zapopan,Casa en condominio,VENTA,16000000,"Casa en condominio 4 recámaras, 5 baños 315 m² Ver detalles",4.0,5.0,315,https://www.aciertamax.com/property/encantadora-residencia-con-4-racamaras-con-estilo-contemporaneo?agent=javier373&lang=es
Zapopan,Casa en condominio,VENTA,15990000,"Casa en condominio 5 recámaras, 5 baños 440 m² Ver detalles",5.0,5.0,440,https://www.aciertamax.com/property/amplia-casa-con-10-estacionamientos-en-coto-plumbago?agent=javier373&lang=es
Zapopan,Casa en condominio,VENTA,15990000,"Casa Más Grande de Puertas del Tule, Con 10 Estacionamientos. Puertas Del Tule, Zapopan Casa en condominio 5 recámaras, 5 baños 440 m² Ver detalles",5.0,5.0,440,https://www.aciertamax.com/property/la-casa-mas-grande-de-puertas-del-tule-con-10-estacionamientos?agent=javier373&lang=es
Zapopan,Casa en condominio,VENTA,15990000,"Casa en condominio 4 recámaras, 4 baños 450 m² Ver detalles",4.0,4.0,450,https://www.aciertamax.com/property/casa-en-venta-en-condominio-arauca-ii-zapopan?agent=javier373&lang=es
Zapopan,Casa en condominio,VENTA,15950000,"Casa en condominio 3 recámaras, 4 baños 343 m² Ver detalles",3.0,4.0,343,https://www.aciertamax.com/property/exclusiva-residencia-en-venta-olivos-residencial?agent=javier373&lang=es
Zapopan,Casa,VENTA,15850000,,3.0,4.0,338,https://www.aciertamax.com/property/venta-de-casa-en-jardin-real-jardin-real-zapopan?agent=javier373&lang=es
Zapopan,Departamento,VENTA,15500000,"Departamento en Venta en Vida Andares, Zapopan Puerta de Hierro, Zapopan Dep",2.0,2.0,178,https://www.aciertamax.com/property/departamento-en-venta-en-vida-andares-zapopan?agent=javier373&lang=es
Zapopan,Departamento,VENTA,15500000,,2.0,2.0,130,https://www.aciertamax.com/property/increible-departamento-en-venta-en-landmark-reserve?agent=javier373&lang=es
Zapopan,Casa,VENTA,15500000,,4.0,4.0,350,https://www.aciertamax.com/property/propiedad-amplia-y-versatil-en-jardines-de-guadalupe-zapopan-fraccionamiento-jardines-de-guadalupe-zapopan?agent=javier373&lang=es
Zapopan,Casa,VENTA,15500000,,4.0,4.0,365.3,https://www.aciertamax.com/property/casa-en-venta-col-villa-universitaria-zapopan-jal?agent=javier373&lang=es
Zapopan,Casa en condominio,VENTA,15300000,"Casa en Villa Verona Villa Verona, Zapopan Clave interna: GM-R-1/2 C",3.0,3.0,401,https://www.aciertamax.com/property/funcional-casa-en-villa-verona?agent=javier373&lang=es
Zapopan,Casa en condominio,VENTA,15200000,"Casa en condominio 4 recámaras, 4 baños 265 m² Ver detalles",4.0,4.0,265,https://www.aciertamax.com/property/casa-en-venta-en-entrelomas-residencial-zapopan?agent=javier373&lang=es
Zapopan,Casa en condominio,VENTA,15018000,"Casa en venta en los olivos Los Olivos, Zapopan Casa en condominio 3",3.0,5.0,300,https://www.aciertamax.com/property/casa-en-renta-en-los-olivos-los-olivos-zapopan?agent=javier373&lang=es
Zapopan,Departamento,VENTA,15000000,"Departamento en renta a Estrenar en Ladmark Reserve Puerta de Hierro, Zapopa",2.0,2.0,129,https://www.aciertamax.com/property/departamento-en-renta-a-estrenar-en-ladmark-reserve?agent=javier373&lang=es
Zapopan,Casa,VENTA,14990000,,4.0,4.0,457,https://www.aciertamax.com/property/casa-en-venta-en-bugambilias-2da-seccion-zapopan?agent=javier373&lang=es
Zapopan,Casa en condominio,VENTA,14990000,"Casa en condominio 4 recámaras, 4 baños 407 m² Ver detalles",4.0,4.0,407,https://www.aciertamax.com/property/tu-nueva-residencia-con-sotano-y-4-recamaras?agent=javier373&lang=es
Zapopan,Departamento,VENTA,14900000,,2.0,2.0,174,https://www.aciertamax.com/property/venta-departamento-westpoint-174-m2-2-recamaras-2-cajones?agent=javier373&lang=es
Zapopan,Departamento,VENTA,14900000,,4.0,4.0,371,https://www.aciertamax.com/property/penthouse-platinum-tower?agent=javier373&lang=es
Zapopan,Departamento,VENTA,14892000,,4.0,3.0,265,https://www.aciertamax.com/property/departamento-cima-park-500-valle-real-zapopan?agent=javier373&lang=es
Zapopan,Departamento,VENTA,14880000,,2.0,2.0,124,https://www.aciertamax.com/property/departamento-en-venta-en-torre-legacy-andares-puerta-de-hierro?agent=javier373&lang=es
Zapopan,Casa en condominio,VENTA,14800000,"Casa en condominio 2 recámaras, 4 baños 259.39 m² Ver detalles",2.0,4.0,259.39,https://www.aciertamax.com/property/casa-en-venta-coto-los-manzanos-los-manzanos?agent=javier373&lang=es
Zapopan,Casa en condominio,VENTA,14600000,"Casa en condominio 3 recámaras, 4 baños Ver detalles",3.0,4.0,,https://www.aciertamax.com/property/exclusivos-townhouses-en-vemta?agent=javier373&lang=es
Zapopan,Departamento,VENTA,14500000,,2.0,2.0,124.03,https://www.aciertamax.com/property/legacy-zona-andares-puerta-de-hierro-departamento?agent=javier373&lang=es
Zapopan,Casa en condominio,VENTA,14500000,"Casa en venta en Zona Real Fraccionamiento Novaterra Valle Real, Zap",3.0,4.0,340,https://www.aciertamax.com/property/oportunidad-en-coto-novaterra-zona-real-precio-negociable?agent=javier373&lang=es
Zapopan,Departamento,VENTA,14500000,,3.0,2.0,174,https://www.aciertamax.com/property/departamento-nuevo-3-hab-torre-via-del-bosque?agent=javier373&lang=es
Zapopan,Departamento,VENTA,14500000,"Casa en venta y renta Puerta las Lomas Puerta las Lomas, Zapopan Cas",3.0,2.0,174,https://www.aciertamax.com/property/depto-1-rec-preventa-jardin-real-52-m-desde-3-71-mdp?agent=javier373&lang=es
Zapopan,Casa,VENTA,14480000,"Casa en Venta a 1 cuadra de Galerias Jardines Vallarta, Zapopan Casa",4.0,3.0,320,https://www.aciertamax.com/property/casa-en-venta-a-1-cuadra-de-galerias?agent=javier373&lang=es
Zapopan,Casa en condominio,VENTA,14350000,"Casa en Venta Coto La Toscana - ZONA VALLE REAL Valle Real, Zapopan",5.0,5.0,270,https://www.aciertamax.com/property/casa-en-venta-coto-la-toscana-zona-valle-real-8a54b660-cf8b-4e32-b9eb-8c2623a22c7f?agent=javier373&lang=es
Zapopan,Casa en condominio,VENTA,14350000,"Casa en Venta Coto La Toscana - ZONA VALLE REAL Valle Real, Zapopan",4.0,5.0,270,https://www.aciertamax.com/property/casa-en-venta-coto-la-toscana-zona-valle-real-7fc90719-e5e4-44e1-b583-9159a3e759ff?agent=javier373&lang=es
Zapopan,Casa en condominio,VENTA,14300000,"Casa en venta, Las Cañadas Coto La Pradera Las Cañadas, Zapopan Casa",3.0,3.0,400,https://www.aciertamax.com/property/casa-en-venta-las-canadas-coto-la-pradera?agent=javier373&lang=es
Zapopan,Casa en condominio,VENTA,14300000,"Casa en condominio 3 recámaras, 4 baños 341 m² Ver detalles",3.0,4.0,341,https://www.aciertamax.com/property/casa-en-venta-los-olivos-residencial-los-olivos-casa-en-condominio?agent=javier373&lang=es
Zapopan,Departamento,VENTA,14000000,"Departamento reacondicionado en Vista Vento, Virreyes Residencial – Zapopan Virreyes Residen",3.0,3.0,240,https://www.aciertamax.com/property/departamento-reacondicionado-en-vista-vento-virreyes-residencial-zapopan?agent=javier373&lang=es
Zapopan,Casa,VENTA,14000000,"Casa en venta, Ciudad Bugambilias primera sección, en esquina, excel",5.0,5.0,400,https://www.aciertamax.com/property/casa-en-venta-ciudad-bugambilias-primera-seccion-en-esquina-excelente-estado?agent=javier373&lang=es
Zapopan,Casa en condominio,VENTA,14000000,"Casa en Venta Paseo del Tapir , Bugambilias, Zapopan , Jal Bugambili",4.0,4.0,450.6,https://www.aciertamax.com/property/casa-en-venta-paseo-del-tapir-bugambilias-zapopan-jal?agent=javier373&lang=es
Zapopan,Casa,VENTA,13990000,"Casa en Olivos Residencial Olivos Residencial, Zapopan Casa 4 recáma",4.0,4.0,300,https://www.aciertamax.com/property/casa-en-olivos-residencial-15b28225-16a9-4374-8e53-ccc3cd06cc77?agent=javier373&lang=es
Zapopan,Casa,VENTA,13980000,,8.0,5.0,477,https://www.aciertamax.com/property/se-vende-casa-en-chapalita-jardines-de-san-ignacio?agent=javier373&lang=es
Zapopan,Casa,VENTA,13980000,,7.0,5.0,477,https://www.aciertamax.com/property/casa-de-oportunidad-en-venta-jardines-de-san-ignacio-zap?agent=javier373&lang=es
Zapopan,Casa en condominio,VENTA,13980000,"Casa En Venta En Cañadas, Condominio La Pradera Las Cañadas, Zapopan Casa en condominio 3 recámaras, 4 baños 361 m² Ver detalles",3.0,4.0,361,https://www.aciertamax.com/property/casa-en-venta-en-canadas-condominio-la-pradera?agent=javier373&lang=es
Zapopan,Casa en condominio,VENTA,13900000,"Casa en condominio 4 recámaras, 4 baños 480 m² Ver detalles",4.0,4.0,480,https://www.aciertamax.com/property/hermosa-casa-en-diana-natura-diana-nature-residencial-zapopan?agent=javier373&lang=es
Zapopan,Departamento,VENTA,13900000,,3.0,4.0,142,https://www.aciertamax.com/property/departamento-en-venta-torre-titanium-1f55f3fe-49b2-4b36-adc1-9859ceeb9650?agent=javier373&lang=es
Zapopan,Casa,VENTA,13890000,,3.0,2.0,233,https://www.aciertamax.com/property/oportunidad-de-inversion-para-proyecto-nuevo-o-remodelacion?agent=javier373&lang=es
Zapopan,Casa,VENTA,13800000,"Casa en Bugambilias 2da Sección Bugambilias, Zapopan Casa 5 recámara",5.0,6.0,376,https://www.aciertamax.com/property/hermosa-casa-en-bugambilias-2da-seccion-fraccionamiento-bugambilias-casa?agent=javier373&lang=es
Zapopan,Departamento,VENTA,13800000,"Departamento en Venta, Vía del Bosque, Zapopan Puerta Plata, Zapopan Departa",3.0,3.0,150,https://www.aciertamax.com/property/departamento-en-venta-via-del-bosque-zapopan-piso-22?agent=javier373&lang=es
Zapopan,Casa en condominio,VENTA,13800000,"Casa en jardín real Jardín Real, Zapopan Casa en condominio 4 recáma",4.0,4.0,314.39,https://www.aciertamax.com/property/casa-en-jardin-real-c3f9593c-219d-40b7-be66-bf00c6fbecf4?agent=javier373&lang=es
Zapopan,Departamento,VENTA,13750000,,3.0,3.0,171,https://www.aciertamax.com/property/departamento-en-torre-titanium-puerta-de-hierro-zapopan?agent=javier373&lang=es
Zapopan,Casa en condominio,VENTA,13700000,"Casa en condominio 4 recámaras, 4 baños 417 m² Ver detalles",4.0,4.0,417,https://www.aciertamax.com/property/excelente-casa-en-bugambilias-fraccionamiento-la-joya?agent=javier373&lang=es
Zapopan,Casa,VENTA,13630000,"Casa en Real Vallarta, Zapopan Real Vallarta, Zapopan Casa 3 recámar",3.0,3.0,430,https://www.aciertamax.com/property/casa-en-real-vallarta-zapopan?agent=javier373&lang=es
Zapopan,Casa en condominio,VENTA,13500000,"Casa en condominio 5 recámaras, 6 baños 472 m² Ver detalles",5.0,6.0,472,https://www.aciertamax.com/property/casa-en-venta-en-los-almendros-residencial-los-almendros-zapopan?agent=javier373&lang=es
Zapopan,Departamento,VENTA,13500000,"Departamento en venta en Álada Valle Real, Zapopan Departamento 3 recámaras,",3.0,3.0,210,https://www.aciertamax.com/property/departamento-en-venta-en-alada-f61c85c7-bcc3-438c-b173-9e3ed65a9edd?agent=javier373&lang=es
Zapopan,Casa,VENTA,13400000,,4.0,4.0,467,https://www.aciertamax.com/property/residencia-remodelada-en-ciudad-bugambilias?agent=javier373&lang=es
Zapopan,Casa,VENTA,13350000,Casa en Venta Jardines de San Ignacio Zapopan Jardines de San Ignaci,7.0,4.0,477,https://www.aciertamax.com/property/casa-en-venta-jardines-de-san-ignacio-zapopan?agent=javier373&lang=es
Zapopan,Casa en condominio,VENTA,13300000,"Casa en Venta en Diana Natura Diana Nature Residencial, Zapopan Casa",4.0,4.0,335,https://www.aciertamax.com/property/casa-en-venta-en-diana-natura-9bc6a60c-e85a-4466-a079-452b5816ec5c?agent=javier373&lang=es
Zapopan,Casa,VENTA,13000000,,4.0,5.0,411,https://www.aciertamax.com/property/residencia-en-venta-excelente-ubicacion-ciudad-del-sol?agent=javier373&lang=es
Zapopan,Casa,VENTA,12990000,,5.0,5.0,510,https://www.aciertamax.com/property/casa-5-recamaras-en-bugambilas-primera-seccion?agent=javier373&lang=es
Zapopan,Casa,VENTA,12900000,"Casa en venta en Arboledas, Zapopan La Calma, Zapopan Casa 3 recámar",3.0,2.0,223,https://www.aciertamax.com/property/casa-en-venta-en-arboledas-zapopan-132e41a8-217f-4e7b-80fe-b6d4ea0a3b86?agent=javier373&lang=es
Zapopan,Casa,VENTA,12800000,"Casa en Venta Virreyes Residencial, Zapopan Casa 3 recámaras, 3 baño",3.0,3.0,360,https://www.aciertamax.com/property/zona-virreyes-casa-en-venta?agent=javier373&lang=es
Zapopan,Casa en condominio,VENTA,12700000,"Casa en Venta Solares Solares, Zapopan Casa en condominio 3 recámara",3.0,4.0,385,https://www.aciertamax.com/property/hermosa-casa-en-venta-solares-1ab2d5b5-2870-4bb1-9d92-e3184b6756ee?agent=javier373&lang=es
Zapopan,Casa,VENTA,12500000,"Casa en venta, ciudad Bugambilias segunda sección Bugambilias, Zapop",3.0,3.0,450,https://www.aciertamax.com/property/casa-en-venta-ciudad-bugambilias-segunda-seccion?agent=javier373&lang=es
Zapopan,Departamento,VENTA,12500000,,2.0,2.0,151,https://www.aciertamax.com/property/en-venta-o-renta-depa-amueblado-en-zona-real?agent=javier373&lang=es
Zapopan,Casa en condominio,VENTA,12500000,"Casa en Venta en Jardin Real Condominio La Reyna Coto 5 Jardín Real,",7.0,7.0,400,https://www.aciertamax.com/property/casa-en-venta-en-jardin-real-condominio-la-reyna-coto-5?agent=javier373&lang=es
Zapopan,Casa,VENTA,12500000,,5.0,5.0,500,https://www.aciertamax.com/property/1-sec-buga-urge-venta-negociable-col-area-verde-3000m2?agent=javier373&lang=es
Zapopan,Departamento,VENTA,12113550,,2.0,2.0,135,https://www.aciertamax.com/property/departamento-de-lujo-en-venta-con-terraza-2-recamaras-amenidades-premium?agent=javier373&lang=es
Zapopan,Departamento,VENTA,12100000,,3.0,3.0,186,https://www.aciertamax.com/property/distrito-cube-townhouse-c103?agent=javier373&lang=es
Zapopan,Casa en condominio,VENTA,12000000,"Casa en Venta en Jardin Real Jardín Real, Zapopan Casa en condominio",4.0,5.0,290,https://www.aciertamax.com/property/casa-en-venta-en-jardin-real-0a71bffa-6825-4443-9c0f-34bba5ad4a39?agent=javier373&lang=es
Zapopan,Casa en condominio,VENTA,12000000,"Casa en Venta en Jardin Real Jardín Real, Zapopan Casa en condominio",4.0,5.0,290,https://www.aciertamax.com/property/casa-en-venta-en-jardin-real-f435ac3d-f6b0-41c6-aa8e-c3849fa6c4f2?agent=javier373&lang=es
Zapopan,Casa en condominio,VENTA,12000000,"Casa en Venta en Jardin Real con 4 Habitaciones Jardín Real, Zapopan",4.0,5.0,290,https://www.aciertamax.com/property/casa-en-venta-en-jardin-real-con-4-habitaciones?agent=javier373&lang=es
Zapopan,Casa,VENTA,12000000,"Casa en Venta Jardín Real Jardín Real, Zapopan Casa 4 recámaras, 5 b",4.0,5.0,300,https://www.aciertamax.com/property/casa-en-venta-jardin-real-41a1321c-449b-4525-b048-2f4f5d6b2deb?agent=javier373&lang=es
Zapopan,Casa,VENTA,12000000,"Casa en Venta Jardín Real Jardín Real, Zapopan Casa 4 recámaras, 5 b",4.0,5.0,300,https://www.aciertamax.com/property/casa-en-venta-jardin-real-a156a5cf-6e81-4564-bc7d-0017abcb1146?agent=javier373&lang=es
Zapopan,Casa en condominio,VENTA,11800000,"Casa en condominio 3 recámaras, 4 baños 220 m² Ver detalles",3.0,4.0,220,https://www.aciertamax.com/property/residencial-virreyes-zapopan?agent=javier373&lang=es
Zapopan,Departamento,VENTA,11500000,Departamento de Lujo en Venta en Torre Vistas del Valle | Piso 9 con Vista Espec Lom,2.0,2.0,165,https://www.aciertamax.com/property/departamento-de-lujo-en-venta-en-torre-vistas-del-valle-piso-9-con-vista-espec?agent=javier373&lang=es
Zapopan,Casa en condominio,VENTA,11500000,"Casa en condominio 4 recámaras, 5 baños 600 m² Ver detalles",4.0,5.0,600,https://www.aciertamax.com/property/residencia-en-venta-en-bugambilias-af6387a4-65fa-4fe8-84d1-047c5639bbf8?agent=javier373&lang=es
Zapopan,Casa,VENTA,11500000,,4.0,4.0,474,https://www.aciertamax.com/property/residencia-de-campo-en-la-herradura?agent=javier373&lang=es
Zapopan,Casa,VENTA,11500000,,6.0,4.0,439,https://www.aciertamax.com/property/hermosa-casa-en-venta-en-la-exclusiva-zona-de-expo-guadalajara?agent=javier373&lang=es
Zapopan,Casa en condominio,VENTA,11490000,"Casa en condominio 3 recámaras, 4 baños 288 m² Ver detalles",3.0,4.0,288,https://www.aciertamax.com/property/casa-nueva-en-venta-con-3-recamaras-1-estudio?agent=javier373&lang=es
Zapopan,Casa,VENTA,11300000,,4.0,3.0,420,https://www.aciertamax.com/property/casa-en-venta-en-av-san-jorge-colonia-seattle?agent=javier373&lang=es
Zapopan,Departamento,VENTA,11200000,"Departamento en Venta en Acuarela, Zona Real, Zapopan Valle Real, Zapopan De",3.0,3.0,161,https://www.aciertamax.com/property/departamento-en-venta-en-acuarela-zona-real-zapopan?agent=javier373&lang=es
Zapopan,Departamento,VENTA,11121400,,3.0,3.0,,https://www.aciertamax.com/property/lujoso-departamento-en-juan-palomar-y-arias?agent=javier373&lang=es
Zapopan,Casa,VENTA,11000000,"Casa con roofgarden totalmente remodelada en Jardines del Sol Jardines Del Sol,",5.0,4.0,400,https://www.aciertamax.com/property/casa-con-roofgarden-totalmente-remodelada-en-jardines-del-sol?agent=javier373&lang=es
Zapopan,Casa,VENTA,10980000,,3.0,3.0,300,https://www.aciertamax.com/property/hermosa-residencia-diana-natura?agent=javier373&lang=es
Zapopan,Casa,VENTA,10970000,"Casa en Venta Bugambilias, Zapopan Casa 5 recámaras, 5 baños 600 m²",5.0,5.0,600,https://www.aciertamax.com/property/casa-en-venta-20db7ba4-4511-45aa-8e17-20a1459c12a2?agent=javier373&lang=es
Zapopan,Casa,VENTA,10950000,,4.0,2.0,232,https://www.aciertamax.com/property/casa-en-venta-y-terreno-en-ciudad-granja-ciudad-granja?agent=javier373&lang=es
Zapopan,Casa,VENTA,10950000,"Casa en venta en Bugambilias, Zapopan Ciudad Bugambilia, Zapopan Cas",5.0,5.0,550,https://www.aciertamax.com/property/casa-en-venta-en-bugambilias-zapopan-a9f2acfb-2152-4224-9309-c9467acc0b75?agent=javier373&lang=es
Zapopan,Casa,VENTA,10900000,,5.0,6.0,437,https://www.aciertamax.com/property/super-oportunidad-de-inversion-en-real-vallarta?agent=javier373&lang=es
Zapopan,Departamento,VENTA,10890000,,3.0,3.0,155,https://www.aciertamax.com/property/departamento-en-venta-en-ventura-valle-real-zapopan?agent=javier373&lang=es
Zapopan,Casa,VENTA,10800000,Casa en venta TEPEYAC cerca de la UNIVA 4 habitaciones Tepeyac Casin,3.0,4.0,326,https://www.aciertamax.com/property/casa-en-venta-tepeyac-cerca-de-la-univa-4-habitaciones?agent=javier373&lang=es
Zapopan,Casa,VENTA,10800000,,3.0,4.0,326,https://www.aciertamax.com/property/casa-en-venta-en-colonia-tepeyac-casino?agent=javier373&lang=es
Zapopan,Departamento,VENTA,10800000,"Departamento en cima Park Valle Real, Zapopan Departamento 3 recámaras, 2 ba",3.0,2.0,166,https://www.aciertamax.com/property/departamento-en-cima-park-3560b9a2-3783-476c-b7ae-2e9cb8445147?agent=javier373&lang=es
Zapopan,Casa en condominio,VENTA,10700000,Casa en condominio 3 recámaras 256 m² Ver detalles,3.0,,256,https://www.aciertamax.com/property/casa-en-venta-coto-levana-residencial-jocotan-zona-chivas-verde-valle-rinc-f49e8c23-5a5a-401c-b222-fd1b1e518513?agent=javier373&lang=es
Zapopan,Casa en condominio,VENTA,10700000,"Casa en condominio 3 recámaras, 3 baños 256 m² Ver detalles",3.0,3.0,256,https://www.aciertamax.com/property/casa-en-venta-coto-levana-residencial-jocotan-zona-chivas-verde-valle-rinc-jocotan-casa-en-condominio?agent=javier373&lang=es
Zapopan,Casa en condominio,VENTA,10690000,"Casa en Venta Coto Virreyes Virreyes Residencial, Zapopan Casa en co",4.0,4.0,312,https://www.aciertamax.com/property/casa-en-venta-coto-virreyes-virreyes-residencial-zapopan?agent=javier373&lang=es
Zapopan,Casa,VENTA,10602500,,3.0,3.0,430,https://www.aciertamax.com/property/venta-casa-bugambilias-fraccionamiento-bugambilias-zapopan?agent=javier373&lang=es
Zapopan,Casa en condominio,VENTA,10600000,"Casa en condominio 3 recámaras, 2 baños 288 m² Ver detalles",3.0,2.0,288,https://www.aciertamax.com/property/espectacular-residencia-en-coto-privado-en-valle-imperial?agent=javier373&lang=es
Zapopan,Casa,VENTA,10500000,"Casa en Solares Solares, Zapopan Casa 3 recámaras, 4 baños 200 m² Ve",3.0,4.0,200,https://www.aciertamax.com/property/elegante-casa-en-solares?agent=javier373&lang=es
Zapopan,Casa en condominio,VENTA,10500000,"Casa en condominio 4 recámaras, 4 baños 245 m² Ver detalles",4.0,4.0,245,https://www.aciertamax.com/property/casa-venta-soare-3?agent=javier373&lang=es
Zapopan,Casa,VENTA,10500000,"Casa de Oportunidad en Vallarta Universidad, Virreyes, Zapopan, Jalisco Vallarta Un",4.0,3.0,285,https://www.aciertamax.com/property/casa-de-oportunidad-en-vallarta-universidad-virreyes-zapopan-jalisco-vallarta-universidad?agent=javier373&lang=es
Zapopan,Casa en condominio,VENTA,10500000,"Casa en condominio 3 recámaras, 3 baños 256 m² Ver detalles",3.0,3.0,256,https://www.aciertamax.com/property/casa-en-venta-coto-levana-residencial-jocotan-zona-chivas-verde-valle-rinc-jocotan-zapopan?agent=javier373&lang=es
Zapopan,Casa en condominio,VENTA,10500000,"Casa en  Venta Lomas altas Rinconada Santa Rita, Zapopan Casa en con",3.0,4.0,224,https://www.aciertamax.com/property/casa-en-venta-rinconada-santa-rita-297591de-3b6c-44cc-a7a3-c5e65d61d1d2?agent=javier373&lang=es
Zapopan,Casa,VENTA,10500000,"Casa en Venta en La Estancia La Estancia, Zapopan Casa 4 recámaras,",4.0,4.0,434,https://www.aciertamax.com/property/casa-en-venta-en-la-estancia-66ceaf0f-a45d-4241-96ba-c2309ca05dd7?agent=javier373&lang=es
Zapopan,Departamento,VENTA,10499000,,2.0,2.0,98,https://www.aciertamax.com/property/re-estrena-departamento-torre-prado?agent=javier373&lang=es
Zapopan,Casa,VENTA,10490000,,4.0,4.0,480,https://www.aciertamax.com/property/casa-venta-bugambilias-2da-seccion-bugambilias?agent=javier373&lang=es
Zapopan,Casa en condominio,VENTA,10450000,"Casa en condominio en venta Jacarandas Jacarandas, Zapopan Casa en c",3.0,3.0,242.42,https://www.aciertamax.com/property/casa-en-condominio-en-venta-jacarandas-jacarandas-casa-en-condominio?agent=javier373&lang=es
Zapopan,Casa en condominio,VENTA,10374000,"Casa en condominio 4 recámaras, 4 baños 236 m² Ver detalles",4.0,4.0,236,https://www.aciertamax.com/property/nueva-casa-en-venta-en-solares-5a2675f2-a93f-45fb-8c3d-e6b8735db123?agent=javier373&lang=es
Zapopan,Casa en condominio,VENTA,10300000,"Casa en condominio 3 recámaras, 3 baños 250 m² Ver detalles",3.0,3.0,250,https://www.aciertamax.com/property/venta-de-casa-en-jardin-real-dentro-de-coto?agent=javier373&lang=es
Zapopan,Casa en condominio,VENTA,10238000,"Casa en condominio 4 recámaras, 4 baños 248 m² Ver detalles",4.0,4.0,248,https://www.aciertamax.com/property/nueva-casa-en-venta-en-solares-zapopan-solares-casa-en-condominio?agent=javier373&lang=es
Zapopan,Casa en condominio,VENTA,10200000,Casa en Venta Coto Rinconada del Parque - Parque Metropolitano Rinco,3.0,2.0,267,https://www.aciertamax.com/property/casa-en-venta-coto-rinconada-del-parque-parque-metropolitano-rinconada-del-parque-casa-en-condominio?agent=javier373&lang=es
Zapopan,Casa en condominio,VENTA,10200000,Casa en Venta Coto Rinconada del Parque - Parque Metropolitano Rinco,3.0,2.0,267,https://www.aciertamax.com/property/casa-en-venta-coto-rinconada-del-parque-parque-metropolitano-rinconada-del-parque?agent=javier373&lang=es
Zapopan,Casa en condominio,VENTA,10190000,"Casa Nueva Vista Panorámica al parque Parques Vallarta Zapopan Jal Parques Vallarta, Zapopan Casa en condominio 3 recámaras, 4 baños 236 m² Ver detalles",3.0,4.0,236,https://www.aciertamax.com/property/en-venta-casa-nueva-vista-panoramica-al-parque-parques-vallarta-zapopan-jal?agent=javier373&lang=es
Zapopan,Departamento,VENTA,10094790,"Departamento en venta en Vía del Bosque Puerta de Hierro, Zapopan Departamen",2.0,2.0,104.07,https://www.aciertamax.com/property/departamento-en-venta-en-via-del-bosque-puerta-de-hierro-departamento?agent=javier373&lang=es
Zapopan,Casa en condominio,VENTA,10000000,"Casa en condominio 4 recámaras, 4 baños 195.96 m² Ver detalles",4.0,4.0,195.96,https://www.aciertamax.com/property/vistas-del-tule-2-venta-virreyes-residencial?agent=javier373&lang=es
Zapopan,Casa en condominio,VENTA,9980000,"Casa con Jardín, Roof Garden y Alberca Solares, Zapopan Casa en condominio 4 recámaras 21",4.0,,210.78,https://www.aciertamax.com/property/espacios-amplios-y-acabados-elegantes-frente-a-terraza-jardin?agent=javier373&lang=es
Zapopan,Casa,VENTA,9980000,"Casa en Privanza Habitat Solares, Zapopan Casa 3 recámaras, 3 baños",3.0,3.0,210,https://www.aciertamax.com/property/casa-en-privanza-habitat?agent=javier373&lang=es
Zapopan,Casa,VENTA,9980000,,3.0,4.0,250,https://www.aciertamax.com/property/casa-en-venta-paseo-solares-zapopan?agent=javier373&lang=es
Zapopan,Casa,VENTA,9970000,Casa en Venta La Estancia - Eucalipto Vallarta - 2 cuadras de PLAZA,3.0,3.0,266,https://www.aciertamax.com/property/casa-en-venta-la-estancia-eucalipto-vallarta-2-cuadras-de-plaza-galerias-eucalipto-vallarta-zapopan?agent=javier373&lang=es
Zapopan,Casa,VENTA,9970000,Casa en Venta La Estancia - Eucalipto Vallarta - 2 cuadras de PLAZA,3.0,3.0,266,https://www.aciertamax.com/property/casa-en-venta-la-estancia-eucalipto-vallarta-2-cuadras-de-plaza-galerias-eucalipto-vallarta?agent=javier373&lang=es
Zapopan,Casa,VENTA,9970000,,4.0,3.0,266,https://www.aciertamax.com/property/residencia-en-venta-en-real-vallarta-excelente-ubicacion-5b76a253-53db-4c0e-ae98-3135ca1420e8?agent=javier373&lang=es
Zapopan,Casa,VENTA,9950000,,4.0,5.0,545,https://www.aciertamax.com/property/excelente-casa-en-venta-en-bugambilias-2da-seccion-bugambilias?agent=javier373&lang=es
Zapopan,Departamento,VENTA,9950000,"Departamento en Vitia Toscana Valle Real, Zapopan Departamento 3 recámaras,",3.0,4.0,448,https://www.aciertamax.com/property/departamento-en-vitia-toscana?agent=javier373&lang=es
Zapopan,Casa en condominio,VENTA,9950000,"Casa en venta en los Robles Residencial Los Robles Residencial, Zapo",4.0,6.0,330,https://www.aciertamax.com/property/casa-en-venta-en-los-robles-residencial-ddd73a2b-971a-4a9d-83ee-d5b379282e6d?agent=javier373&lang=es
Zapopan,Casa en condominio,VENTA,9900000,"Casa en condominio 4 recámaras, 4 baños 240 m² Ver detalles",4.0,4.0,240,https://www.aciertamax.com/property/casa-en-venta-en-parques-vallarta-coto-abeto-e61eb731-7b33-452c-8a54-215cc41da84d?agent=javier373&lang=es
Zapopan,Casa en condominio,VENTA,9870000,Casa en Esquina en Venta Frente Al Parque Metropolitano Rinconada De,3.0,3.0,255,https://www.aciertamax.com/property/casa-en-esquina-en-venta-frente-al-parque-metropolitano?agent=javier373&lang=es
Zapopan,Casa en condominio,VENTA,9870000,"Casa en condominio 3 recámaras, 3 baños 255 m² Ver detalles",3.0,3.0,255,https://www.aciertamax.com/property/magnifica-casa-en-coto-parque-metropolitano-vigilancia-24-7-alberca-y-amenidades?agent=javier373&lang=es
Zapopan,Departamento,VENTA,9850000,,3.0,3.0,400,https://www.aciertamax.com/property/bugambilias-casa-con-departamento-en-venta-598c3ce5-cc64-40ac-9071-17050dccdc9f?agent=javier373&lang=es
Zapopan,Casa,VENTA,9800000,"Casa en Venta Valle Imperial, Zapopan Casa 3 recámaras, 3 baños 316",3.0,3.0,316,https://www.aciertamax.com/property/venta-en-valle-imperial-valle-imperial-zapopan?agent=javier373&lang=es
Zapopan,Casa,VENTA,9750000,"Casa en Venta en Callejon del Parque El Rincón, Zapopan Casa 3 recám",3.0,2.0,181,https://www.aciertamax.com/property/casa-en-venta-en-callejon-del-parque-el-rincon?agent=javier373&lang=es
Zapopan,Casa en condominio,VENTA,9550000,"Casa en venta en Solares, Coto Zanthe Solares, Zapopan Casa en condo",4.0,4.0,268,https://www.aciertamax.com/property/casa-en-venta-en-solares-coto-zanthe-d428a199-a350-4bcb-a64c-69f9771b38fe?agent=javier373&lang=es
Zapopan,Casa en condominio,VENTA,9500000,"Casa en condominio 4 recámaras, 4 baños 250 m² Ver detalles",4.0,4.0,250,https://www.aciertamax.com/property/hermosa-casa-nueva-solares-altanza-soare-iii?agent=javier373&lang=es
Zapopan,Casa en condominio,VENTA,9500000,"Casa en condominio 4 recámaras, 3 baños 306.18 m² Ver detalles",4.0,3.0,306.18,https://www.aciertamax.com/property/casa-en-venta-en-vasanta-solares?agent=javier373&lang=es
Zapopan,Departamento,VENTA,9500000,"Departamento en VENTA  en Vitia la Toscana Valle Real, Zapopan Departamento",3.0,3.0,170,https://www.aciertamax.com/property/departamento-en-venta-en-vitia-la-toscana-3e8f60c8-1a3c-4b53-bb90-4c3089d36aac?agent=javier373&lang=es
Zapopan,Casa en condominio,VENTA,9500000,Casa 3 niveles 5 recámaras  en Solares Zapopan,5.0,5.0,240,https://www.aciertamax.com/property/casa-3-niveles-5-recamaras-en-solares-zapopan-9-500-000?agent=javier373&lang=es
Zapopan,Casa,VENTA,9500000,"Casa en Venta Residencial Victoria Residencial Victoria, Zapopan Cas",5.0,2.0,280.25,https://www.aciertamax.com/property/casa-en-venta-residencial-victoria-c4087e51-5b9a-4e27-8794-3ed35c76ebdd?agent=javier373&lang=es
Zapopan,Departamento,VENTA,9500000,,2.0,2.0,134,https://www.aciertamax.com/property/espectacular-penthouse-en-ventura-vertical-district?agent=javier373&lang=es
Zapopan,Casa en condominio,VENTA,9500000,"Casa en Venta en Solares Solares, Zapopan Casa en condominio 1 recám",1.0,2.0,258,https://www.aciertamax.com/property/casa-en-venta-en-solares-6ae545f6-5786-46f4-84ec-523caea36905?agent=javier373&lang=es
Zapopan,Departamento,VENTA,9500000,"Departamento en Venta en Puerta Las Lomas Puerta las Lomas, Zapopan Departam",2.0,2.0,98,https://www.aciertamax.com/property/departamento-en-venta-en-puerta-las-lomas-2e95dc79-26ec-4252-b94f-d84b9899e228?agent=javier373&lang=es
Zapopan,Casa en condominio,VENTA,9490000,"Casa en condominio 3 recámaras, 3 baños 279 m² Ver detalles",3.0,3.0,279,https://www.aciertamax.com/property/casa-en-venta-jardin-real-magnifica-opirtunidad?agent=javier373&lang=es
Zapopan,Casa,VENTA,9450000,,4.0,3.0,266,https://www.aciertamax.com/property/residencia-en-venta-en-real-vallarta-excelente-ubicacion-eucalipto-vallarta-casa?agent=javier373&lang=es
Zapopan,Casa,VENTA,9400000,,3.0,3.0,239,https://www.aciertamax.com/property/venta-de-casa-en-solares-dentro-del-coto-antara?agent=javier373&lang=es
Zapopan,Casa,VENTA,9400000,,3.0,3.0,239.29,https://www.aciertamax.com/property/casa-en-venta-en-solares-9863f582-104a-4321-9763-40fab97b7592?agent=javier373&lang=es
Zapopan,Casa en condominio,VENTA,9400000,"Casa en condominio 5 recámaras, 5 baños 240 m² Ver detalles",5.0,5.0,240,https://www.aciertamax.com/property/casa-nueva-en-venta-en-altanza-solares-zapopan?agent=javier373&lang=es
Zapopan,Casa en condominio,VENTA,9400000,"Casa Con Inquilinos En Venta En Los Robles, Zapopan Los Robles, Zapopan Casa en condominio 4 recámaras, 4 baños 295 m² Ver detalles",4.0,4.0,295,https://www.aciertamax.com/property/casa-en-pre-venta-en-los-robles-zapopan?agent=javier373&lang=es
Zapopan,Casa,VENTA,9400000,,3.0,3.0,239.29,https://www.aciertamax.com/property/casa-en-coto-andares-solares?agent=javier373&lang=es
Zapopan,Casa en condominio,VENTA,9350000,Casa en Venta Zapopan Coto Parques Vallarta - Solares Parques Vallar,5.0,5.0,256,https://www.aciertamax.com/property/casa-en-venta-zapopan-coto-parques-vallarta-solares-7ae72c7f-1f97-48a8-b8ec-a1b1090732b8?agent=javier373&lang=es
Zapopan,Casa en condominio,VENTA,9350000,"Casa con espacios espectaculares en Solares dentro de coto consolidado Solares, Zapopan Casa en",4.0,4.0,250,https://www.aciertamax.com/property/casa-con-espacios-espectaculares-en-coto-consolidado-solares-zapopan?agent=javier373&lang=es
Zapopan,Casa,VENTA,9300000,,4.0,2.0,240,https://www.aciertamax.com/property/casa-en-venta-en-jardines-de-guadalupe-29c4d279-af3f-4eb4-a6b3-a1f59a824f3e?agent=javier373&lang=es
Zapopan,Casa en condominio,VENTA,9300000,"Casa en condominio 4 recámaras, 4 baños 220 m² Ver detalles",4.0,4.0,220,https://www.aciertamax.com/property/casa-en-venta-en-parques-vallarta-coto-abeto-parques-vallarta-casa-en-condominio?agent=javier373&lang=es
Zapopan,Casa en condominio,VENTA,9300000,"Casa en condominio 5 recámaras, 5 baños 245 m² Ver detalles",5.0,5.0,245,https://www.aciertamax.com/property/casa-moderna-con-5-recamaras-amplias-cerca-del-colegio-ciencias-solares?agent=javier373&lang=es
Zapopan,Casa,VENTA,9250000,,3.0,3.0,295,https://www.aciertamax.com/property/casa-en-venta-jardin-real-zapopan-jalisco-jardin-real-casa?agent=javier373&lang=es
Zapopan,Casa en condominio,VENTA,9200000,"Casa con Terminados de Lujo en SOLARES Solares, Zapopan Casa en condominio 5 recámaras, 5 b",5.0,5.0,240,https://www.aciertamax.com/property/casa-con-terminados-de-lujo-en-solares?agent=javier373&lang=es
Zapopan,Casa,VENTA,9200000,,3.0,3.0,265,https://www.aciertamax.com/property/casa-nueva-en-venta-en-la-cima-de-zapopan-coto-del-bosque?agent=javier373&lang=es
Zapopan,Casa,VENTA,9150000,"Casa nueva en VENTA excelente! Soaré, Zapopan Casa 3 recámaras, 2 baños 20",3.0,2.0,200,https://www.aciertamax.com/property/casa-nueva-en-venta-excelente?agent=javier373&lang=es
Zapopan,Casa,VENTA,9000000,,3.0,3.0,336,https://www.aciertamax.com/property/residencia-de-oportunidad-en-bugambilias-ciudad-bugambilia?agent=javier373&lang=es
Zapopan,Departamento,VENTA,9000000,,2.0,2.0,104,https://www.aciertamax.com/property/hermoso-departamento-nuevo-2-habitaciones-via-del-bosque-andares?agent=javier373&lang=es
Zapopan,Casa en condominio,VENTA,8999000,"Casa en condominio 4 recámaras, 4 baños 195.2 m² Ver detalles",4.0,4.0,195.2,https://www.aciertamax.com/property/casa-17-en-venta-coto-g-en-la-cima-de-zapopan-el-que-tiene-las?agent=javier373&lang=es
Zapopan,Casa en condominio,VENTA,8950000,"Casa En Venta En Condominio Soare 2 Solares, Zapopan Casa en condominio 4 recámaras, 4 baños 280 m² Ver detalles",4.0,4.0,280,https://www.aciertamax.com/property/casa-en-venta-en-condominio-soare-2-solares-zapopan?agent=javier373&lang=es
Zapopan,Casa en condominio,VENTA,8950000,"Casa Condominio  Solares 1 Solares, Zapopan Casa en condominio 3 recámaras, 3 baños 224 m² Ver detalles",3.0,3.0,224,https://www.aciertamax.com/property/venta-casa-condominio-solares-1?agent=javier373&lang=es
Zapopan,Casa en condominio,VENTA,8900000,"Casa en Venta Dentro de Coto en Parques Vallarta, Solares Zapopan Pa",3.0,4.0,239,https://www.aciertamax.com/property/casa-en-venta-dentro-de-coto-en-parques-vallarta-solares-zapopan?agent=javier373&lang=es
Zapopan,Casa,VENTA,8900000,,3.0,3.0,261,https://www.aciertamax.com/property/casa-en-venta-dentro-de-coto-en-solares-solares-zapopan?agent=javier373&lang=es
Zapopan,Casa,VENTA,8900000,"Casa en Solares Solares, Zapopan Casa 3 recámaras, 3 baños 215 m² Ve",3.0,3.0,215,https://www.aciertamax.com/property/casa-en-solares-0635a181-1226-4f9f-9971-5f140a18d6f0?agent=javier373&lang=es
Zapopan,Departamento,VENTA,8900000,,3.0,2.0,129,https://www.aciertamax.com/property/oportunidad-departamento-en-venta-torre-cosmocrat-puerta-de-hierro?agent=javier373&lang=es
Zapopan,Casa en condominio,VENTA,8880000,"Casa con acabados de lujo Solares, Zapopan Casa en condominio 4 recámaras, 4 baños 220 m² Ver detalles",4.0,4.0,220,https://www.aciertamax.com/property/hermosa-casa-con-acabados-de-lujo-solares?agent=javier373&lang=es
Zapopan,Casa,VENTA,8850000,"Casa Nueva en Soaré Solares, Zapopan Casa 4 recámaras, 4 baños 210 m² Ver",4.0,4.0,210,https://www.aciertamax.com/property/casa-nueva-en-soare-solares-zapopan?agent=javier373&lang=es
Zapopan,Casa,VENTA,8850000,"Casa en venta en Bugambilias Bugambilias, Zapopan Casa 4 recámaras,",4.0,4.0,232,https://www.aciertamax.com/property/casa-en-venta-en-bugambilias-bugambilias-zapopan?agent=javier373&lang=es
Zapopan,Casa en condominio,VENTA,8800000,"Casa en venta en Solares – Condominio Soare II Soaré, Zapopan Casa e",4.0,3.0,215,https://www.aciertamax.com/property/casa-en-venta-en-solares-condominio-soare-ii?agent=javier373&lang=es
Zapopan,Casa en condominio,VENTA,8800000,"Casa en Venta Bugambilias La Joya Bugambilias, Zapopan Casa en condo",4.0,4.0,288,https://www.aciertamax.com/property/casa-en-venta-bugambilias-la-joya?agent=javier373&lang=es
Zapopan,Casa,VENTA,8800000,,5.0,3.0,380,https://www.aciertamax.com/property/residencia-en-camino-real-zapopan-camino-real?agent=javier373&lang=es
Zapopan,Departamento,VENTA,8800000,,3.0,2.0,151,https://www.aciertamax.com/property/departamento-en-venta-en-zentral-residencial-43a7113c-8351-43bc-b450-37733688ba6f?agent=javier373&lang=es
Zapopan,Casa en condominio,VENTA,8800000,"Casa en venta en Privanza solares Solares, Zapopan Casa en condomini",3.0,2.0,188.46,https://www.aciertamax.com/property/casa-en-venta-en-privanza-solares-solares-casa-en-condominio?agent=javier373&lang=es
Zapopan,Casa,VENTA,8790000,,,2.0,243,https://www.aciertamax.com/property/hermosa-casa-en-venta-en-bosques-vallarta-6a03b2cb-0d1b-49a2-8444-a6ce0bb5b452?agent=javier373&lang=es
Zapopan,Casa en condominio,VENTA,8770000,Casa en Venta Zapopan Coto Altanza - Soare 3 - Fraccionamiento Solar,4.0,4.0,210,https://www.aciertamax.com/property/casa-en-venta-zapopan-coto-altanza-soare-3-fraccionamiento-solares-9604f6f0-572b-4dc2-96ef-4df68e0f5f45?agent=javier373&lang=es
Zapopan,Casa en condominio,VENTA,8770000,Casa en Venta Zapopan Coto Altanza - Soare 3 - Fraccionamiento Solar,4.0,4.0,210,https://www.aciertamax.com/property/casa-en-venta-zapopan-coto-altanza-soare-3-fraccionamiento-solares-0d7531f6-ee62-4bee-af29-277a96b48c34?agent=javier373&lang=es
Zapopan,Casa,VENTA,8750000,"Casa en venta, Col. La Calma, Zapopan, Jalisco. La Calma 2a Secc, Za",5.0,3.0,364,https://www.aciertamax.com/property/casa-en-venta-col-la-calma-zapopan-jalisco?agent=javier373&lang=es
Zapopan,Casa,VENTA,8700000,,3.0,2.0,247,https://www.aciertamax.com/property/super-ubicacion-en-venta?agent=javier373&lang=es
Zapopan,Casa,VENTA,8700000,,4.0,3.0,330,https://www.aciertamax.com/property/casa-en-venta-en-la-1-seccion-de-bugambilias-zapopan?agent=javier373&lang=es
Zapopan,Casa en condominio,VENTA,8690000,"Casa nueva con excelente conectividad a Av. Aviación y a Carretera Parques Vallarta, Zapopan Casa en condominio 4 recámaras, 4 baños 225 m² Ver detalles",4.0,4.0,225,https://www.aciertamax.com/property/casa-nueva-con-excelente-distribucion-roof-garden?agent=javier373&lang=es
Zapopan,Casa en condominio,VENTA,8610000,"Casa en condominio 4 recámaras, 4 baños 215 m² Ver detalles",4.0,4.0,215,https://www.aciertamax.com/property/solares-coto-acanthia-recamara-en-planta-baja-casa-100?agent=javier373&lang=es
Zapopan,Casa,VENTA,8600000,,4.0,4.0,250,https://www.aciertamax.com/property/casa-en-venta-bugambilias-1ra-seccion-en-coto?agent=javier373&lang=es
Zapopan,Casa en condominio,VENTA,8600000,"Casa en ciudad granja Ciudad Granja, Zapopan Casa en condominio 3 re",3.0,3.0,220,https://www.aciertamax.com/property/casa-en-ciudad-granja-eba41af5-018a-4bf7-a4b5-4f45bd69de9e?agent=javier373&lang=es
Zapopan,Casa,VENTA,8599000,,2.0,4.0,245,https://www.aciertamax.com/property/casa-en-coto-2-recamaras-planta-baja?agent=javier373&lang=es
Zapopan,Casa,VENTA,8590000,"Casa Nueva en Venta en Valle Imperial – Coto Sueco, Zapopan Valle Imperial",5.0,5.0,235,https://www.aciertamax.com/property/casa-nueva-en-venta-en-valle-imperial-coto-sueco-zapopan?agent=javier373&lang=es
Zapopan,Casa,VENTA,8590000,"Casa en venta en a dos cuadras del metropolitano La Estancia, Zapopa",4.0,3.0,373,https://www.aciertamax.com/property/casa-en-venta-en-la-estancia-70b41e34-045d-4feb-b004-eabcee98b717?agent=javier373&lang=es
Zapopan,Casa en condominio,VENTA,8550000,Casa en Venta frente a Amenidades en Parques Vallarta Parques Vallar,4.0,4.0,235,https://www.aciertamax.com/property/casa-en-venta-frente-a-amenidades-en-parques-vallarta?agent=javier373&lang=es
Zapopan,Casa,VENTA,8500000,,3.0,3.0,270,https://www.aciertamax.com/property/casa-gemelos?agent=javier373&lang=es
Zapopan,Casa en condominio,VENTA,8500000,"Casa en Venta en Valle Imperial Valle Imperial, Zapopan Casa en cond",4.0,5.0,290,https://www.aciertamax.com/property/casa-en-venta-en-valle-imperial-7a790079-a020-409a-a170-9de9cd7bfc66?agent=javier373&lang=es
Zapopan,Departamento,VENTA,8500000,"Departamento amueblado en venta en south ventura Puerta del Valle, Zapopan Departament",2.0,2.0,130,https://www.aciertamax.com/property/departamento-amueblado-en-venta-en-south-ventura?agent=javier373&lang=es
Zapopan,Casa en condominio,VENTA,8500000,"Casa en condominio 3 recámaras, 5 baños 360 m² Ver detalles",3.0,5.0,360,https://www.aciertamax.com/property/venta-casa-de-lujo-en-valle-imperial?agent=javier373&lang=es
Zapopan,Casa en condominio,VENTA,8490000,Casa en Venta En Oportunidad | Valle Imperial - Coto Galo Valle Impe,4.0,4.0,312,https://www.aciertamax.com/property/casa-en-venta-en-oportunidad-valle-imperial-coto-galo-valle-imperial?agent=javier373&lang=es
Zapopan,Casa en condominio,VENTA,8450000,"Casa en venta en Parques Vallarta, Coto Abeto Bosques Vallarta, Zapo",4.0,4.0,207,https://www.aciertamax.com/property/casa-en-venta-en-parques-vallarta-coto-abeto-bd429040-fadb-4111-b50d-f6f5adee11e8?agent=javier373&lang=es
Zapopan,Casa,VENTA,8400000,"Casa en VENTA! Solares, Zapopan Casa 3 recámaras, 4 baños 224 m² Ver",3.0,4.0,224,https://www.aciertamax.com/property/magnifica-casa-en-venta-solares?agent=javier373&lang=es
Zapopan,Casa,VENTA,8390000,"Casa en Venta en Solares Coto Saveira Solares, Zapopan Casa 4 recáma",4.0,3.0,218,https://www.aciertamax.com/property/casa-en-venta-en-solares-coto-saveira-solares?agent=javier373&lang=es
Zapopan,Casa,VENTA,8250000,,3.0,4.0,233,https://www.aciertamax.com/property/casa-en-venta-frente-a-parque-dentro-de-periferico?agent=javier373&lang=es
Zapopan,Casa en condominio,VENTA,8190000,"Casa en Coto Altanza Soare III Solares, Zapopan Casa en condominio 4",4.0,4.0,220,https://www.aciertamax.com/property/venta-casa-en-coto-altanza-soare-iii?agent=javier373&lang=es
Zapopan,Departamento,VENTA,8100000,"Departamento en venta o renta COSMOCRAT Puerta de Hierro, Zapopan Departamen",2.0,2.0,92,https://www.aciertamax.com/property/departamento-en-venta-o-renta-cosmocrat-puerta-de-hierro-zapopan?agent=javier373&lang=es
Zapopan,Casa,VENTA,8100000,,3.0,5.0,246,https://www.aciertamax.com/property/casa-en-preventa-col-bosques-vallarta-bosques-vallarta?agent=javier373&lang=es
Zapopan,Casa,VENTA,8100000,,4.0,4.0,207,https://www.aciertamax.com/property/casa-en-venta-parques-vallarta-s0lares-zapopan-jalisco?agent=javier373&lang=es
Zapopan,Casa,VENTA,8000000,,7.0,3.0,767,https://www.aciertamax.com/property/vista-hermosa-terraza-con-dos-casas-en-venta-vista-hermosa?agent=javier373&lang=es
Zapopan,Casa en condominio,VENTA,7950000,"Casa en VENTA en Los Robles Residencial, Zapopan. Los Robles Residen",3.0,4.0,260,https://www.aciertamax.com/property/casa-en-venta-en-los-robles-residencial-zapopan-los-robles-residencial?agent=javier373&lang=es
Zapopan,Casa en condominio,VENTA,7950000,"Casa en VENTA en Los Robles Residencial, Zapopan. Los Robles Residen",3.0,4.0,540,https://www.aciertamax.com/property/casa-en-venta-en-los-robles-zapopan-jalisco-los-robles-casa-en-condominio?agent=javier373&lang=es
Zapopan,Casa en condominio,VENTA,7950000,"Casa en condominio en venta Seattle Seattle, Zapopan Casa en condomi",3.0,3.0,160,https://www.aciertamax.com/property/casa-en-condominio-en-venta-seattle-seattle-zapopan?agent=javier373&lang=es
Zapopan,Casa,VENTA,7950000,"Casa con elevador en Venta en Los Robles Residencial Los Robles, Zapopan Casa 4 r",4.0,4.0,300,https://www.aciertamax.com/property/casa-con-elevador-en-venta-en-los-robles-residencial?agent=javier373&lang=es
Zapopan,Casa en condominio,VENTA,7950000,"Casa en coto privado muy cerca del TEC y Colegio Ciencias Solares, Z",4.0,5.0,205,https://www.aciertamax.com/property/estrena-residencia-con-4-recamaras-nueva-con-roof-garden?agent=javier373&lang=es
Zapopan,Casa,VENTA,7949000,"Casa Nueva en Venta en Vitana, Altavista Residencial Zapopan Vitana Reside",3.0,2.0,206,https://www.aciertamax.com/property/casa-nueva-en-venta-en-vitana-altavista-residencial-zapopan?agent=javier373&lang=es
Zapopan,Departamento,VENTA,7920000,,2.0,2.0,117,https://www.aciertamax.com/property/hermoso-departamento-en-ventura?agent=javier373&lang=es
Zapopan,Casa,VENTA,7900000,,2.0,3.0,236,https://www.aciertamax.com/property/casa-remodelada-en-bosques-vallarta-amplios-espacios?agent=javier373&lang=es
Zapopan,Departamento,VENTA,7900000,Departamento en renta y/o venta Torre Lirica | Virreyes | Zapopan Virreyes R,2.0,2.0,89,https://www.aciertamax.com/property/departamento-en-renta-y-o-venta-torre-lirica-virreyes-zapopan?agent=javier373&lang=es
Zapopan,Departamento,VENTA,7900000,,3.0,2.0,150,https://www.aciertamax.com/property/departamento-iconia-hard-rock-camino-real?agent=javier373&lang=es
Zapopan,Casa,VENTA,7900000,,3.0,4.0,192,https://www.aciertamax.com/property/casa-en-venta-en-jardin-real-5b644b63-999c-4f1a-8464-eb9e7ac7e0fb?agent=javier373&lang=es
Zapopan,Casa en condominio,VENTA,7900000,"Casa en condominio 4 recámaras, 3 baños 200 m² Ver detalles",4.0,3.0,200,https://www.aciertamax.com/property/excelente-casa-nueva-en-coto-solares?agent=javier373&lang=es
Zapopan,Casa en condominio,VENTA,7900000,"Casa en ciudad granja Ciudad Granja, Zapopan Casa en condominio 3 re",3.0,2.0,202,https://www.aciertamax.com/property/casa-en-ciudad-granja-34d7e4c4-e0d9-48b5-8450-ec2bdc714285?agent=javier373&lang=es
Zapopan,Casa,VENTA,7900000,,4.0,2.0,328,https://www.aciertamax.com/property/casa-en-venta-en-eucalipto-vallarta-eucalipto-vallarta?agent=javier373&lang=es
Zapopan,Casa en condominio,VENTA,7890000,"Casa en condominio 3 recámaras, 3 baños 271 m² Ver detalles",3.0,3.0,271,https://www.aciertamax.com/property/casa-en-venta-en-condominio-vitana?agent=javier373&lang=es
Zapopan,Casa en condominio,VENTA,7870000,"Casa en Venta - Solares Coto Saveira Solares, Zapopan Casa en condom",4.0,4.0,218,https://www.aciertamax.com/property/casa-en-venta-solares-coto-saveira?agent=javier373&lang=es
Zapopan,Casa en condominio,VENTA,7870000,"Casa en condominio Solares frente a área común Solares, Zapopan Casa",4.0,4.0,240,https://www.aciertamax.com/property/casa-en-condominio-solares-frente-a-area-comun-solares-casa-en-condominio?agent=javier373&lang=es
Zapopan,Casa en condominio,VENTA,7870000,"Casa en Venta en Solares dentro de coto Solares, Zapopan Casa en con",4.0,4.0,218,https://www.aciertamax.com/property/casa-en-venta-en-solares-dentro-de-coto-solares-casa-en-condominio?agent=javier373&lang=es
Zapopan,Casa en condominio,VENTA,7850000,"Casa a estrenar en coto Abeto en Parques Vallarta Parques Vallarta, Zapopan Cas",4.0,4.0,234,https://www.aciertamax.com/property/casa-a-estrenar-en-coto-abeto-en-parques-vallarta?agent=javier373&lang=es
Zapopan,Casa,VENTA,7850000,"Casa en venta en Coto Encinos Los Robles, Zapopan Casa 4 recámaras,",4.0,4.0,230,https://www.aciertamax.com/property/casa-en-venta-en-coto-encinos?agent=javier373&lang=es
Zapopan,Departamento,VENTA,7850000,,2.0,2.0,120,https://www.aciertamax.com/property/vista-lomas-departamento-en-venta-torre-c?agent=javier373&lang=es
Zapopan,Casa en condominio,VENTA,7800000,"Casa Pandurata en Venta en Zapopan Virreyes Residencial, Zapopan Clave interna",3.0,4.0,226,https://www.aciertamax.com/property/casa-pandurata-en-venta-en-zapopan?agent=javier373&lang=es
Zapopan,Casa en condominio,VENTA,7790000,"Casa en condominio 4 recámaras, 5 baños 235 m² Ver detalles",4.0,5.0,235,https://www.aciertamax.com/property/excelente-casa-en-venta-en-los-robles-residencial?agent=javier373&lang=es
Zapopan,Casa,VENTA,7750000,"Casa en Venta – Paseos del sol, Zapopan, Jalisco. Paseos del Sol, Za",3.0,2.0,330,https://www.aciertamax.com/property/casa-en-venta-paseos-del-sol-zapopan-jalisco-paseos-del-sol-zapopan?agent=javier373&lang=es
Zapopan,Casa,VENTA,7700000,"Casa en Venta Parques Vallarta impecable Parques Vallarta, Zapopan C",4.0,5.0,228,https://www.aciertamax.com/property/casa-en-venta-parques-vallarta-impecable-parques-vallarta?agent=javier373&lang=es
Zapopan,Departamento,VENTA,7700000,"Departamento en VENTA Naciones Unidas Villa Verona, Zapopan Departamento 2 r",2.0,2.0,87.81,https://www.aciertamax.com/property/departamento-en-renta-naciones-unidas-villa-verona-zapopan?agent=javier373&lang=es
Zapopan,Departamento,VENTA,7700000,Departamentos en Venta Zapopan Torre ZENTRAL - ZONA VALLE REAL - ANDARES Puer,3.0,2.0,151,https://www.aciertamax.com/property/departamentos-en-venta-zapopan-torre-zentral-zona-valle-real-andares-9c3c9bc7-299f-4afc-9c68-78cdf11fd619?agent=javier373&lang=es
Zapopan,Casa,VENTA,7700000,,3.0,5.0,225,https://www.aciertamax.com/property/casa-venta-parques-vallarta-parques-vallarta-zapopan?agent=javier373&lang=es
Zapopan,Departamento,VENTA,7700000,Departamentos en Venta Zapopan Torre ZENTRAL - ZONA VALLE REAL - ANDARES Vall,3.0,2.0,151,https://www.aciertamax.com/property/departamentos-en-venta-zapopan-torre-zentral-zona-valle-real-andares-valle-real-departamento?agent=javier373&lang=es
Zapopan,Casa,VENTA,7700000,,3.0,3.0,200,https://www.aciertamax.com/property/casa-en-venta-en-insignia-habitat-jocotan?agent=javier373&lang=es
Zapopan,Casa en condominio,VENTA,7700000,"Casa en venta Real Valdepeñas Fraccionamiento Real de Valdepeñas, Za",3.0,3.0,350,https://www.aciertamax.com/property/casa-en-venta-real-valdepenas-fraccionamiento-real-de-valdepenas?agent=javier373&lang=es
Zapopan,Departamento,VENTA,7700000,,3.0,2.0,152,https://www.aciertamax.com/property/departamento-en-venta-torre-zentral-frente-a-puerta-de-hierro?agent=javier373&lang=es
Zapopan,Casa en condominio,VENTA,7690000,"Casa en Zapopan Venta Coto La Cima - Coto C La Cima, Zapopan Casa en",4.0,4.0,210,https://www.aciertamax.com/property/casa-en-zapopan-venta-coto-la-cima-coto-c-29091e32-d3e6-41f8-a8a4-fec55e9d71d9?agent=javier373&lang=es
Zapopan,Casa en condominio,VENTA,7690000,"Casa en Zapopan Venta Coto La Cima - Coto C La Cima, Zapopan Casa en",4.0,4.0,210,https://www.aciertamax.com/property/casa-en-zapopan-venta-coto-la-cima-coto-c-27ad7d8a-9bd6-4bf5-aa29-02a446e6b8f5?agent=javier373&lang=es
Zapopan,Casa en condominio,VENTA,7690000,"Casa en Zapopan Venta Coto La Cima - Coto C La Cima, Zapopan Casa en",4.0,4.0,210,https://www.aciertamax.com/property/casa-en-zapopan-venta-coto-la-cima-coto-c-316d8aa0-c377-4122-a422-f11830b5cabf?agent=javier373&lang=es
Zapopan,Casa en condominio,VENTA,7690000,"Casa en Zapopan Venta Coto La Cima - Coto C La Cima, Zapopan Casa en",4.0,4.0,210,https://www.aciertamax.com/property/casa-en-zapopan-venta-coto-la-cima-coto-c-cac3ffe3-33e4-48ad-ad94-a1beee56abd7?agent=javier373&lang=es
Zapopan,Departamento,VENTA,7679400,"Departamento en venta en Parque Metropolitano Rinconada Del Parque, Zapopan",3.0,3.0,127.99,https://www.aciertamax.com/property/departamento-en-venta-a-unos-pasos-del-parque-metropolitano-7811b04b-013e-470d-b053-874420599549?agent=javier373&lang=es
Zapopan,Casa,VENTA,7650000,,4.0,3.0,210,https://www.aciertamax.com/property/casa-la-cima-recamara-planta-baja?agent=javier373&lang=es
Zapopan,Departamento,VENTA,7600000,,3.0,3.0,180,https://www.aciertamax.com/property/venta-de-departamento-pb-en-el-desarrollo-exclusivo-eniti?agent=javier373&lang=es
Zapopan,Casa en condominio,VENTA,7600000,"Casa Bosques Vallarta - 5 Recámaras Bosques Vallarta, Zapopan Casa en condominio 5 recámaras, 5 baños 261 m² Ver detalles",5.0,5.0,261,https://www.aciertamax.com/property/casa-bosques-vallarta-5-recamaras?agent=javier373&lang=es
Zapopan,Casa en condominio,VENTA,7600000,"Casa en venta en Solares Solares, Zapopan Casa en condominio 3 recám",3.0,3.0,185,https://www.aciertamax.com/property/casa-en-venta-en-solares-c6aa4057-9e7f-4f8d-8f23-db6fd0bf0e47?agent=javier373&lang=es
Zapopan,Casa en condominio,VENTA,7580000,Casa en ambiente familiar con todo lo que necesitas a tu alrededor S,3.0,3.0,176.06,https://www.aciertamax.com/property/tu-nueva-casa-con-roof-garden-vista-a-areas-verdes?agent=javier373&lang=es
Zapopan,Departamento,VENTA,7550000,,3.0,2.0,165,https://www.aciertamax.com/property/penthouse-en-venta-torre-sky-garden-ciudad-granja-zapopan?agent=javier373&lang=es
Zapopan,Departamento,VENTA,7550000,,3.0,2.0,165,https://www.aciertamax.com/property/penthouse-en-venta-en-zapopan-jalisco-ciudad-granja?agent=javier373&lang=es
Zapopan,Departamento,VENTA,7500000,,2.0,2.0,,https://www.aciertamax.com/property/magnificos-departamentos-en-venta-lomas-altas?agent=javier373&lang=es
Zapopan,Departamento,VENTA,7500000,"Departamento en venta Giverny Valle Real, Zapopan Departamento 2 recámaras,",2.0,2.0,105,https://www.aciertamax.com/property/departamento-en-venta-giverny-valle-real?agent=javier373&lang=es
Zapopan,Casa,VENTA,7500000,,5.0,4.0,244,https://www.aciertamax.com/property/casa-en-venta-ciudad-del-sol-beeed8b2-dc8c-4b7c-9e4d-d1bba7501103?agent=javier373&lang=es
Zapopan,Casa en condominio,VENTA,7500000,"Casa en condominio 4 recámaras, 4 baños 238 m² Ver detalles",4.0,4.0,238,https://www.aciertamax.com/property/casa-en-venta-valle-imperial-d0bd6774-a9c5-4f0e-b3fb-5e702e9ec629?agent=javier373&lang=es
Zapopan,Casa en condominio,VENTA,7500000,"Casa en venta en Solares Solares, Zapopan Casa en condominio 3 recám",3.0,4.0,180,https://www.aciertamax.com/property/casa-en-venta-en-solares-9e0fd1ee-4d84-4038-abb8-3e114af711b8?agent=javier373&lang=es
Zapopan,Casa,VENTA,7500000,,4.0,2.0,208,https://www.aciertamax.com/property/casa-en-venta-con-4-recamaras-en-la-estancia-real-vallarta-zapopan?agent=javier373&lang=es
Zapopan,Casa,VENTA,7499000,,4.0,2.0,178.11,https://www.aciertamax.com/property/casa-en-venta-en-col-vallarta-la-patria-a-1-min-de-av-lazaro-cardenas?agent=javier373&lang=es
Zapopan,Casa,VENTA,7495000,"Casa en VENTA en Bosques Vallarta Bosques Vallarta, Zapopan Casa 3 r",3.0,3.0,230,https://www.aciertamax.com/property/casa-en-venta-en-parques-vallarta-69cc791f-f17b-416d-80ea-f9a9c2a52e37?agent=javier373&lang=es
Zapopan,Casa en condominio,VENTA,7490000,"Casa en venta, VALLE IMPERIAL Valle Imperial, Zapopan Casa en condom",4.0,4.0,230,https://www.aciertamax.com/property/casa-en-venta-valle-imperial-311eaacb-40cc-40a0-ae2f-2350e42afc34?agent=javier373&lang=es
Zapopan,Departamento,VENTA,7480000,,3.0,2.0,141,https://www.aciertamax.com/property/depa-soho-tipo-queens-a?agent=javier373&lang=es
Zapopan,Casa,VENTA,7400000,Casa en venta en Bugambilias con vista espectacular Ciudad Bugambili,3.0,4.0,208,https://www.aciertamax.com/property/casa-en-venta-en-bugambilias-con-vista-espectacular?agent=javier373&lang=es
Zapopan,Casa en condominio,VENTA,7350000,"Casa en condominio 4 recámaras, 2 baños 330 m² Ver detalles",4.0,2.0,330,https://www.aciertamax.com/property/bugambilias-casa-amplia-en-coto?agent=javier373&lang=es
Zapopan,Casa en condominio,VENTA,7350000,"Casa en Venta en Solares Coto 8 Solares, Zapopan Casa en condominio",3.0,4.0,260,https://www.aciertamax.com/property/casa-en-venta-en-solares-coto-8-solares-zapopan?agent=javier373&lang=es
Zapopan,Casa en condominio,VENTA,7300000,"Casa en venta, Las Cañadas COTO LA RESERVA Las Cañadas, Zapopan Casa",3.0,4.0,260,https://www.aciertamax.com/property/casa-en-venta-las-canadas-coto-la-pradera-las-canadas?agent=javier373&lang=es
Zapopan,Casa,VENTA,7300000,,4.0,3.0,200,https://www.aciertamax.com/property/casa-en-renta-paseos-del-sol-3085e0a8-b378-4d41-a81a-a1d1e48f66de?agent=javier373&lang=es
Zapopan,Casa,VENTA,7300000,"Casa en venta  Solares coto Soare Zanthe Solares, Zapopan Casa 3 rec",3.0,3.0,228,https://www.aciertamax.com/property/casa-en-venta-solares-coto-soare-zanthe?agent=javier373&lang=es
Zapopan,Departamento,VENTA,7250000,,2.0,2.0,120,https://www.aciertamax.com/property/vista-lomas-parque-residencial-lomas-altas-zapopan?agent=javier373&lang=es
Zapopan,Casa en condominio,VENTA,7200000,"Casa en venta Ciudad Granja Ciudad Granja, Zapopan Casa en condomini",2.0,2.0,135.86,https://www.aciertamax.com/property/casa-en-venta-ciudad-granja-afff7135-faa6-474e-a300-67f05c7bd104?agent=javier373&lang=es
Zapopan,Departamento,VENTA,7200000,,2.0,2.0,127,https://www.aciertamax.com/property/depto-vitia-toscana-zona-real-planta-baja?agent=javier373&lang=es
Zapopan,Casa en condominio,VENTA,7200000,"Casa en condominio 3 recámaras, 3 baños 135.62 m² Ver detalles",3.0,3.0,135.62,https://www.aciertamax.com/property/casa-en-venta-en-bugambilias-remodelacion-en-proceso?agent=javier373&lang=es
Zapopan,Casa en condominio,VENTA,7200000,"Casa en venta en Ciudad Granja, Andador Peret Ciudad Granja, Zapopan",3.0,2.0,146,https://www.aciertamax.com/property/casa-en-venta-en-ciudad-granja-andador-peret?agent=javier373&lang=es
Zapopan,Casa en condominio,VENTA,7190000,"Casa en condominio 4 recámaras, 5 baños 235 m² Ver detalles",4.0,5.0,235,https://www.aciertamax.com/property/casa-moderna-en-venta-valle-imperial-coto-imperio-sueco?agent=javier373&lang=es
Zapopan,Departamento,VENTA,7150000,,2.0,2.0,98.13,https://www.aciertamax.com/property/depto-2-rec-shoji-living-valle-real-zapopan-padel-alberca?agent=javier373&lang=es
Zapopan,Departamento,VENTA,7100000,,4.0,4.0,93,https://www.aciertamax.com/property/piso-con-4-estudios-en-venta-ciudad-granja?agent=javier373&lang=es
Zapopan,Departamento,VENTA,7098372,"Departamentos  en Zona Real Jardines Del Valle, Zapopan Departamento 3 recámar",3.0,2.0,110.44,https://www.aciertamax.com/property/departamentos-en-zona-real-jardines-del-valle-zapopan?agent=javier373&lang=es
Zapopan,Departamento,VENTA,7098372,"Departamentos  en Zona Real Jardines Del Valle, Zapopan Departamento 3 recámar",3.0,2.0,110.44,https://www.aciertamax.com/property/departamentos-en-zona-real-jardines-del-valle?agent=javier373&lang=es
Zapopan,Departamento,VENTA,7098372,"Departamentos  en Zona Real Jardines Del Valle, Zapopan Departamento 3 recámar",3.0,2.0,110.44,https://www.aciertamax.com/property/departamento-en-torre-del-prado-puerta-las-lomas-puerta-las-lomas-zapopan?agent=javier373&lang=es
Zapopan,Departamento,VENTA,7098372,"Departamentos  en Zona Real Jardines Del Valle, Zapopan Departamento 3 recámar",3.0,2.0,110.44,https://www.aciertamax.com/property/departamento-en-torre-del-prado-da4c368e-b74f-42e1-a319-1637aa3156f7?agent=javier373&lang=es
Zapopan,Departamento,VENTA,7098372,"Departamentos  en Zona Real Jardines Del Valle, Zapopan Departamento 3 recámar",3.0,2.0,110.44,https://www.aciertamax.com/property/exclusivo-departamento-en-torre-del-prado-puerta-las-lomas?agent=javier373&lang=es
Zapopan,Casa,VENTA,7000000,"Casa en Venta en Jardín Real COTO 6 Jardín Real, Zapopan Casa 3 recá",3.0,3.0,211,https://www.aciertamax.com/property/casa-en-venta-en-jardin-real-coto-6-jardin-real-casa?agent=javier373&lang=es
Zapopan,Casa en condominio,VENTA,6990000,"Casa en venta en Valle Imperial Valle Imperial, Zapopan Casa en cond",5.0,5.0,265,https://www.aciertamax.com/property/casa-en-venta-en-valle-imperial-7fa35fe7-61dc-47cd-8dbb-4ab11d461e7b?agent=javier373&lang=es
Zapopan,Casa en condominio,VENTA,6950000,Casa en venta Alambra Real valdepeñas Fraccionamiento Real de Valdep,4.0,3.0,350,https://www.aciertamax.com/property/casa-en-venta-alambra-real-valdepenas?agent=javier373&lang=es
Zapopan,Casa,VENTA,6950000,,4.0,3.0,290,https://www.aciertamax.com/property/casa-venta-lomas-de-atemajac-zapopan?agent=javier373&lang=es
Zapopan,Departamento,VENTA,6950000,"Departamento 2 Recamaras en Distrito CUBE Lomas Altas, Zapopan Clave interna: C608 Depar",2.0,2.0,123,https://www.aciertamax.com/property/home-penthouse-departamento-2-recamaras-en-distrito-cube?agent=javier373&lang=es
Zapopan,Casa en condominio,VENTA,6950000,"Casa en Venta, en la Cima, Zapopan La Cima, Zapopan Casa en condomin",3.0,3.0,210,https://www.aciertamax.com/property/casa-en-venta-en-la-cima-zapopan-f61e3ae1-8ed1-4018-b37c-ac7e619a64ca?agent=javier373&lang=es
Zapopan,Casa en condominio,VENTA,6950000,"Casa en condominio 3 recámaras, 3 baños 210 m² Ver detalles",3.0,3.0,210,https://www.aciertamax.com/property/casa-en-venta-en-zapopan-jalisco-la-cima?agent=javier373&lang=es
Zapopan,Departamento,VENTA,6950000,"Departamento en Venta Amueblado en Colomos Providencia Colomos Patria, Zapop",2.0,2.0,95,https://www.aciertamax.com/property/departamento-en-venta-en-colomos-providencia-d03c45ec-5cc2-4459-90fe-93f72f33f485?agent=javier373&lang=es
Zapopan,Casa en condominio,VENTA,6950000,"Casa en Venta en Valle Imperial Valle Imperial, Zapopan Casa en cond",4.0,4.0,245,https://www.aciertamax.com/property/casa-en-venta-en-valle-imperial-valle-imperial-departamento?agent=javier373&lang=es
Zapopan,Departamento,VENTA,6900000,"Departamento en venta, Valle Real CIMA 200 Valle Real, Zapopan Departamento",2.0,2.0,150,https://www.aciertamax.com/property/departamento-en-venta-valle-real-cima-200?agent=javier373&lang=es
Zapopan,Casa en condominio,VENTA,6900000,"Casa en Venta Valle Imperial Valle Imperial, Zapopan Casa en condomi",3.0,3.0,212,https://www.aciertamax.com/property/casa-en-venta-valle-imperial-879ffbdb-bf6d-404b-bf62-e67133942c7b?agent=javier373&lang=es
Zapopan,Departamento,VENTA,6900000,"Departamento en Venta en Meridiano 103 ciudad granja Zapopan Ciudad Granja,",2.0,2.0,88,https://www.aciertamax.com/property/departamento-en-venta-en-meridiano-103-ciudad-granja-zapopan-ciudad-granja?agent=javier373&lang=es
Zapopan,Casa,VENTA,6900000,"Casa Nueva en Venta Real de Valdepeñas Real de Valdepeñas, Zapopan Casa 3",3.0,4.0,215,https://www.aciertamax.com/property/hermosa-casa-nueva-en-venta-real-de-valdepenas?agent=javier373&lang=es
Zapopan,Casa,VENTA,6900000,"Casa en venta en Prados Tepeyac Prados Tepeyac, Zapopan Casa 4 recám",4.0,2.0,200,https://www.aciertamax.com/property/casa-en-venta-en-chapalita-1fd843b4-22ab-4264-9af6-6557858bff9c?agent=javier373&lang=es
Zapopan,Casa,VENTA,6900000,"Casa en Venta en Valle Imperial, Zapopan – Acabados de Lujo y Techos",3.0,3.0,220,https://www.aciertamax.com/property/casa-en-venta-en-valle-imperial-zapopan-acabados-de-lujo-y-techos-de-gran-alt?agent=javier373&lang=es
Zapopan,Departamento,VENTA,6806736,"Departamento en venta López Mateos - DÚO 24 Loma Bonita, Zapopan Departament",3.0,2.0,116.1,https://www.aciertamax.com/property/departamento-en-venta-lopez-mateos-duo-24?agent=javier373&lang=es
Zapopan,Casa en condominio,VENTA,6800000,"Casa a estrenar Coto Asturias Valdepeñas, Zapopan Real de Valdepeñas, Zapopan Casa en condominio 4 recámaras, 4 baños 229 m² Ver detalles",4.0,4.0,229,https://www.aciertamax.com/property/casa-a-estrenar-coto-asturias-valdepenas-zapopan?agent=javier373&lang=es
Zapopan,Casa en condominio,VENTA,6800000,"Casa en Venta en Valle Imperial Coto Bizantino Valle Imperial, Zapop",4.0,3.0,282,https://www.aciertamax.com/property/casa-en-venta-en-valle-imperial-coto-bizantino-valle-imperial?agent=javier373&lang=es
Zapopan,Casa,VENTA,6800000,,3.0,3.0,172,https://www.aciertamax.com/property/venta-de-casa-en-valle-imperial-coto-bizantino-valle-imperial-zapopan?agent=javier373&lang=es
Zapopan,Casa,VENTA,6800000,"Casa en VENTA en Vitana Residencial Altavista Residencial, Zapopan C",3.0,3.0,200,https://www.aciertamax.com/property/casa-en-venta-en-vitana-residencial-1731dd85-32a6-48fb-873e-a62e79fd79cd?agent=javier373&lang=es
Zapopan,Departamento,VENTA,6799000,"Departamento en VENTA excelente! Solares, Zapopan Departamento 3 recámaras,",3.0,2.0,100,https://www.aciertamax.com/property/departamento-en-venta-excelente-solares?agent=javier373&lang=es
Zapopan,Casa en condominio,VENTA,6790000,"Casa en condominio 3 recámaras, 3 baños 240 m² Ver detalles",3.0,3.0,240,https://www.aciertamax.com/property/gran-oportunidad-casa-en-condominio-zona-los-cubos-zapopan?agent=javier373&lang=es
Zapopan,Casa,VENTA,6790000,"Casa en Valle Imperial - Coto Sueco Valle Imperial, Zapopan Casa 3 r",3.0,5.0,260,https://www.aciertamax.com/property/casa-en-valle-imperial-coto-sueco-valle-imperial?agent=javier373&lang=es
Zapopan,Casa,VENTA,6700000,"Casa Coto Bizantino Tu refugio contemporáneo en el corazón de Valle Imperial Valle Imperial, Zapopan Casa 4",4.0,3.0,275,https://www.aciertamax.com/property/casa-bizantino-tu-refugio-contemporaneo-en-el-corazon-de-valle-imperial?agent=javier373&lang=es
Zapopan,Casa,VENTA,6700000,Casa en Venta Zapopan Fraccionamiento Rinconada del Sol - JUNTO A PL,4.0,3.0,316,https://www.aciertamax.com/property/casa-en-venta-zapopan-fraccionamiento-rinconada-del-sol-junto-a-plaza-del-sol-133fee70-a67e-4877-98a5-de4d47332ccc?agent=javier373&lang=es
Zapopan,Casa en condominio,VENTA,6700000,"Casa en condominio 3 recámaras, 3 baños 292 m² Ver detalles",3.0,3.0,292,https://www.aciertamax.com/property/casa-con-sotano-3-recamaras?agent=javier373&lang=es
Zapopan,Casa en condominio,VENTA,6690000,Casa en venta dentro de coto / Zona Bugambilias primera sección Ciud,4.0,3.0,275.89,https://www.aciertamax.com/property/casa-en-venta-dentro-de-coto-zona-bugambilias-primera-seccion?agent=javier373&lang=es
Zapopan,Casa,VENTA,6650000,"Casa de Venta en Almendros Residencial en Zapopan Valle de San Isidro, Zapopa",4.0,3.0,230,https://www.aciertamax.com/property/casa-de-venta-en-almendros-residencial-en-zapopan?agent=javier373&lang=es
Zapopan,Casa,VENTA,6600000,"Casa en venta Vallarta la Patria Vallarta La Patria, Zapopan Casa 3",3.0,2.0,165,https://www.aciertamax.com/property/casa-en-venta-vallarta-la-patria-vallarta-la-patria?agent=javier373&lang=es
Zapopan,Departamento,VENTA,6591400,"Departamento en Venta 2 Pisos, Torre Nagu en Eva Briseño Santa Fe, Zapopan D",1.0,1.0,103.04,https://www.aciertamax.com/property/departamento-en-venta-torre-nagu-en-eva-briseno-santa-fe?agent=javier373&lang=es
Zapopan,Casa,VENTA,6550000,,5.0,2.0,245,https://www.aciertamax.com/property/pinar-de-la-calma-c8f77790-c26a-4770-bf15-767178f6cb16?agent=javier373&lang=es
Zapopan,Casa,VENTA,6500000,"Casa en Venta  Venta del Astillero La Venta Del Astillero, Zapopan C",3.0,3.0,242,https://www.aciertamax.com/property/casa-en-venta-venta-del-astillero?agent=javier373&lang=es
Zapopan,Departamento,VENTA,6500000,"Departamentos en Ciudad Granja Ciudad Granja, Zapopan Departamento 3 recámara",3.0,2.0,107.55,https://www.aciertamax.com/property/departamentos-en-ciudad-granja-34644896-7a3a-4135-b9aa-fedb81a393f1?agent=javier373&lang=es
Zapopan,Casa en condominio,VENTA,6490000,"Casa en venta, RESIDENCIAL LA CIMA La Cima, Zapopan Casa en condomin",4.0,3.0,195,https://www.aciertamax.com/property/casa-en-venta-residencial-la-cima-la-cima-zapopan?agent=javier373&lang=es
Zapopan,Casa en condominio,VENTA,6480000,"Casa en venta MUNAH Residencial Camino Real, Zapopan Casa en condomi",3.0,3.0,190,https://www.aciertamax.com/property/casa-en-venta-munah-residencial?agent=javier373&lang=es
Zapopan,Casa en condominio,VENTA,6400000,"Casa en venta en Valle Imperial, Zapopan Valle Imperial, Zapopan Cas",4.0,3.0,235,https://www.aciertamax.com/property/casa-en-venta-en-valle-imperial-zapopan-0746ec64-6644-4182-83a0-95bf9042440e?agent=javier373&lang=es
Zapopan,Casa,VENTA,6400000,"Casa en venta en Loma Bonita Loma Bonita, Zapopan Casa 4 recámaras,",4.0,3.0,245,https://www.aciertamax.com/property/casa-en-venta-en-loma-bonita-92eae8e6-d10b-44f6-bb17-1de948c1c9dc?agent=javier373&lang=es
Zapopan,Departamento,VENTA,6395000,"Departamento en Venta en Torre Eniti Zapopan Ciudad Del Sol, Zapopan Departa",2.0,2.0,104,https://www.aciertamax.com/property/departamento-en-venta-en-torre-eniti-zapopan?agent=javier373&lang=es
Zapopan,Casa en condominio,VENTA,6390000,Casa a Estrenar en Venta en Valle Imperial con Excelente Distribucion Valle Imp,5.0,4.0,252,https://www.aciertamax.com/property/casa-a-estrenar-en-venta-en-valle-imperial-con-excelente-distribucion?agent=javier373&lang=es
Zapopan,Casa en condominio,VENTA,6390000,Casa a Estrenar en Venta en Valle Imperial con Excelente Distribucion Valle Imp,5.0,4.0,252,https://www.aciertamax.com/property/casa-a-estrenar-en-venta-en-valle-imperial-con-excelente-distribucion-valle-imperial?agent=javier373&lang=es
Zapopan,Departamento,VENTA,6389900,,2.0,2.0,116,https://www.aciertamax.com/property/departamento-frente-al-tec-de-monterrey-indigena-san-juan-de-ocotan?agent=javier373&lang=es
Zapopan,Casa en condominio,VENTA,6375132,"Casa en Venta, Fraccionamiento sendas, Zapopan, Jal Valle Imperial,",3.0,3.0,244.6,https://www.aciertamax.com/property/casa-en-venta-fraccionamiento-sendas-zapopan-jal?agent=javier373&lang=es
Zapopan,Departamento,VENTA,6270000,,2.0,2.0,117,https://www.aciertamax.com/property/departamento-en-venta-en-ciudad-granja-89af84aa-a287-42ba-b12a-04246a1cb9a2?agent=javier373&lang=es
Zapopan,Casa en condominio,VENTA,6250000,"Casa Venta Dentro de Coto En Bugambilias Ciudad Bugambilia, Zapopan Casa en condominio 3 recámaras, 3 baños 178 m² Ver detalles",3.0,3.0,178,https://www.aciertamax.com/property/casa-renta-o-venta-dentro-de-coto-en-bugambilias?agent=javier373&lang=es
Zapopan,Casa,VENTA,6250000,"Casa en Venta en Las Águilas, Zapopan  Acabados de Lujo y Terraza Pa",3.0,3.0,247,https://www.aciertamax.com/property/casa-en-venta-en-las-aguilas-zapopan-acabados-de-lujo-y-terraza-panoramica?agent=javier373&lang=es
Zapopan,Casa en condominio,VENTA,6200000,"Casa en condominio 3 recámaras, 3 baños 254 m² Ver detalles",3.0,3.0,254,https://www.aciertamax.com/property/amplia-casa-en-venta-en-los-almendros-residencial-zapopan?agent=javier373&lang=es
Zapopan,Departamento,VENTA,6200000,"Departamento con terraza en VENTA frente al Tecnológico de Monterrey Jocotan, Zapopan De",2.0,2.0,140,https://www.aciertamax.com/property/departamento-en-venta-frente-al-tecnologico-de-monterrey?agent=javier373&lang=es
Zapopan,Casa,VENTA,6200000,,4.0,5.0,221,https://www.aciertamax.com/property/venta-de-casa-en-capital-norte-coto-grand?agent=javier373&lang=es
Zapopan,Casa en condominio,VENTA,6200000,"Casa en Preventa en Valle Imperial Valle Imperial, Zapopan Casa en c",4.0,4.0,195,https://www.aciertamax.com/property/casa-en-venta-en-valle-imperial-40071aa6-d4a7-4682-8994-e3d8124ffd36?agent=javier373&lang=es
Zapopan,Casa en condominio,VENTA,6200000,"Casa Nueva de Lujo dentro de Condominio en Venta en Los Robles, Zapopan, Jalisco Los Robles, Zapopan Ca",3.0,4.0,190,https://www.aciertamax.com/property/casa-nueva-de-lujo-dentro-de-condominio-en-venta-en-los-robles-zapopan-jalisco?agent=javier373&lang=es
Zapopan,Departamento,VENTA,6200000,"Casa Nueva de Lujo dentro de Condominio en Venta en Los Robles, Zapopan, Jalisco Los Robles, Zapopan Ca",3.0,4.0,190,https://www.aciertamax.com/property/departamentos-en-preventa-en-av-mexico-juan-manuel-vallarta-zapopan-jalisco-juan-manuel-vallarta-zapopan?agent=javier373&lang=es
Zapopan,Departamento,VENTA,6200000,"Casa Nueva de Lujo dentro de Condominio en Venta en Los Robles, Zapopan, Jalisco Los Robles, Zapopan Ca",3.0,4.0,190,https://www.aciertamax.com/property/departamentos-en-preventa-en-av-mexico-juan-manuel-vallarta-zapopan-jalisco?agent=javier373&lang=es
Zapopan,Casa en condominio,VENTA,6200000,"Casa en condominio 4 recámaras, 4 baños 180 m² Ver detalles",4.0,4.0,180,https://www.aciertamax.com/property/amplia-casa-en-coto-turin-porta-real-4-recamaras?agent=javier373&lang=es
Zapopan,Casa en condominio,VENTA,6180000,Casa en Venta Valle Imperial Zapopan / como nueva / roof Garden / Im,3.0,4.0,220,https://www.aciertamax.com/property/casa-en-venta-valle-imperial-zapopan-como-nueva-roof-garden-imperio-maya?agent=javier373&lang=es
Zapopan,Casa en condominio,VENTA,6100000,"Casa en condominio 3 recámaras, 4 baños 276 m² Ver detalles",3.0,4.0,276,https://www.aciertamax.com/property/hermosa-casa-dentro-de-coto-en-valle-imperial-seccion-bosques?agent=javier373&lang=es
Zapopan,Departamento,VENTA,5990000,"Departamento en venta metropolitano Rinconada Del Parque, Zapopan Departamen",3.0,2.0,165,https://www.aciertamax.com/property/departamento-en-venta-metropolitano-rinconada-del-parque-zapopan?agent=javier373&lang=es
Zapopan,Departamento,VENTA,5990000,,3.0,2.0,142,https://www.aciertamax.com/property/departamento-en-venta-la-estancia-zapopan-jalisco-rinconada-del-parque?agent=javier373&lang=es
Zapopan,Casa,VENTA,5990000,,3.0,5.0,276,https://www.aciertamax.com/property/casa-en-valle-imperial-coto-almendros?agent=javier373&lang=es
Zapopan,Casa en condominio,VENTA,5990000,"Casa en condominio 4 recámaras, 3 baños 220 m² Ver detalles",4.0,3.0,220,https://www.aciertamax.com/property/casa-en-venta-en-valle-imperial-49b90da2-2bdd-4e62-802e-59c318995cae?agent=javier373&lang=es
Zapopan,Departamento,VENTA,5987565,"Departamento en Venta Zapopan TORRE ERIA GREEN CITY Jardines Del Sol, Zapopa",3.0,2.0,133,https://www.aciertamax.com/property/departamento-en-venta-zapopan-torre-eria-green-city-7e586011-5e05-4ab2-aaec-b8a72a375671?agent=javier373&lang=es
Zapopan,Casa en condominio,VENTA,5980000,"Casa en condominio 3 recámaras, 2 baños 223 m² Ver detalles",3.0,2.0,223,https://www.aciertamax.com/property/hermosa-residencia-totalmente-nueva-en-valle-imperial-coto-castano?agent=javier373&lang=es
Zapopan,Departamento,VENTA,5922000,,3.0,2.0,128.54,https://www.aciertamax.com/property/departamentos-en-preventa-torre-bermeo-ciudad-granja?agent=javier373&lang=es
Zapopan,Departamento,VENTA,5908200,"Departamento en venta Parque Metropolitano Rinconada Del Parque, Zapopan Dep",2.0,2.0,98.47,https://www.aciertamax.com/property/departamento-en-venta-a-unos-pasos-del-parque-metropolitano-rinconada-del-parque-departamento?agent=javier373&lang=es
Zapopan,Casa en condominio,VENTA,5900000,"Casa en venta en Esquina en Valle Imperial Valle Imperial, Zapopan C",3.0,3.0,266,https://www.aciertamax.com/property/casa-en-venta-en-esquina-en-valle-imperial-valle-imperial-casa-en-condominio?agent=javier373&lang=es
Zapopan,Casa en condominio,VENTA,5900000,"Casa en Venta en Esquina en Capital Norte Capital Norte, Zapopan Cas",3.0,2.0,230,https://www.aciertamax.com/property/casa-en-venta-en-esquina-en-capital-norte?agent=javier373&lang=es
Zapopan,Casa en condominio,VENTA,5900000,"Casa en condominio 4 recámaras, 4 baños 285 m² Ver detalles",4.0,4.0,285,https://www.aciertamax.com/property/casa-en-venta-en-valle-imperial-coto-bizantino-valle-imperial-zapopan?agent=javier373&lang=es
Zapopan,Casa en condominio,VENTA,5900000,"Casa en Venta en coto zona Altavista Zapopan Altavista Residencial,",4.0,3.0,200,https://www.aciertamax.com/property/casa-en-venta-en-coto-zona-altavista-zapopan?agent=javier373&lang=es
Zapopan,Casa,VENTA,5900000,"Casa en venta en Paseos del Sol Paseos del Sol, Zapopan Casa 3 recám",3.0,2.0,160,https://www.aciertamax.com/property/casa-en-venta-en-paseos-del-sol-83009d87-c0d9-4d22-b952-3c8618d5b292?agent=javier373&lang=es
Zapopan,Casa,VENTA,5850000,,3.0,3.0,245,https://www.aciertamax.com/property/casa-en-venta-en-la-calma-a-media-cuadra-de-lopez-mateos?agent=javier373&lang=es
Zapopan,Departamento,VENTA,5850000,"Casa en condominio 3 recámaras, 3 baños 250 m² Ver detalles",3.0,3.0,245,https://www.aciertamax.com/property/departamentos-en-preventa-santa-fe-zapopan?agent=javier373&lang=es
Zapopan,Casa en condominio,VENTA,5802000,Casas en venta Colinas San Isidro cerca de Cañadas Colinas de San Isi,3.0,2.0,187,https://www.aciertamax.com/property/casas-en-venta-colinas-san-isidro-cerca-de-canadas?agent=javier373&lang=es
Zapopan,Departamento,VENTA,5800000,Departamento en Venta en Anuva Residencial – Sobre Av. Naciones Unidas Virre,3.0,2.0,94,https://www.aciertamax.com/property/departamento-en-venta-en-anuva-residencial-sobre-av-naciones-unidas?agent=javier373&lang=es
Zapopan,Departamento,VENTA,5800000,"Departamento para vivir, disfrutarlo o invertir en ENITI Ciudad Del Sol, Zapopan Departamento 2 recámaras, 2 ba",2.0,2.0,106,https://www.aciertamax.com/property/excelente-departamento-para-vivirlo-o-invertir-en-eniti?agent=javier373&lang=es
Zapopan,Casa,VENTA,5799000,,3.0,4.0,250,https://www.aciertamax.com/property/venta-de-casa-en-valle-imperial-dentro-del-coto-espanol?agent=javier373&lang=es
Zapopan,Departamento,VENTA,5772105,,3.0,2.0,101.08,https://www.aciertamax.com/property/departamento-en-venta-en-duo-24-residencial-loma-bonita-zapopan?agent=javier373&lang=es
Zapopan,Casa,VENTA,5750000,,3.0,2.0,150,https://www.aciertamax.com/property/casa-en-venta-en-pinar-de-la-calma-ff4f3e96-4d1e-404b-9ba9-9c900d91bdd5?agent=javier373&lang=es
Zapopan,Departamento,VENTA,5750000,,2.0,2.0,121.48,https://www.aciertamax.com/property/departamento-en-venta-en-meridiano-103-47261743-cba1-4b66-9b49-d93c364a906f?agent=javier373&lang=es
Zapopan,Casa en condominio,VENTA,5750000,"Casa nueva en venta en Los Robles, Zapopan Los Robles, Zapopan Casa en con",3.0,4.0,207,https://www.aciertamax.com/property/casa-nueva-en-venta-en-los-robles-zapopan-los-robles?agent=javier373&lang=es
Zapopan,Departamento,VENTA,5749000,,2.0,2.0,119,https://www.aciertamax.com/property/depa-en-venta-frente-al-tec?agent=javier373&lang=es
Zapopan,Departamento,VENTA,5749000,,2.0,2.0,119,https://www.aciertamax.com/property/renta-depa-frente-al-tec?agent=javier373&lang=es
Zapopan,Casa en condominio,VENTA,5720000,"Casa en condominio 4 recámaras, 5 baños 207 m² Ver detalles",4.0,5.0,207,https://www.aciertamax.com/property/la-casa-de-tus-suenos-con-un-precio-de-oportunidad?agent=javier373&lang=es
Zapopan,Casa en condominio,VENTA,5700000,"Casa con Iluminación y Diseño Distintivo | 4 Recámaras Valle Imperial, Zapopan Casa en condominio 4 recámaras, 4 baños 185 m² Ver detalles",4.0,4.0,185,https://www.aciertamax.com/property/casa-con-iluminacion-y-diseno-distintivo-4-recamaras?agent=javier373&lang=es
Zapopan,Casa,VENTA,5690500,,4.0,3.0,185,https://www.aciertamax.com/property/venta-de-casa-en-valle-imperial-f8c383db-f392-438f-9ec3-e4179e7e2dfb?agent=javier373&lang=es
Zapopan,Departamento,VENTA,5670421,"Departamento en venta López Mateos - DÚO 24 Loma Bonita, Zapopan Departament",2.0,2.0,90.42,https://www.aciertamax.com/property/departamento-en-venta-en-lopez-mateos-duo-24?agent=javier373&lang=es
Zapopan,Casa en condominio,VENTA,5650000,"Casa a Estrenar en Valle Imperial Valle Imperial, Zapopan Casa en condominio 4",4.0,4.0,195,https://www.aciertamax.com/property/casa-a-estrenar-en-valle-imperial-valle-imperial-casa-en-condominio?agent=javier373&lang=es
Zapopan,Casa,VENTA,5650000,Casa nueva en venta en Argenta Altavista en Zapopan Argenta Mirador Reside,4.0,2.0,190,https://www.aciertamax.com/property/casa-nueva-en-venta-en-argenta-altavista-en-zapopan?agent=javier373&lang=es
Zapopan,Departamento,VENTA,5600000,,,,,https://www.aciertamax.com/property/excelentes-departamentos-en-venta-zapopan-centro?agent=javier373&lang=es
Zapopan,Casa,VENTA,5600000,,5.0,3.0,170,https://www.aciertamax.com/property/vitana-residencial-casa-en-venta-e82aa281-6b0c-4df6-982a-3fd23d5e022d?agent=javier373&lang=es
Zapopan,Casa en condominio,VENTA,5600000,"Casa Nueva en Venta Valle Imperial, Zapopan Casa en condominio 3 recámaras",3.0,4.0,180,https://www.aciertamax.com/property/casa-nueva-en-venta-9e187712-5d20-4708-983d-b1b2d83bafa5?agent=javier373&lang=es
Zapopan,Casa en condominio,VENTA,5580000,"Casa a Estrenar con Vista a Lago en Valle Imperial Valle Imperial, Zapopan Casa en condominio 4",4.0,3.0,130,https://www.aciertamax.com/property/casa-a-estrenar-con-vista-a-lago-en-valle-imperial?agent=javier373&lang=es
Zapopan,Departamento,VENTA,5500000,,1.0,1.0,97,https://www.aciertamax.com/property/se-vende-departamento-real-view-tower-zona-real-zapopan-residencial-poniente?agent=javier373&lang=es
Zapopan,Departamento,VENTA,5500000,Departamento en Venta Torre Agave Zapopan | Piso 11 | Cerca de Andares Puert,2.0,2.0,80,https://www.aciertamax.com/property/departamento-en-renta-en-torre-agave-zapopan-piso-11-80-m-27-000?agent=javier373&lang=es
Zapopan,Casa en condominio,VENTA,5500000,"Casa en venta Nouve residencial. El centinela. Zapopan El Centinela,",3.0,3.0,165,https://www.aciertamax.com/property/casa-en-venta-nouve-residencial-el-centinela-zapopan?agent=javier373&lang=es
Zapopan,Casa en condominio,VENTA,5500000,"Casa nueva en venta Coto Maya, Valle Imperial Valle Imperial, Zapopan Casa",4.0,3.0,200,https://www.aciertamax.com/property/casa-nueva-en-venta-coto-maya-valle-imperial?agent=javier373&lang=es
Zapopan,Departamento,VENTA,5500000,,3.0,2.0,75,https://www.aciertamax.com/property/departamento-en-renta-liva-residencial-solares-zapopan?agent=javier373&lang=es
Zapopan,Departamento,VENTA,5500000,"Departamento Remodelado en Venta en Ciudad del Sol Ciudad Del Sol, Zapopan Departamento",3.0,2.0,162,https://www.aciertamax.com/property/departamento-en-venta-en-ciudad-del-sol-e3fd6145-affa-4c3c-9dc1-ac5635c75e8c?agent=javier373&lang=es
Zapopan,Casa,VENTA,5490000,"Casa más linda en Sendas Residencial Sendas Residencial, Zapopan Clave interna",3.0,2.0,209,https://www.aciertamax.com/property/la-casa-mas-linda-en-sendas-residencial?agent=javier373&lang=es
Zapopan,Departamento,VENTA,5472648,,2.0,2.0,88.63,https://www.aciertamax.com/property/eleva-gonzaga-preventa-en-jardines-de-guadalupe?agent=javier373&lang=es
Zapopan,Casa en condominio,VENTA,5400000,"Casa en venta coto Camichin, Bosques Vallarta Bosques Vallarta, Zapo",2.0,2.0,126,https://www.aciertamax.com/property/casa-en-venta-coto-camichin-bosques-vallarta-bosques-vallarta?agent=javier373&lang=es
Zapopan,Departamento,VENTA,5327000,,2.0,2.0,134,https://www.aciertamax.com/property/venta-departamento-torre-eniti-134m2-2-recamaras-2-cajones?agent=javier373&lang=es
Zapopan,Departamento,VENTA,5300000,"Departamento en venta en ciudad granja Ciudad Granja, Zapopan Departamento 2",2.0,2.0,86,https://www.aciertamax.com/property/departamento-en-venta-en-ciudad-granja-cb4c3254-0caf-4990-a307-1efa99d5c111?agent=javier373&lang=es
Zapopan,Departamento,VENTA,5300000,,2.0,2.0,85,https://www.aciertamax.com/property/departamento-en-venta-en-lomas-altas-d8dcfbec-9c84-4940-928d-e7e84236181a?agent=javier373&lang=es
Zapopan,Casa en condominio,VENTA,5300000,"Casa en venta en coto privado, valle imperial Valle Imperial, Zapopa",3.0,3.0,229,https://www.aciertamax.com/property/casa-en-venta-en-coto-privado-valle-imperial-valle-imperial-zapopan?agent=javier373&lang=es
Zapopan,Casa,VENTA,5300000,,3.0,3.0,248,https://www.aciertamax.com/property/casa-en-venta-coto-sendas-valle-imperial?agent=javier373&lang=es
Zapopan,Casa,VENTA,5290000,"Casa en Venta Capital Norte Coto Sienna Capital Norte, Zapopan Casa",4.0,4.0,230.8,https://www.aciertamax.com/property/casa-en-venta-capital-norte-coto-sienna-capital-norte?agent=javier373&lang=es
Zapopan,Casa,VENTA,5290000,,4.0,4.0,201,https://www.aciertamax.com/property/preventa-casa-en-valle-imperial-coto-10-casa-133?agent=javier373&lang=es
Zapopan,Departamento,VENTA,5252000,"Departamentos en venta en Juan palomar y Arias Jardines Universidad, Zapopan",2.0,2.0,72,https://www.aciertamax.com/property/departamentos-en-venta-jardines-universidad?agent=javier373&lang=es
Zapopan,Casa,VENTA,5200000,,3.0,2.0,215,https://www.aciertamax.com/property/altavista-bosques-casa-muy-amplia-en-venta-altavista-residencial-zapopan?agent=javier373&lang=es
Zapopan,Departamento,VENTA,5200000,,2.0,2.0,80,https://www.aciertamax.com/property/depa-en-naciones-unidas-y-patria?agent=javier373&lang=es
Zapopan,Departamento,VENTA,5200000,,2.0,2.0,80,https://www.aciertamax.com/property/depa-a-5-minutos-de-andares-en-naciones-unidas?agent=javier373&lang=es
Zapopan,Casa en condominio,VENTA,5200000,"Casa en condominio 4 recámaras, 4 baños 185 m² Ver detalles",4.0,4.0,185,https://www.aciertamax.com/property/preventa-capital-norte-valle-imperial?agent=javier373&lang=es
Zapopan,Departamento,VENTA,5155809,"Departamentos en Ciudad Granja Ciudad Granja, Zapopan Departamento 2 recámara",2.0,2.0,86,https://www.aciertamax.com/property/departamentos-en-ciudad-granja-c4edf350-369e-4d22-800a-992c1817ce6a?agent=javier373&lang=es
Zapopan,Casa,VENTA,5150000,"Casa en Venta Valle Imperial Valle Imperial, Zapopan Casa 3 recámara",3.0,3.0,186.84,https://www.aciertamax.com/property/casa-en-venta-valle-imperial-9f326181-3d72-4109-a75b-e317a07552bf?agent=javier373&lang=es
Zapopan,Departamento,VENTA,5100000,Departamento en Naciones Unidas - Anuva ideal para inversión Virreyes Reside,2.0,2.0,77,https://www.aciertamax.com/property/departamento-como-inversion-en-venta-anuva-zapopan?agent=javier373&lang=es
Zapopan,Casa en condominio,VENTA,5100000,Casa en Venta Coto Cerezo - Fraccionamiento Valle Imperial Valle Imp,4.0,3.0,200,https://www.aciertamax.com/property/casa-en-venta-coto-cerezo-fraccionamiento-valle-imperial-94e36387-e8f4-4c8a-b469-b91ed8abf68a?agent=javier373&lang=es
Zapopan,Casa en condominio,VENTA,5100000,Casa en venta frente a Amenidades en Alva Residencial Alva Residenci,4.0,3.0,140,https://www.aciertamax.com/property/casa-en-venta-frente-a-amenidades-en-alva-residencial?agent=javier373&lang=es
Zapopan,Casa en condominio,VENTA,5100000,"Casa en Venta en Valle Imperial con Roofgarden Valle Imperial, Zapop",4.0,3.0,200,https://www.aciertamax.com/property/casa-en-venta-en-valle-imperial-con-roofgarden-valle-imperial?agent=javier373&lang=es
Zapopan,Casa en condominio,VENTA,5100000,"Casa a Estrenar en Venta en Castaño con Recamara en PB y Roof Valle Imperial, Z",4.0,4.0,207,https://www.aciertamax.com/property/casa-a-estrenar-en-venta-en-castano-con-recamara-en-pb-y-roof?agent=javier373&lang=es
Zapopan,Casa en condominio,VENTA,5100000,"Casa en condominio 4 recámaras, 3 baños 202 m² Ver detalles",4.0,3.0,202,https://www.aciertamax.com/property/casa-143-en-venta-coto-cerezos-en-valle-imperial-en-zapopan-norte?agent=javier373&lang=es
Zapopan,Casa en condominio,VENTA,5100000,"Casa en condominio 4 recámaras, 3 baños 202 m² Ver detalles",4.0,3.0,202,https://www.aciertamax.com/property/casa-50-en-venta-coto-cerezos-en-valle-imperial-en-zapopan-norte?agent=javier373&lang=es
Zapopan,Casa en condominio,VENTA,5100000,"Casa en condominio 4 recámaras, 3 baños 202 m² Ver detalles",4.0,3.0,202,https://www.aciertamax.com/property/casa-49-en-venta-coto-cerezos-en-valle-imperial-en-zapopan-norte?agent=javier373&lang=es
Zapopan,Casa en condominio,VENTA,5100000,"Casa en condominio 4 recámaras, 3 baños 200 m² Ver detalles",4.0,3.0,200,https://www.aciertamax.com/property/25-casas-a-la-venta-en-coto-cerezos-valle-imperial-zapopan-norte?agent=javier373&lang=es
Zapopan,Departamento,VENTA,5094000,,1.0,1.0,,https://www.aciertamax.com/property/excelente-loft-en-venta-zapopan-centro?agent=javier373&lang=es
Zapopan,Casa en condominio,VENTA,5081000,"Casa en Natura Tipo 4-4+ Fraccionamiento Natura, Zapopan Casa en con",4.0,3.0,173,https://www.aciertamax.com/property/casa-en-natura-tipo-4-y-4?agent=javier373&lang=es
Zapopan,Departamento,VENTA,5040000,,2.0,2.0,79,https://www.aciertamax.com/property/departamento-en-venta-el-vigia?agent=javier373&lang=es
Zapopan,Casa en condominio,VENTA,5000000,"Casa en Venta frente a área verde en Capital Norte Capital Norte, Za",4.0,5.0,190,https://www.aciertamax.com/property/casa-a-estrenar-frente-a-area-verde-en-capital-norte?agent=javier373&lang=es
Zapopan,Departamento,VENTA,5000000,"Departamento en venta en CIUDAD GRANJA Ciudad Granja, Zapopan Departamento 2",2.0,2.0,99.3,https://www.aciertamax.com/property/departamento-en-venta-en-ciudad-granja-fef8771c-eadd-429e-834a-44bc9cf6c645?agent=javier373&lang=es
Zapopan,Departamento,VENTA,5000000,,1.0,1.0,57,https://www.aciertamax.com/property/departamento-en-venta-en-lirica-3d0734ab-3077-496b-b345-d75158205e43?agent=javier373&lang=es
Zapopan,Casa en condominio,VENTA,5000000,"Casa Nueva en Capital Norte Valle Imperial, Zapopan Casa en condominio 4 r",4.0,4.0,190,https://www.aciertamax.com/property/casa-nueva-en-capital-norte-4-recamaras?agent=javier373&lang=es
Zapopan,Casa,VENTA,4999000,"Casa NUEVA en Capital Norte Valle Imperial, Zapopan Casa 4 recámaras, 4 ba",4.0,4.0,217,https://www.aciertamax.com/property/casa-nueva-en-capital-norte-nuevo-mexico-zapopan?agent=javier373&lang=es
Zapopan,Casa,VENTA,4995000,,4.0,2.0,150,https://www.aciertamax.com/property/casa-en-venta-en-fraccionamiento-tabachines-tabachines?agent=javier373&lang=es
Zapopan,Casa,VENTA,4995000,,4.0,2.0,150,https://www.aciertamax.com/property/casa-en-venta-en-zapopan-jalisco-fraccionamiento-tabachines?agent=javier373&lang=es
Zapopan,Departamento,VENTA,4995000,,2.0,2.0,101,https://www.aciertamax.com/property/venta-departamento-eniti-2-recamaras-91-m2-nivel-10?agent=javier373&lang=es
Zapopan,Casa en condominio,VENTA,4990000,"Casa en condominio 3 recámaras, 2 baños 125 m² Ver detalles",3.0,2.0,125,https://www.aciertamax.com/property/linda-casa-en-venta-en-coto-privado-viveros-del-valle-zapopan?agent=javier373&lang=es
Zapopan,Departamento,VENTA,4990000,"Departamento en Venta en Anuva, Zapopan | Piso 7 con Amenidades Premium San",2.0,2.0,77,https://www.aciertamax.com/property/departamento-en-venta-en-anuva-zapopan-piso-7-con-amenidades-premium?agent=javier373&lang=es
Zapopan,Casa en condominio,VENTA,4971000,Casas en venta Colinas San Isidro cerca de Cañadas Colinas de San Isi,3.0,2.0,132,https://www.aciertamax.com/property/casas-en-venta-colinas-san-isidro-cerca-de-canadas-colinas-de-san-isidro?agent=javier373&lang=es
Zapopan,Departamento,VENTA,4950000,Departamento en venta en Boreal Valdepeñas Fraccionamiento Real de Valdepeña,2.0,2.0,168,https://www.aciertamax.com/property/departamento-en-venta-en-boreal-valdepenas?agent=javier373&lang=es
Zapopan,Casa,VENTA,4950000,"Casa nueva en venta en Rinconada del Valle Zapopan Rinconada Del Valle, Za",4.0,3.0,142,https://www.aciertamax.com/property/casa-en-venta-en-rinconada-del-valle-e5dc7bf4-30a0-472a-bea5-aeef90a27410?agent=javier373&lang=es
Zapopan,Casa en condominio,VENTA,4950000,"Casa en Venta en coto Carrara de Capital Norte Capital Norte, Zapopa",3.0,4.0,180,https://www.aciertamax.com/property/casa-en-venta-en-coto-carrara-de-capital-norte-valle-imperial?agent=javier373&lang=es
Zapopan,Casa en condominio,VENTA,4950000,"Casa en venta en bugambilias Santa Ana Tepetitlán, Zapopan Casa en c",4.0,3.0,167,https://www.aciertamax.com/property/casa-en-venta-en-bugambilias-santa-ana-tepetitlan?agent=javier373&lang=es
Zapopan,Departamento,VENTA,4950000,"Departamentos en Preventa en Av México, Juan Manuel Vallarta, Zapopan, Jalisc",2.0,2.0,72.65,https://www.aciertamax.com/property/departamentos-en-preventa-en-av-mexico-juan-manuel-vallarta-zapopan-jalisco-juan-manuel-vallarta?agent=javier373&lang=es
Zapopan,Departamento,VENTA,4906000,,3.0,2.0,79,https://www.aciertamax.com/property/venta-de-departamento-en-boulevard-del-rodeo?agent=javier373&lang=es
Zapopan,Casa en condominio,VENTA,4900000,Casa en coto Avellana Zapopan a un costado de Bugambilias La Haciend,3.0,2.0,200,https://www.aciertamax.com/property/casa-en-coto-avellana-zapopan?agent=javier373&lang=es
Zapopan,Casa,VENTA,4899000,,3.0,3.0,178.5,https://www.aciertamax.com/property/la-casa-que-tu-familia-merece-3-recamaras-roof-garden-acabados-de-lujo-panel?agent=javier373&lang=es
Zapopan,Casa,VENTA,4890000,,3.0,2.0,,https://www.aciertamax.com/property/excelente-casa-nueva-en-venta-valle-imperial?agent=javier373&lang=es
Zapopan,Departamento,VENTA,4890000,Departamento en Venta Torre Livify Jardines Universidad Jardines Universidad,2.0,2.0,64,https://www.aciertamax.com/property/departamento-en-venta-torre-livify-jardines-universidad-751b6347-c738-446a-bd0b-ec0f68fa364a?agent=javier373&lang=es
Zapopan,Casa en condominio,VENTA,4880000,"Casa en condominio 3 recámaras, 2 baños 189 m² Ver detalles",3.0,2.0,189,https://www.aciertamax.com/property/casa-en-venta-valle-imperial-c4816bc4-6f33-498f-bc82-4c3429839e64?agent=javier373&lang=es
Zapopan,Departamento,VENTA,4850000,,2.0,2.0,97,https://www.aciertamax.com/property/departamentos-en-venta-en-artpark-zapopan-jalisco-524bdfb2-3943-4f16-8d16-6a124b0323eb?agent=javier373&lang=es
Zapopan,Casa en condominio,VENTA,4850000,"Casa a estrenar en Galarza Capital Norte Capital Norte, Zapopan Casa en condomi",4.0,4.0,190,https://www.aciertamax.com/property/casa-a-estrenar-en-galarza-capital-norte-valle-imperial-zapopan?agent=javier373&lang=es
Zapopan,Casa en condominio,VENTA,4800000,"Casa en Venta Capital Norte Coto Sienna Capital Norte, Zapopan Casa",3.0,2.0,149,https://www.aciertamax.com/property/casa-en-venta-capital-norte-coto-sienna-capital-norte-casa-en-condominio?agent=javier373&lang=es
Zapopan,Casa en condominio,VENTA,4800000,"Casa seminueva Colinas del Rey Colinas Del Rey, Zapopan Casa en condominio 3 recámaras, 3 baños 175.24 m² Ver detalles",3.0,3.0,175.24,https://www.aciertamax.com/property/casa-seminueva-colinas-del-rey?agent=javier373&lang=es
Zapopan,Casa,VENTA,4800000,"Casa en VENTA en GIRASOLES ACUEDUCTO Girasoles Acueducto, Zapopan Ca",4.0,3.0,155,https://www.aciertamax.com/property/casa-en-venta-en-girasoles-acueducto-bb838c44-225e-4bc2-b1aa-1d7d71a726d5?agent=javier373&lang=es
Zapopan,Departamento,VENTA,4800000,,3.0,3.0,176,https://www.aciertamax.com/property/penthouse-en-venta-en-privanza-atemajac-rooftop-privado-3-recamaras-176-m?agent=javier373&lang=es
Zapopan,Casa en condominio,VENTA,4800000,"Casa - 3 Recámaras - Rooftop Sendas Residencial, Zapopan Casa en condominio 3 recámaras, 2 baños 185 m² Ver detalles",3.0,2.0,185,https://www.aciertamax.com/property/casa-3-recamaras-rooftop?agent=javier373&lang=es
Zapopan,Casa,VENTA,4799000,"Casa en Venta Valle Imperial, Zapopan Casa 3 recámaras, 3 baños 164",3.0,3.0,164,https://www.aciertamax.com/property/casa-en-venta-valle-imperial-coto-cerezo-944ad8b7-4278-40ee-82f6-14716d5e8295?agent=javier373&lang=es
Zapopan,Casa en condominio,VENTA,4770000,"Casa en venta en Capital Norte Capital Norte, Zapopan Casa en condom",3.0,3.0,190,https://www.aciertamax.com/property/casa-en-venta-en-capital-norte-767005db-7133-4961-bc43-953dd4c43e97?agent=javier373&lang=es
Zapopan,Casa,VENTA,4770000,,3.0,3.0,,https://www.aciertamax.com/property/magnifica-casa-en-venta-zapopan?agent=javier373&lang=es
Zapopan,Casa en condominio,VENTA,4750000,"Casa en Venta en coto Carrara de Capital Norte Capital Norte, Zapopa",3.0,4.0,180,https://www.aciertamax.com/property/casa-en-venta-en-coto-carrara-de-capital-norte?agent=javier373&lang=es
Zapopan,Casa,VENTA,4750000,"Casa en Venta Sendas Residencial Capital Norte, Zapopan Sendas Resid",4.0,2.0,163,https://www.aciertamax.com/property/casa-en-venta-sendas-residencial-capital-norte-zapopan?agent=javier373&lang=es
Zapopan,Casa,VENTA,4740000,"Casa en Venta en Sendas Residencial Nuevo México, Zapopan Casa 3 rec",3.0,2.0,234,https://www.aciertamax.com/property/casa-en-venta-en-sendas-residencial-nuevo-mexico-casa?agent=javier373&lang=es
Zapopan,Departamento,VENTA,4700000,Departamento en venta en Jardines Guadalupe Fraccionamiento Jardines de Guad,3.0,2.0,123,https://www.aciertamax.com/property/departamento-en-venta-en-jardines-guadalupe?agent=javier373&lang=es
Zapopan,Casa,VENTA,4700000,"Casa en VENTA  en Boskia Otero Santa Ana Tepetitlán, Zapopan Casa 4",4.0,3.0,158,https://www.aciertamax.com/property/casa-en-venta-en-boskia-otero-santa-ana-tepetitlan-zapopan?agent=javier373&lang=es
Zapopan,Casa en condominio,VENTA,4700000,"Casa en condominio 3 recámaras, 2 baños 193 m² Ver detalles",3.0,2.0,193,https://www.aciertamax.com/property/casa-nueva-en-venta-capital-norte-3ceb2d75-af1b-41e2-99a0-f5719b25f42c?agent=javier373&lang=es
Zapopan,Departamento,VENTA,4699000,,2.0,2.0,105,https://www.aciertamax.com/property/baja-de-precio-hermoso-departamento-en-venta-urbania?agent=javier373&lang=es
Zapopan,Casa en condominio,VENTA,4690000,"Casa en Venta en Capital Norte Capital Norte, Zapopan Casa en condom",3.0,2.0,181,https://www.aciertamax.com/property/casa-en-venta-en-capital-norte-57179456-15ec-4cda-a67c-7136bd9bdd20?agent=javier373&lang=es
Zapopan,Casa,VENTA,4690000,"Casa en VENTA Real de Valdepeñas, Zapopan Casa 3 recámaras, 2 baños",3.0,2.0,145,https://www.aciertamax.com/property/casa-en-venta-8fcbb0e7-ac1c-425f-b12b-b5549133fa1c?agent=javier373&lang=es
Zapopan,Departamento,VENTA,4654982,Departamento en venta Jardines de Guadalupe Fraccionamiento Jardines de Guad,1.0,1.0,70.72,https://www.aciertamax.com/property/departamento-en-venta-jardines-de-guadalupe-af5546ed-c32b-4680-960f-fe1e3e89821e?agent=javier373&lang=es
Zapopan,Departamento,VENTA,4650000,,2.0,2.0,91,https://www.aciertamax.com/property/venta-departamento-a-1-min-del-parque-metropolitano-arcos-de-guadalupe?agent=javier373&lang=es
Zapopan,Departamento,VENTA,4650000,"Departamento en Venta con Alberca, Gimnasio, y más! en Zapopan Jal. San Juan",2.0,2.0,75,https://www.aciertamax.com/property/departamento-en-venta-con-alberca-gimnasio-terraz-en-zapopan-jal?agent=javier373&lang=es
Zapopan,Casa,VENTA,4650000,"Casa en venta en Parque Real, Zapopan Parque Real, Zapopan Casa 4 re",4.0,3.0,260.77,https://www.aciertamax.com/property/casa-en-venta-en-parque-real-zapopan-parque-real-zapopan?agent=javier373&lang=es
Zapopan,Casa en condominio,VENTA,4650000,"Casa a Estrenar en Capital Norte Coto Sienna Capital Norte, Zapopan Casa en con",4.0,3.0,169.87,https://www.aciertamax.com/property/casa-a-estrenar-en-capital-norte-coto-sienna-capital-norte?agent=javier373&lang=es
Zapopan,Departamento,VENTA,4650000,,2.0,2.0,78,https://www.aciertamax.com/property/departamento-en-renta-en-anuva-residencial?agent=javier373&lang=es
Zapopan,Casa en condominio,VENTA,4650000,Casa en Venta🎈🎈🎈  📍Coto ALICANTE (dentro de capital norte) Zapopan N,3.0,3.0,173,https://www.aciertamax.com/property/se-vende-casa-en-coto-alicante-capital-norte?agent=javier373&lang=es
Zapopan,Casa en condominio,VENTA,4650000,Casa en Venta🎈🎈🎈  📍Coto ALICANTE (dentro de capital norte) Zapopan N,3.0,3.0,173,https://www.aciertamax.com/property/casa-en-venta-coto-alicante-dentro-de-capital-norte-zapopan-nor?agent=javier373&lang=es
Zapopan,Departamento,VENTA,4649000,,2.0,2.0,78,https://www.aciertamax.com/property/departamento-en-venta-en-anuva-residencial-d8b70ba7-830e-4039-bae4-4898480c60a7?agent=javier373&lang=es
Zapopan,Casa,VENTA,4600000,,3.0,2.0,145.69,https://www.aciertamax.com/property/altavista-bosques-casa-en-esquina-con-excedente-391c0538-5c13-4159-9423-b00747a0ae3a?agent=javier373&lang=es
Zapopan,Casa en condominio,VENTA,4600000,"Casa Perimetral en Venta en Capital Norte Capital Norte, Zapopan Casa en condom",3.0,2.0,205,https://www.aciertamax.com/property/casa-perimetral-en-venta-en-capital-norte?agent=javier373&lang=es
Zapopan,Departamento,VENTA,4600000,"Departamento en Venta Torre Yatta Living Vallarta Universidad, Zapopan Depar",1.0,1.0,75,https://www.aciertamax.com/property/departamento-en-venta-torre-yatta-living?agent=javier373&lang=es
Zapopan,Casa,VENTA,4600000,"Casa en VENTA! Al norte de Gdl Capital Norte Valle Imperial, Zapopan",3.0,2.0,165,https://www.aciertamax.com/property/casa-en-venta-al-norte-de-gdl-capital-norte?agent=javier373&lang=es
Zapopan,Departamento,VENTA,4600000,"Departamento en Venta🤑 Santillana Parque Residencial, Zapopan Departamento 2",2.0,2.0,94,https://www.aciertamax.com/property/departamento-en-venta-45a6106e-8ee3-4c99-906d-c91ebc8114bc?agent=javier373&lang=es
Zapopan,Casa en condominio,VENTA,4590000,"Casa en Venta en San Juan de Ocotan Zapopan San Juan de Ocotan, Zapo",5.0,3.0,137,https://www.aciertamax.com/property/casa-en-venta-en-san-juan-de-ocotan-zapopan-san-juan-de-ocotan-zapopan?agent=javier373&lang=es
Zapopan,Casa,VENTA,4587000,,3.0,2.0,184,https://www.aciertamax.com/property/magnifica-residencia-3-habitaciones-fraccionamiento-cotoprivado-y-seguridad?agent=javier373&lang=es
Zapopan,Casa,VENTA,4580000,,3.0,4.0,149.74,https://www.aciertamax.com/property/en-venta-casa-nueva-alva-residencial?agent=javier373&lang=es
Zapopan,Casa,VENTA,4550000,,4.0,3.0,167.44,https://www.aciertamax.com/property/capital-norte-coto-alicante-casa-en-venta-coto-sienna-capital-norte-casa?agent=javier373&lang=es
Zapopan,Casa en condominio,VENTA,4550000,"Casa en Venta en Capital Norte con Recámara en PB Capital Norte, Zap",4.0,4.0,165,https://www.aciertamax.com/property/casa-en-venta-en-capital-norte-c9a46714-4867-41a4-a0fd-e66e791703bf?agent=javier373&lang=es
Zapopan,Casa en condominio,VENTA,4550000,"Casa en Venta en Capital Norte Capital Norte, Zapopan Casa en condom",3.0,3.0,165,https://www.aciertamax.com/property/casa-en-venta-en-capital-norte-103f1c0d-44c6-4cb5-b30c-5f60b812c91e?agent=javier373&lang=es
Zapopan,Casa en condominio,VENTA,4550000,"Casa en Venta en Capital Norte Capital Norte, Zapopan Casa en condom",3.0,3.0,165,https://www.aciertamax.com/property/casa-en-venta-en-capital-norte-5103724a-9f45-4abe-afcb-d7fcda44108d?agent=javier373&lang=es
Zapopan,Casa,VENTA,4549200,"Casa en venta en La Estancia La Estancia, Zapopan Clave interna: 605",2.0,1.0,77,https://www.aciertamax.com/property/casa-en-venta-en-la-estancia-cc69f6dc-284e-4a7f-8a25-10a287376a69?agent=javier373&lang=es
Zapopan,Casa en condominio,VENTA,4500000,"Casa en condominio 3 recámaras, 3 baños 161 m² Ver detalles",3.0,3.0,161,https://www.aciertamax.com/property/residencia-en-venta-en-el-mejor-coto-de-capital-norte?agent=javier373&lang=es
Zapopan,Casa,VENTA,4500000,"Casa en Venta en Alta vista Altavista Residencial, Zapopan Casa 4 re",4.0,2.0,145,https://www.aciertamax.com/property/casa-en-venta-en-alta-vista-altavista-residencial?agent=javier373&lang=es
Zapopan,Casa en condominio,VENTA,4500000,"Casa en condominio 3 recámaras, 2 baños 160 m² Ver detalles",3.0,2.0,160,https://www.aciertamax.com/property/excelente-casa-vta-en-el-campestre?agent=javier373&lang=es
Zapopan,Casa,VENTA,4500000,"Casa para remodelar en Las Aguilas Loma Bonita Ejidal, Zapopan Casa 5 recámaras, 2",5.0,2.0,300,https://www.aciertamax.com/property/n-casa-para-remodelar-en-las-aguilas?agent=javier373&lang=es
Zapopan,Departamento,VENTA,4500000,"Departamento en Venta en Balanty El Campanario, Zapopan Departamento 2 recám",2.0,2.0,183,https://www.aciertamax.com/property/departamento-en-venta-en-balanty-el-campanario-zapopan?agent=javier373&lang=es
Zapopan,Casa en condominio,VENTA,4500000,"Casa en renta en Valdepeñas, Zapopan, Jal. San Isidro, Zapopan Clave",3.0,2.0,105,https://www.aciertamax.com/property/casa-en-renta-en-valdepenas-zapopan-jal?agent=javier373&lang=es
Zapopan,Casa en condominio,VENTA,4490000,"Casa en venta, MADERIAS II Nuevo México, Zapopan Casa en condominio",3.0,3.0,175,https://www.aciertamax.com/property/casa-en-venta-maderias-ii?agent=javier373&lang=es
Zapopan,Casa,VENTA,4490000,"Casa a La Venta en El Campestre (La Venta del Astillero) Solares, Zapopan Casa",3.0,2.0,140,https://www.aciertamax.com/property/funcional-casa-a-la-venta-en-el-campestre-la-venta-del-astillero?agent=javier373&lang=es
Zapopan,Casa en condominio,VENTA,4450000,"Casa a estrenar en Venta en Capital Norte Capital Norte, Zapopan Casa en condom",3.0,3.0,177,https://www.aciertamax.com/property/casa-a-estrenar-en-venta-en-capital-norte-coto-sienna-capital-norte?agent=javier373&lang=es
Zapopan,Casa en condominio,VENTA,4430000,"Casa en venta Coto AltaVista Altavista Residencial, Zapopan Casa en",3.0,3.0,170,https://www.aciertamax.com/property/casa-en-coto-altavista?agent=javier373&lang=es
Zapopan,Departamento,VENTA,4415000,"Departamentos en VENTA. Excelente Virreyes Residencial, Zapopan Departamento",2.0,2.0,66.61,https://www.aciertamax.com/property/departamentos-en-venta-excelente?agent=javier373&lang=es
Zapopan,Casa en condominio,VENTA,4400000,"Casa en Venta en Zona Real coto privado Zapopan Jardines Del Valle,",3.0,3.0,123,https://www.aciertamax.com/property/casa-en-venta-en-zona-real-coto-privado-zapopan?agent=javier373&lang=es
Zapopan,Departamento,VENTA,4400000,"Departamento en We Solares, Zona  Real, Zapopan Valle Real, Zapopan Departam",2.0,2.0,60.2,https://www.aciertamax.com/property/renta-de-departamento-en-we-solares-valle-real-zapopan-jal?agent=javier373&lang=es
Zapopan,Casa en condominio,VENTA,4390000,"Casa con Cava de Vino y Terraza en Roof Garden en Alva Residencial Alva Residencial, Zapopan Ca",3.0,2.0,175,https://www.aciertamax.com/property/estrena-casa-con-cava-de-vino-y-terraza-en-roof-garden-en-alva-residencial?agent=javier373&lang=es
Zapopan,Casa en condominio,VENTA,4375000,"Casa en condominio 3 recámaras, 2 baños 169.45 m² Ver detalles",3.0,2.0,169.45,https://www.aciertamax.com/property/casa-en-venta-en-coto-bakal-el-campestre?agent=javier373&lang=es
Zapopan,Departamento,VENTA,4370000,"Departamento en PB en Anuva Residencial Virreyes Residencial, Zapopan Depart",2.0,2.0,99.5,https://www.aciertamax.com/property/departamento-en-pb-en-anuva-residencial?agent=javier373&lang=es
Zapopan,Casa en condominio,VENTA,4370000,Casa en Capital Norte con Diseño Inteligente y Excelentes Acabados C,3.0,3.0,188,https://www.aciertamax.com/property/casa-nueva-capital-norte-capital-norte-zapopan?agent=javier373&lang=es
Zapopan,Casa en condominio,VENTA,4370000,"Casa Nueva capital norte Capital Norte, Zapopan Casa en condominio 3 recámaras, 3 baños 188 m² Ver detalles",3.0,3.0,188,https://www.aciertamax.com/property/casa-nueva-capital-norte-capital-norte?agent=javier373&lang=es
Zapopan,Casa en condominio,VENTA,4370000,"Casa capital norte Nueva Roof Garden Capital norte Capital Norte, Zapopan Casa en condominio 3 re",3.0,3.0,115.05,https://www.aciertamax.com/property/excelente-casa-nueva-roof-garden-capital-norte?agent=javier373&lang=es
Zapopan,Departamento,VENTA,4350912,,,1.0,60.68,https://www.aciertamax.com/property/departamento-en-venta-torre-nagu-en-eva-briseno?agent=javier373&lang=es
Zapopan,Casa en condominio,VENTA,4350000,"Casa en Esquina con Vista a Areas Verdes Madeiras, Zapopan Casa en c",4.0,3.0,210,https://www.aciertamax.com/property/casa-en-esquina-con-vista-a-areas-verdes?agent=javier373&lang=es
Zapopan,Casa,VENTA,4350000,,3.0,2.0,250,https://www.aciertamax.com/property/hermosa-casa-de-3-recamaras-con-roof-garden?agent=javier373&lang=es
Zapopan,Departamento,VENTA,4350000,"Departamento Planta Baja en ARTPARK Bosque Urbano El Vigía, Zapopan Clave interna: CL-10",1.0,2.0,86,https://www.aciertamax.com/property/venta-de-departamento-planta-baja-en-artpark-bosque-urbano?agent=javier373&lang=es
Zapopan,Casa en condominio,VENTA,4350000,"Casa en condominio 3 recámaras, 4 baños 171.2 m² Ver detalles",3.0,4.0,171.2,https://www.aciertamax.com/property/alva-residencial-casa-nueva-en-venta-alva-residencial?agent=javier373&lang=es
Zapopan,Casa en condominio,VENTA,4350000,"Casa en condominio 3 recámaras, 4 baños 171.2 m² Ver detalles",3.0,4.0,171.2,https://www.aciertamax.com/property/alva-residencial-casa-nueva-en-venta?agent=javier373&lang=es
Zapopan,Casa,VENTA,4300000,,3.0,3.0,240,https://www.aciertamax.com/property/venta-de-casa-en-bosque-de-san-isidro-en-zapopan-jal?agent=javier373&lang=es
Zapopan,Casa en condominio,VENTA,4300000,,3.0,3.0,240,https://www.aciertamax.com/property/venta-de-casa-en-condominio-los-robles-en-san-isidro-zapopan-jal?agent=javier373&lang=es
Zapopan,Casa,VENTA,4290000,,3.0,2.0,165,https://www.aciertamax.com/property/casa-en-venta-en-el-campestre-residencial-af8296b8-63bf-4899-88f2-7ec5e856b831?agent=javier373&lang=es
Zapopan,Casa en condominio,VENTA,4290000,"Casa a Estrenar en Venta en Madeiras Madeiras, Zapopan Casa en condominio 3 rec",3.0,2.0,132.7,https://www.aciertamax.com/property/casa-a-estrenar-en-venta-en-madeiras?agent=javier373&lang=es
Zapopan,Departamento,VENTA,4290000,,1.0,2.0,75,https://www.aciertamax.com/property/departamento-en-renta-el-liva-friendly-living?agent=javier373&lang=es
Zapopan,Departamento,VENTA,4288087,Departamento en venta Jardines de Guadalupe Fraccionamiento Jardines de Guad,1.0,1.0,63.07,https://www.aciertamax.com/property/departamento-en-venta-jardines-de-guadalupe-4cf7c65e-be6c-42fc-8eee-4fd3d2085388?agent=javier373&lang=es
Zapopan,Departamento,VENTA,4250000,,2.0,2.0,130,https://www.aciertamax.com/property/depa-en-planta-baja-en-venta-la-calma?agent=javier373&lang=es
Zapopan,Casa en condominio,VENTA,4250000,"Casa en Venta en Parques del Centinela I. Bosques Del Centinela I, Z",3.0,2.0,160,https://www.aciertamax.com/property/casa-en-venta-en-parques-del-centinela-bosques-del-centinela-i?agent=javier373&lang=es
Zapopan,Departamento,VENTA,4250000,"Departamento en Venta! Zapopan Centro, Zapopan Departamento 1 recámara, 1 ba",1.0,1.0,50.99,https://www.aciertamax.com/property/magnifica-departamento-en-venta?agent=javier373&lang=es
Zapopan,Casa,VENTA,4200000,"Casa Nueva a estrenar en elcoto Manzanos de Capital Norte Zapopan Centro, Zapopan Cla",3.0,4.0,190,https://www.aciertamax.com/property/casa-nueva-a-estrenar-en-el-coto-cerezos-de-capital-norte?agent=javier373&lang=es
Zapopan,Casa,VENTA,4200000,"Casa en venta en Natura Bosque Residencial, Coto Livorno, Zapopan Na",3.0,2.0,138,https://www.aciertamax.com/property/casa-en-venta-en-natura-bosque-residencial-coto-livorno-zapopan?agent=javier373&lang=es
Zapopan,Departamento,VENTA,4200000,Departamento en Venta en Torre Nara Naciones Unidas Zapopan Jardines Univers,1.0,1.0,70,https://www.aciertamax.com/property/departamento-en-venta-en-torre-nara-naciones-unidas-zapopan-jardines-universidad-zapopan?agent=javier373&lang=es
Zapopan,Casa,VENTA,4170000,,4.0,3.0,290,https://www.aciertamax.com/property/casa-en-venta-en-colonia-francisco-sarabia-francisco-sarabia?agent=javier373&lang=es
Zapopan,Departamento,VENTA,4162378,"Departamentos en Preventa, Modelo Cielo en Altures Zapopan Nuevo México, Zapo",2.0,2.0,86,https://www.aciertamax.com/property/departamentos-en-preventa-modelo-cielo-en-altures-zapopan?agent=javier373&lang=es
Zapopan,Departamento,VENTA,4157216,"Departamento en Venta en Lomas de Guadalupe Lomas de Guadalupe, Zapopan Clav",1.0,1.0,53.37,https://www.aciertamax.com/property/departamento-en-venta-en-lomas-de-guadalupe-lomas-de-guadalupe-zapopan?agent=javier373&lang=es
Zapopan,Casa en condominio,VENTA,4100000,"Casas Nuevas en Venta en Tesistán Country Nuevo México, Zapopan Casa en cond",3.0,3.0,154,https://www.aciertamax.com/property/casas-nuevas-en-venta-en-tesistan-country-fa7cd2f5-6443-4f46-a113-168f8f90e37a?agent=javier373&lang=es
Zapopan,Departamento,VENTA,4100000,"Casas Nuevas en Venta en Tesistán Country Nuevo México, Zapopan Casa en cond",3.0,3.0,154,https://www.aciertamax.com/property/departamento-en-preventa-coordenada-central-francisco-villa-zapopan?agent=javier373&lang=es
Zapopan,Departamento,VENTA,4100000,"Casas Nuevas en Venta en Tesistán Country Nuevo México, Zapopan Casa en cond",3.0,3.0,154,https://www.aciertamax.com/property/departamentos-en-preventa-lirica-zapopan-860f0cdb-4608-4c7f-8f8c-54828f64bec9?agent=javier373&lang=es
Zapopan,Departamento,VENTA,4100000,"Casas Nuevas en Venta en Tesistán Country Nuevo México, Zapopan Casa en cond",3.0,3.0,154,https://www.aciertamax.com/property/departamentos-en-preventa-lirica-zapopan-2c119409-ea6b-40a2-af68-6a758e4b20e3?agent=javier373&lang=es
Zapopan,Casa,VENTA,4100000,,3.0,2.0,154,https://www.aciertamax.com/property/casa-margarita-41?agent=javier373&lang=es
Zapopan,Casa en condominio,VENTA,4100000,"Casa en condominio 3 recámaras, 2 baños 201 m² Ver detalles",3.0,2.0,201,https://www.aciertamax.com/property/en-venta-el-campestre-residencial-el-campestre?agent=javier373&lang=es
Zapopan,Casa en condominio,VENTA,4090000,"Casa a estrenar en Alva Capital Norte Alva Residencial, Zapopan Casa en condomi",3.0,2.0,140,https://www.aciertamax.com/property/casa-a-estrenar-en-alva-capital-norte?agent=javier373&lang=es
Zapopan,Casa en condominio,VENTA,4070000,"Casa a Estrenar en Residencial Nogal Francisco Sarabia, Zapopan Casa en condomi",3.0,3.0,115.17,https://www.aciertamax.com/property/casa-a-estrenar-en-residencial-nogal?agent=javier373&lang=es
Zapopan,Casa en condominio,VENTA,4031000,Casa en Venta en Natura Bosque Residencial Natura Bosque Residencial,4.0,3.0,140,https://www.aciertamax.com/property/casa-en-venta-en-natura-bosque-residencial-natura-bosque-residencial?agent=javier373&lang=es
Zapopan,Casa,VENTA,4020000,,3.0,3.0,160,https://www.aciertamax.com/property/casa-enventa-fracc-madeiras-muy-cerca-de-valle-imperial?agent=javier373&lang=es
Zapopan,Casa en condominio,VENTA,4000000,"Casa con Paneles Solares en Venta a Super Precio Capital Norte, Zapopan Casa en condomin",3.0,4.0,170,https://www.aciertamax.com/property/casa-con-paneles-solares-en-venta-a-super-precio?agent=javier373&lang=es
Zapopan,Casa en condominio,VENTA,4000000,"Casa en condominio 3 recámaras, 2 baños 143.08 m² Ver detalles",3.0,2.0,143.08,https://www.aciertamax.com/property/casa-en-venta-en-campestre-residencial-coto-niagara-la-venta-del-astillero-zapopan?agent=javier373&lang=es
Zapopan,Casa en condominio,VENTA,3999000,"Casa a Estrenar en Madeiras Madeiras, Zapopan Casa en condominio 3 recámaras, 2",3.0,2.0,156,https://www.aciertamax.com/property/casa-a-estrenar-en-madeiras?agent=javier373&lang=es
Zapopan,Casa en condominio,VENTA,3990000,Casa a Estrenar en Residencial Nogal cerca de Periférico y Lopez Mateos Francis,3.0,3.0,120.19,https://www.aciertamax.com/property/casa-a-estrenar-en-residencial-nogal-francisco-sarabia?agent=javier373&lang=es
Zapopan,Departamento,VENTA,3990000,"Departamento en venta, TORRE NARA AV. PABLO NERUDA Villa Universitaria, Zapo",,1.0,47,https://www.aciertamax.com/property/departamento-en-venta-torre-nara-av-pablo-neruda?agent=javier373&lang=es
Zapopan,Casa en condominio,VENTA,3990000,"Casa en Venta Frente a Parque en Madeiras Madeiras, Zapopan Casa en",3.0,2.0,170,https://www.aciertamax.com/property/casa-en-venta-frente-a-parque-en-madeiras-madeiras?agent=javier373&lang=es
Zapopan,Casa en condominio,VENTA,3981940,Casa en preventa en Zapopan Norte - Abié Residencial a Estrenar Vall,3.0,3.0,114.69,https://www.aciertamax.com/property/casa-en-venta-en-zapopan-norte-abie-residencial-a-estrenar?agent=javier373&lang=es
Zapopan,Casa en condominio,VENTA,3960000,"Casa a Estrenar en Residencial Nogal Francisco Sarabia, Zapopan Casa en condomi",3.0,3.0,118.63,https://www.aciertamax.com/property/casa-a-estrenar-en-recidencial-nogal-francisco-sarabia?agent=javier373&lang=es
Zapopan,Casa en condominio,VENTA,3950000,"Casa en condominio 3 recámaras, 2 baños 166 m² Ver detalles",3.0,2.0,166,https://www.aciertamax.com/property/casa-en-venta-nueva-en-residencial-el-campestre?agent=javier373&lang=es
Zapopan,Casa en condominio,VENTA,3943500,"Casa en Venta en Real de Valdepeñas II Real de Valdepeñas, Zapopan C",3.0,2.0,136,https://www.aciertamax.com/property/casa-en-venta-en-real-de-valdepenas-ii-real-de-valdepenas-zapopan?agent=javier373&lang=es
Zapopan,Casa,VENTA,3940000,"Casa en Venta sobre Federalismo Norte, Excelente Ubicación Atemajac",6.0,2.0,162,https://www.aciertamax.com/property/casa-en-venta-sobre-federalismo-norte-excelente-ubicacion?agent=javier373&lang=es
Zapopan,Casa,VENTA,3900000,,2.0,3.0,323,https://www.aciertamax.com/property/remate-para-uso-comercial-en-miguel-hidalgo-zapopan-miguel-hidalgo-casa?agent=javier373&lang=es
Zapopan,Departamento,VENTA,3900000,,1.0,1.0,70,https://www.aciertamax.com/property/oportunidad-de-inversion-en-av-tepeyac-y-clouthier-9dafbcf6-6139-444b-835f-307bff7afc9a?agent=javier373&lang=es
Zapopan,Casa en condominio,VENTA,3900000,"Casa en coto Ciudad Granja Ciudad Granja, Zapopan Casa en condominio",2.0,2.0,78.89,https://www.aciertamax.com/property/venta-casa-en-coto-ciudad-granja?agent=javier373&lang=es
Zapopan,Casa en condominio,VENTA,3869000,"Casa en Natura Tipo 3-3b-3+ Fraccionamiento Natura, Zapopan Casa en",3.0,2.0,128,https://www.aciertamax.com/property/casa-en-natura-tipo-3b-3-y-3?agent=javier373&lang=es
Zapopan,Casa en condominio,VENTA,3850000,"Casa en Venta en Mirador de San Isidro Mirador de San Isidro, Zapopa",3.0,2.0,125,https://www.aciertamax.com/property/casa-en-venta-en-mirador-de-san-isidro-99380578-9eaf-434d-bd8f-41bf6691e78e?agent=javier373&lang=es
Zapopan,Departamento,VENTA,3807803,"Departamentos en Preventa, Modelo Cima en Altures Zapopan Nueva Galicia 2da S",2.0,2.0,71.5,https://www.aciertamax.com/property/departamentos-en-preventa-altures-zapopan?agent=javier373&lang=es
Zapopan,Casa,VENTA,3807000,"Casa en Natura Tipo 2 y 2a Fraccionamiento Natura, Zapopan Casa 3 re",3.0,3.0,109,https://www.aciertamax.com/property/casa-en-natura-tipo-2-2a-y-2a?agent=javier373&lang=es
Zapopan,Departamento,VENTA,3800000,"Departamento en Venta, Col, Real vallarta , Zapopan , Jal Real Vallarta, Zap",3.0,2.0,96.5,https://www.aciertamax.com/property/departamento-en-venta-col-real-vallarta-zapopan-jal?agent=javier373&lang=es
Zapopan,Casa en condominio,VENTA,3793660,Casa en preventa en Zapopan Norte - Abié Residencial a Estrenar Vall,3.0,3.0,108,https://www.aciertamax.com/property/casa-en-venta-en-zapopan-norte-abie-residencial?agent=javier373&lang=es
Zapopan,Departamento,VENTA,3790000,"Departamento en venta, Col Vallarta la Patria, Zapopan, Jal Vallarta La Patr",2.0,1.0,77,https://www.aciertamax.com/property/departamento-en-venta-col-vallarta-la-patria-zapopan-jal?agent=javier373&lang=es
Zapopan,Departamento,VENTA,3750000,,,1.0,47,https://www.aciertamax.com/property/loft-a-una-cuadra-de-la-universidad-autinoma-de-guadalajara?agent=javier373&lang=es
Zapopan,Casa,VENTA,3750000,,5.0,2.0,262,https://www.aciertamax.com/property/propiedad-en-venta-en-esquina-colonia-miramar-zapopan-jalisco?agent=javier373&lang=es
Zapopan,Casa en condominio,VENTA,3750000,"Casa en Venta en El Campestre, en esquina, con amplio jardín La Vent",3.0,2.0,116,https://www.aciertamax.com/property/casa-en-venta-en-el-campestre-en-esquina-con-amplio-jardin?agent=javier373&lang=es
Zapopan,Casa en condominio,VENTA,3750000,"Casa En Venta En Sendas Del Valle, Zapopan Tesistan, Zapopan Casa en condominio 3 recámaras, 2 baños 133 m² Ver detalles",3.0,2.0,133,https://www.aciertamax.com/property/casa-en-venta-en-sendas-del-valle-zapopan?agent=javier373&lang=es
Zapopan,Casa en condominio,VENTA,3750000,"Casa en venta, El CAMPESTRE COTO EYRE El Campestre, Zapopan Casa en",2.0,3.0,125,https://www.aciertamax.com/property/casa-en-venta-el-campestre-coto-eyre-el-campestre?agent=javier373&lang=es
Zapopan,Casa en condominio,VENTA,3740000,"Casa en condominio 3 recámaras, 2 baños 140 m² Ver detalles",3.0,2.0,140,https://www.aciertamax.com/property/casa-en-coto-los-nisperos-zapopan-norte?agent=javier373&lang=es
Zapopan,Departamento,VENTA,3700000,,,,,https://www.aciertamax.com/property/excelentes-departamentos-en-pre-venta-solares?agent=javier373&lang=es
Zapopan,Casa,VENTA,3700000,"Casa duplex en venta Atemajac de Valle Atemajac Del Valle, Zapopan Casa 3 r",3.0,2.0,160,https://www.aciertamax.com/property/casa-duplex-en-venta-atemajac-de-valle?agent=javier373&lang=es
Zapopan,Casa,VENTA,3695000,,3.0,2.0,126,https://www.aciertamax.com/property/casa-en-venta-coto-los-sauces?agent=javier373&lang=es
Zapopan,Casa en condominio,VENTA,3692000,"Casa en condominio 3 recámaras, 3 baños 215 m² Ver detalles",3.0,3.0,215,https://www.aciertamax.com/property/en-venta-casa-en-villas-santo-tomas?agent=javier373&lang=es
Zapopan,Departamento,VENTA,3690000,"Departamento en VENTA La Estancia La Estancia, Zapopan Departamento 2 recáma",2.0,1.0,136,https://www.aciertamax.com/property/departamento-amplio-en-venta-la-estancia?agent=javier373&lang=es
Zapopan,Casa,VENTA,3690000,,3.0,2.0,128,https://www.aciertamax.com/property/constitucion-casa-recien-remodelada-en-venta-pedro-moreno?agent=javier373&lang=es
Zapopan,Casa en condominio,VENTA,3670000,"Casa en condominio 3 recámaras, 2 baños 79 m² Ver detalles",3.0,2.0,79,https://www.aciertamax.com/property/guadalupe-inn-en-ave-guadalupe-casi-periferico?agent=javier373&lang=es
Zapopan,Departamento,VENTA,3660352,,1.0,1.0,57,https://www.aciertamax.com/property/andador-peret-17ed55b4-cce3-46db-bf92-8d828cbd1cbf?agent=javier373&lang=es
Zapopan,Departamento,VENTA,3660352,,1.0,1.0,60.4,https://www.aciertamax.com/property/depto-1-rec-andador-peret-arcos-sur-guadalajara-alberca-rooftop?agent=javier373&lang=es
Zapopan,Casa,VENTA,3660000,,3.0,2.0,147,https://www.aciertamax.com/property/casa-margarita-nuevo-mexico?agent=javier373&lang=es
Zapopan,Departamento,VENTA,3626100,"Departamento en Venta en Zapopan Centro Coordenada Central Zapopan Centro, Z",1.0,1.0,63,https://www.aciertamax.com/property/departamento-en-venta-en-zapopan-centro-coordenada-central-zapopan-centro-zapopan?agent=javier373&lang=es
Zapopan,Departamento,VENTA,3600000,"Departamento amueblado en venta en Torre Plenitud – Valle Real, Zapopan Valle Real, Za",1.0,1.0,59,https://www.aciertamax.com/property/departamento-amueblado-en-venta-en-torre-plenitud-valle-real-zapopan?agent=javier373&lang=es
Zapopan,Departamento,VENTA,3600000,"Departamento en Venta  Sky Living, a 10 min del Tec de Monterrey Nuevo Méxic",2.0,2.0,73,https://www.aciertamax.com/property/departamento-en-renta-sky-living-a-10-min-del-tec-de-monterrey?agent=javier373&lang=es
Zapopan,Casa,VENTA,3599000,,4.0,3.0,146,https://www.aciertamax.com/property/casa-en-venta-tesistan-zapopan-f360029a-58cd-4298-8f93-fd76844ec474?agent=javier373&lang=es
Zapopan,Casa en condominio,VENTA,3550000,"Casa en condominio 3 recámaras, 2 baños 130 m² Ver detalles",3.0,2.0,130,https://www.aciertamax.com/property/residencias-a-estrenar-en-valdepenas-4-modelos-dese-3-850-000?agent=javier373&lang=es
Zapopan,Departamento,VENTA,3544749,"Departamentos en preventa en torre Oasis Ciudad Granja, Zapopan Departamento",2.0,1.0,62,https://www.aciertamax.com/property/departamentos-en-preventa-en-torre-oasis?agent=javier373&lang=es
Zapopan,Casa,VENTA,3500000,,1.0,1.0,95,https://www.aciertamax.com/property/casa-comercial-residencial-moctezuma-3-900-000?agent=javier373&lang=es
Zapopan,Casa en condominio,VENTA,3500000,"Casa en venta , Alva Residencial, Coto 1 , Zapopan ,Jal Rio Blanco,",3.0,2.0,122.2,https://www.aciertamax.com/property/casa-en-venta-alva-residencial-coto-1-zapopan-jal?agent=javier373&lang=es
Zapopan,Departamento,VENTA,3500000,,1.0,1.0,61,https://www.aciertamax.com/property/departamento-en-venta-lomas-altas-av-mexico-zapopan-jalisco-lomas-altas?agent=javier373&lang=es
Zapopan,Casa,VENTA,3500000,,3.0,2.0,124,https://www.aciertamax.com/property/casa-renta-tesistan-country-residencial-zapopan?agent=javier373&lang=es
Zapopan,Casa,VENTA,3500000,"Casa en venta valle imperial Valle Imperial, Zapopan Casa 3 recámara",3.0,3.0,114.69,https://www.aciertamax.com/property/casa-en-venta-valle-imperial-ba6ca429-499b-4e55-8d3c-58e15945fddd?agent=javier373&lang=es
Zapopan,Casa en condominio,VENTA,3500000,"Casa en venta, dentro de coto Savia, en Valle San Isidro Villas de Z",2.0,2.0,97,https://www.aciertamax.com/property/casa-en-venta-dentro-de-coto-savia-en-valle-san-isidro?agent=javier373&lang=es
Zapopan,Departamento,VENTA,3500000,"Departamento en Venta en Boreales, Valdepeñas Real de Valdepeñas, Zapopan De",2.0,2.0,79,https://www.aciertamax.com/property/departamento-en-venta-en-boreales-valdepenas?agent=javier373&lang=es
Zapopan,Casa,VENTA,3499000,"Casa en VENTA en cuarta 500 Nuevo México, Zapopan Casa 3 recámaras,",3.0,2.0,140,https://www.aciertamax.com/property/casa-en-venta-en-cuarta-500-nuevo-mexico?agent=javier373&lang=es
Zapopan,Casa en condominio,VENTA,3483300,Casa en venta Condominio Cuatro Vientos- Santa Ana Tepatitlan Santa,2.0,2.0,113,https://www.aciertamax.com/property/casa-en-venta-condominio-cuatro-vientos-santa-ana-tepatitlan?agent=javier373&lang=es
Zapopan,Departamento,VENTA,3474607,"Departamentos en venta Torres Colón Nueva España, Zapopan Departamento 2 recá",2.0,2.0,73.06,https://www.aciertamax.com/property/departamentos-en-venta-torres-colon-nueva-espana-departamento?agent=javier373&lang=es
Zapopan,Casa,VENTA,3460000,"Casa en Venta valle imperial Valle Imperial, Zapopan Casa 3 recámara",3.0,3.0,108,https://www.aciertamax.com/property/casa-en-venta-valle-imperial-22116018-c530-4702-848c-1003146e6286?agent=javier373&lang=es
Zapopan,Departamento,VENTA,3450000,,3.0,1.0,75,https://www.aciertamax.com/property/departamento-renta-en-residencial-victoria-sin-muebles?agent=javier373&lang=es
Zapopan,Departamento,VENTA,3437833,,1.0,1.0,54.33,https://www.aciertamax.com/property/eleva-gonzaga-preventa-en-jardines-de-guadalupe-fraccionamiento-jardines-de-guadalupe?agent=javier373&lang=es
Zapopan,Departamento,VENTA,3418100,"Departamento en venta de 2 habitaciones en TORRE EMILIA Tepeyac, Zapopan Cla",2.0,2.0,69.85,https://www.aciertamax.com/property/departamento-en-venta-de-2-habitaciones-en-torre-emilia?agent=javier373&lang=es
Zapopan,Departamento,VENTA,3400000,"Departamento de 2 niveles en venta al norte de la ciudad Colinas de San Isidro, Zapopan D",2.0,2.0,127,https://www.aciertamax.com/property/exclusivo-departamento-de-2-niveles-en-venta-al-norte-de-la-ciudad?agent=javier373&lang=es
Zapopan,Departamento,VENTA,3390000,,1.0,1.0,65,https://www.aciertamax.com/property/departamento-en-venta-torre-plenitud-zona-real?agent=javier373&lang=es
Zapopan,Casa,VENTA,3390000,,3.0,2.0,112,https://www.aciertamax.com/property/venta-de-casa-en-zapopan-jardines-de-la-primavera-ubicacion-incomparable-3-390?agent=javier373&lang=es
Zapopan,Casa,VENTA,3350000,,4.0,2.0,180,https://www.aciertamax.com/property/casa-en-venta-en-carretera-nogales?agent=javier373&lang=es
Zapopan,Casa,VENTA,3350000,"Casa en venta en Real de Bosque, Zapopan Real Del Bosque, Zapopan Ca",3.0,3.0,65,https://www.aciertamax.com/property/casa-en-venta-en-real-de-bosque-zapopan-real-del-bosque?agent=javier373&lang=es
Zapopan,Casa,VENTA,3350000,Casa en Venta en Altaterra | Comodidad y Excelente Ubicación Valle I,2.0,1.0,82.5,https://www.aciertamax.com/property/casa-en-venta-en-altaterra-comodidad-y-excelente-ubicacion?agent=javier373&lang=es
Zapopan,Departamento,VENTA,3343824,,2.0,2.0,75,https://www.aciertamax.com/property/orre-la-cantera-capital-norte-piso-7?agent=javier373&lang=es
Zapopan,Departamento,VENTA,3326442,"Departamentos en venta Capital Norte Canteras, Zapopan Departamento 2 recámar",2.0,2.0,71.5,https://www.aciertamax.com/property/departamentos-en-venta-capital-norte?agent=javier373&lang=es
Zapopan,Departamento,VENTA,3325000,Departamentos en venta Colinas San Isidro cerca de Cañadas Colinas de San Isi,2.0,2.0,92,https://www.aciertamax.com/property/departamentos-en-venta-colinas-san-isidro-cerca-de-canadas?agent=javier373&lang=es
Zapopan,Departamento,VENTA,3319475,,2.0,2.0,75,https://www.aciertamax.com/property/torre-la-cantera-capital-norte-piso-6?agent=javier373&lang=es
Zapopan,Casa en condominio,VENTA,3305000,"Casa Nueva en Venta en Tesistán Country Nuevo México, Zapopan Casa en cond",3.0,3.0,126.62,https://www.aciertamax.com/property/casa-nueva-en-venta-en-tesistan-country-nuevo-mexico?agent=javier373&lang=es
Zapopan,Departamento,VENTA,3300000,,2.0,2.0,89,https://www.aciertamax.com/property/venta-depa-balanty-2-recamaras-2-cajones-de-estacionamiento?agent=javier373&lang=es
Zapopan,Casa,VENTA,3300000,"Casa venta Tesistan Country en Zapopan Tesistan, Zapopan Clave interna: CADU0985 Casa 3 rec",3.0,3.0,113,https://www.aciertamax.com/property/casa-venta-tesistan-country-en-zapopan?agent=javier373&lang=es
Zapopan,Casa,VENTA,3300000,"Casa en venta cerca del Auditorio Telmex, Zapopan San Gilberto, Zapo",3.0,1.0,90,https://www.aciertamax.com/property/casa-en-venta-cerca-del-auditorio-telmex-zapopan-san-gilberto?agent=javier373&lang=es
Zapopan,Departamento,VENTA,3300000,Departamento en venta Jardines de Guadalupe Fraccionamiento Jardines de Guad,1.0,1.0,54.33,https://www.aciertamax.com/property/departamento-en-venta-jardines-de-guadalupe-aee01df1-643f-4d31-9cf6-db841c283081?agent=javier373&lang=es
Zapopan,Casa,VENTA,3300000,,3.0,2.0,121.84,https://www.aciertamax.com/property/casa-en-venta-en-el-campestre-con-ampliacion?agent=javier373&lang=es
Zapopan,Casa,VENTA,3299000,,3.0,2.0,144.62,https://www.aciertamax.com/property/casa-en-venta-el-fortin-santa-ana-tepetitlan?agent=javier373&lang=es
Zapopan,Casa,VENTA,3290000,,4.0,3.0,135,https://www.aciertamax.com/property/casa-en-venta-en-jardines-del-valle-93eb5408-bf71-4062-a425-b3e9782ac909?agent=javier373&lang=es
Zapopan,Casa,VENTA,3280000,Casa en Remodelación Total – Entrega Completamente Renovada Bosques,3.0,3.0,116,https://www.aciertamax.com/property/casa-remodelada-en-bosques-del-centinela-bosques-del-centinela-i?agent=javier373&lang=es
Zapopan,Departamento,VENTA,3277877,"Departamento Nuevo en Venta Coordenada Central Francisco Villa, Zapopan Departamen",1.0,1.0,60.99,https://www.aciertamax.com/property/departamento-en-venta-coordenada-central-francisco-villa?agent=javier373&lang=es
Zapopan,Departamento,VENTA,3277832,"Departamentos en venta Torres Colón Nueva España, Zapopan Departamento 2 recá",2.0,2.0,69.16,https://www.aciertamax.com/property/departamentos-en-venta-torres-colon-nueva-espana-zapopan?agent=javier373&lang=es
Zapopan,Departamento,VENTA,3250000,"Departamento en Venta Sendas residencial Sendas Residencial, Zapopan Departa",2.0,2.0,90,https://www.aciertamax.com/property/departamento-en-venta-sendas-residencial?agent=javier373&lang=es
Zapopan,Casa,VENTA,3250000,,4.0,4.0,190,https://www.aciertamax.com/property/propiedad-para-inversion-con-4-estudios-en-valdepenas?agent=javier373&lang=es
Zapopan,Casa en condominio,VENTA,3249990,"Casa en condominio 2 recámaras, 2 baños 102.18 m² Ver detalles",2.0,2.0,102.18,https://www.aciertamax.com/property/casa-en-venta-en-zoi-capital-norte-coto-sienna-capital-norte?agent=javier373&lang=es
Zapopan,Casa,VENTA,3242000,"Casa en venta en Nuevo México Hogares de Nuevo México, Zapopan Clave",2.0,1.0,98,https://www.aciertamax.com/property/casa-en-venta-en-nuevo-mexico-hogares-de-nuevo-mexico?agent=javier373&lang=es
Zapopan,Casa en condominio,VENTA,3225000,"Casa en Venta en Madeiras Madeiras, Zapopan Casa en condominio 3 rec",3.0,2.0,127,https://www.aciertamax.com/property/casa-en-venta-en-madeiras-105641cf-7a13-4cc2-9eb2-0936d67e6fa6?agent=javier373&lang=es
Zapopan,Departamento,VENTA,3216639,"Departamento en Venta en Lomas de Guadalupe Lomas de Guadalupe, Zapopan Clav",1.0,1.0,53.37,https://www.aciertamax.com/property/departamento-en-venta-en-lomas-de-guadalupe-lomas-de-guadalupe-departamento?agent=javier373&lang=es
Zapopan,Casa en condominio,VENTA,3200000,"Casa en venta en condominio Cuarta 500 Jardines de Nuevo México, Zap",3.0,2.0,129,https://www.aciertamax.com/property/casa-en-venta-en-cuarta-500?agent=javier373&lang=es
Zapopan,Casa,VENTA,3200000,,3.0,2.0,135,https://www.aciertamax.com/property/increible-casa-en-residencial-cuarta-500?agent=javier373&lang=es
Zapopan,Casa en condominio,VENTA,3180000,"Casa Venta Zoi Residencial / Bosques del Centinela (CUCEA/Costco/AuditorioTelmex Bosques Del Centinela I, Zapopan Casa en condominio 2 recámaras, 2 baños 115 m² Ver detalles",2.0,2.0,115,https://www.aciertamax.com/property/casa-venta-zoi-residencial-bosques-del-centinela-cucea-cotsco-auditoriotelmex?agent=javier373&lang=es
Zapopan,Departamento,VENTA,3180000,,2.0,2.0,76,https://www.aciertamax.com/property/hermoso-departamento-federalta-la-palmita?agent=javier373&lang=es
Zapopan,Departamento,VENTA,3162000,,3.0,2.0,79,https://www.aciertamax.com/property/excelentes-departamentos-de-entrega-inmediata?agent=javier373&lang=es
Zapopan,Casa en condominio,VENTA,3160000,"Casa en condominio 2 recámaras, 3 baños 89 m² Ver detalles",2.0,3.0,89,https://www.aciertamax.com/property/vendo-casa-en-natura-coto-livorno?agent=javier373&lang=es
Zapopan,Casa en condominio,VENTA,3158000,"Casa en Natura modelo 1 y 1+ Mariano Otero, Zapopan Casa en condomin",2.0,2.0,89.42,https://www.aciertamax.com/property/casa-en-natura-1-y-1a?agent=javier373&lang=es
Zapopan,Casa en condominio,VENTA,3150000,"Casa en condominio 3 recámaras, 2 baños 135 m² Ver detalles",3.0,2.0,135,https://www.aciertamax.com/property/casa-en-venta-con-excelente-ubicacion-nuevo-mexico?agent=javier373&lang=es
Zapopan,Departamento,VENTA,3150000,"Departamento en venta Zapopan Centro Zapopan Centro, Zapopan Departamento 2",2.0,2.0,67,https://www.aciertamax.com/property/departamento-en-renta-en-coordenada-central-zapopan-centro-zapopan?agent=javier373&lang=es
Zapopan,Casa,VENTA,3091000,,2.0,,67,https://www.aciertamax.com/property/propiedad-en-venta-en-mariano-otero-sta-ana-tepetitlan?agent=javier373&lang=es
Zapopan,Departamento,VENTA,3090000,,2.0,1.0,62,https://www.aciertamax.com/property/departamento-en-chapalita-prados-tepeyac?agent=javier373&lang=es
Zapopan,Departamento,VENTA,3086000,,1.0,1.0,49,https://www.aciertamax.com/property/departamento-nuevo-de-1-habitacion?agent=javier373&lang=es
Zapopan,Departamento,VENTA,3074000,,1.0,1.0,49,https://www.aciertamax.com/property/apartamento-a-estrenar-a-tan-5-minutos-de-costco-san-isidro-zapopan?agent=javier373&lang=es
Zapopan,Departamento,VENTA,3050000,,2.0,2.0,73.7,https://www.aciertamax.com/property/departamento-en-planta-baja-stelar-bugambilias?agent=javier373&lang=es
Zapopan,Departamento,VENTA,3050000,,2.0,2.0,76,https://www.aciertamax.com/property/federalta-la-palmita?agent=javier373&lang=es
Zapopan,Departamento,VENTA,3046659,,2.0,2.0,71,https://www.aciertamax.com/property/departamentos-en-venta-capital-norte-altures?agent=javier373&lang=es
Zapopan,Departamento,VENTA,3031452,,2.0,2.0,70.92,https://www.aciertamax.com/property/torre-la-cantera-capital-norte-piso-2?agent=javier373&lang=es
Zapopan,Departamento,VENTA,3019920,"Departamentos en preventa en Ciudad Granja Ciudad Granja, Zapopan Departament",2.0,1.0,62,https://www.aciertamax.com/property/departamentos-en-preventa-en-ciudad-granja-2881fa73-0a80-4da1-850e-2c67401505df?agent=javier373&lang=es
Zapopan,Casa,VENTA,3000000,,4.0,2.0,118,https://www.aciertamax.com/property/casa-en-av-del-canal-508-int-7-en-luna-bosque-luna-bosque?agent=javier373&lang=es
Zapopan,Departamento,VENTA,3000000,"Departamento en Venta en Av Patria Fraccionamiento Jardines de Guadalupe, Za",1.0,1.0,58,https://www.aciertamax.com/property/departamento-en-venta-en-av-patria-fraccionamiento-jardines-de-guadalupe?agent=javier373&lang=es
Zapopan,Departamento,VENTA,3000000,"Departamento en venta La Calma La Calma, Zapopan Departamento 2 recámaras, 1",2.0,1.0,89.5,https://www.aciertamax.com/property/departamento-en-venta-la-calma-2fc9bdb9-797d-4fc3-9342-4855469d57ed?agent=javier373&lang=es
Zapopan,Departamento,VENTA,3000000,,2.0,2.0,74,https://www.aciertamax.com/property/stelar-boreales-residencial-departamento-en-venta-real-de-valdepenas?agent=javier373&lang=es
Zapopan,Departamento,VENTA,2993079,,2.0,2.0,70,https://www.aciertamax.com/property/torre-la-cantera-capital-norte-piso-1?agent=javier373&lang=es
Zapopan,Departamento,VENTA,2991000,,1.0,1.0,49,https://www.aciertamax.com/property/venta-de-departamento-boulevard-del-rodeo?agent=javier373&lang=es
Zapopan,Casa,VENTA,2990000,,,4.0,120,https://www.aciertamax.com/property/terraz-en-venta-en-la-loma-tesistan?agent=javier373&lang=es
Zapopan,Casa en condominio,VENTA,2990000,"Casas en Venta en Coto Pamplona - La Moraleja La Moraleja, Zapopan Ca",3.0,2.0,116,https://www.aciertamax.com/property/casas-en-venta-en-coto-pamplona-la-moraleja?agent=javier373&lang=es
Zapopan,Casa,VENTA,2980000,,2.0,1.0,120,https://www.aciertamax.com/property/nuevo-mexico-casa-en-venta-a-espaldas-de-base-aerea-nuevo-mexico-casa?agent=javier373&lang=es
Zapopan,Departamento,VENTA,2950000,"Departamento en venta Atemajac Atemajac Del Valle, Zapopan Departamento 2 re",2.0,2.0,83,https://www.aciertamax.com/property/departamento-en-venta-atemajac-atemajac-del-valle?agent=javier373&lang=es
Zapopan,Casa en condominio,VENTA,2950000,"Casa en venta Bosques de San Gonzalo, Zapopan Casa en condominio 3 r",3.0,2.0,115,https://www.aciertamax.com/property/casa-en-venta-bosques-de-san-gonzalo-casa-en-condominio?agent=javier373&lang=es
Zapopan,Casa en condominio,VENTA,2930000,"Casas Nuevas en Venta en Tesistán Country Nuevo México, Zapopan Casa en cond",3.0,2.0,122.36,https://www.aciertamax.com/property/casas-nuevas-en-venta-en-tesistan-country-nuevo-mexico-casa-en-condominio?agent=javier373&lang=es
Zapopan,Casa en condominio,VENTA,2900000,"Casa en venta, Bosques Residencial, PRIVADA BAMBU Luna Bosque, Zapop",3.0,2.0,115,https://www.aciertamax.com/property/casa-en-venta-bosques-residencial-privada-bambu?agent=javier373&lang=es
Zapopan,Casa en condominio,VENTA,2900000,"Casa en venta en VALLE NORTE Parques de Tesistán, Zapopan Casa en co",3.0,3.0,120,https://www.aciertamax.com/property/casa-en-venta-en-valle-norte-parques-de-tesistan-casa-en-condominio?agent=javier373&lang=es
Zapopan,Casa en condominio,VENTA,2850000,"Casa en condominio 3 recámaras, 2 baños 76 m² Ver detalles",3.0,2.0,76,https://www.aciertamax.com/property/casa-en-venta-cerca-de-plaza-real-center?agent=javier373&lang=es
Zapopan,Departamento,VENTA,2815300,"Departamento en venta en Punta Foresta El Briceño, Zapopan Clave interna: 58",3.0,2.0,77,https://www.aciertamax.com/property/departamento-en-venta-en-punta-foresta?agent=javier373&lang=es
Zapopan,Departamento,VENTA,2805000,,3.0,2.0,70,https://www.aciertamax.com/property/departamento-cerca-del-fortin-y-de-periferico?agent=javier373&lang=es
Zapopan,Departamento,VENTA,2799062,"Departamentos en venta en Colón - Torres Colón Nueva España, Zapopan Clave in",2.0,1.0,69.16,https://www.aciertamax.com/property/departamentos-en-venta-torres-colon-nueva-espana?agent=javier373&lang=es
Zapopan,Departamento,VENTA,2766432,,,1.0,42,https://www.aciertamax.com/property/invierte-inteligente-desde-hoy-en-brittania-district?agent=javier373&lang=es
Zapopan,Casa en condominio,VENTA,2761650,"Casa en Venta en Tesistan Zapopan Tesistan, Zapopan Clave interna: 5",4.0,3.0,119,https://www.aciertamax.com/property/casa-en-venta-en-tesistan-zapopan-tesistan?agent=javier373&lang=es
Zapopan,Casa en condominio,VENTA,2750000,"Casa en condominio 2 recámaras, 2 baños 95 m² Ver detalles",2.0,2.0,95,https://www.aciertamax.com/property/casa-en-venta-en-coto-villa-tules-por-lopez-mateos-y-peri-zapopan?agent=javier373&lang=es
Zapopan,Casa en condominio,VENTA,2707005,"Casa en Venta en Rinconadas de Zapopan Héroes Nacionales, Zapopan Cl",3.0,2.0,92,https://www.aciertamax.com/property/casa-en-venta-en-rinconadas-de-zapopan-heroes-nacionales?agent=javier373&lang=es
Zapopan,Casa,VENTA,2700000,,2.0,2.0,111.3,https://www.aciertamax.com/property/cas-en-venta-en-fraccionamiento-4-vientos?agent=javier373&lang=es
Zapopan,Departamento,VENTA,2700000,Departamento en Venta en Atemajac del Valle - Federalta Skylife B102 La Palm,1.0,1.0,74,https://www.aciertamax.com/property/departamento-en-venta-en-atemajac-del-valle-federalta-skylife-b102-la-palmita?agent=javier373&lang=es
Zapopan,Casa en condominio,VENTA,2690000,"Casa en condominio 2 recámaras, 2 baños 95 m² Ver detalles",2.0,2.0,95,https://www.aciertamax.com/property/casa-en-venta-en-fraccionamiento-privado-villa-tules-zapopan?agent=javier373&lang=es
Zapopan,Departamento,VENTA,2650000,"Departamento en Venta en Loma Bonita – Ubicación Consolidada Loma Bonita, Za",2.0,1.0,68,https://www.aciertamax.com/property/departamento-en-venta-en-loma-bonita-ubicacion-consolidada?agent=javier373&lang=es
Zapopan,Departamento,VENTA,2647000,,1.0,1.0,61.88,https://www.aciertamax.com/property/federalta-skylife-1-habitacion-estudio?agent=javier373&lang=es
Zapopan,Departamento,VENTA,2630000,,1.0,1.0,70,https://www.aciertamax.com/property/venta-departamento-en-paseos-del-sol-zapopan?agent=javier373&lang=es
Zapopan,Departamento,VENTA,2550000,,2.0,1.0,70,https://www.aciertamax.com/property/las-aguilas-departamento-en-coto?agent=javier373&lang=es
Zapopan,Casa en condominio,VENTA,2550000,"Casa en Venta en Villas de Otero El Fortin Zapopan El Fortín, Zapopa",2.0,2.0,95,https://www.aciertamax.com/property/casa-en-venta-en-villas-de-otero-el-fortin-zapopan-el-fortin?agent=javier373&lang=es
Zapopan,Departamento,VENTA,2550000,Departamento en venta en Cañadas de San Lorenzo Zapopan Cañadas de San Loren,2.0,1.0,75,https://www.aciertamax.com/property/departamento-en-venta-en-canadas-san-lorenzo-zapopan-canadas-de-san-lorenzo-zapopan?agent=javier373&lang=es
Zapopan,Departamento,VENTA,2500000,,2.0,1.0,60,https://www.aciertamax.com/property/departamento-en-venta-en-lagos-del-country-7787f78c-5ea7-465f-aa28-b77e6038e479?agent=javier373&lang=es
Zapopan,Casa,VENTA,2500000,,5.0,2.0,243,https://www.aciertamax.com/property/casa-en-venta-en-tesistan-las-agujas-casa?agent=javier373&lang=es
Zapopan,Departamento,VENTA,2500000,"Departamento en Venta en Torre Uria Francisco Sarabia, Zapopan Clave interna",2.0,1.0,73,https://www.aciertamax.com/property/departamento-en-venta-en-torre-uria-francisco-sarabia-departamento?agent=javier373&lang=es
Zapopan,Departamento,VENTA,2498846,,1.0,1.0,52.72,https://www.aciertamax.com/property/venta-de-departamento-en-coordenada-central?agent=javier373&lang=es
Zapopan,Casa,VENTA,2490000,"Casa en venta en Parques del Auditorio, Zapopan Parques del Auditori",2.0,2.0,95,https://www.aciertamax.com/property/casa-en-venta-en-parques-del-auditorio-zapopan-parques-del-auditorio-zapopan?agent=javier373&lang=es
Zapopan,Departamento,VENTA,2450000,"Departamento en venta Paseos del Sol, Zapopan Departamento 2 recámaras, 1 ba",2.0,1.0,58,https://www.aciertamax.com/property/departamento-en-venta-279276f5-c290-41bd-9dd7-42fe73c58c41?agent=javier373&lang=es
Zapopan,Casa en condominio,VENTA,2450000,"Casa en condominio 2 recámaras, 1 baño 87.88 m² Ver detalles",2.0,1.0,87.88,https://www.aciertamax.com/property/casa-en-venta-bosques-del-centinela-bosques-del-centinela-ii?agent=javier373&lang=es
Zapopan,Casa en condominio,VENTA,2450000,"Casa en Venta en Prolongacion Mariano Otero Mariano Otero, Zapopan C",2.0,2.0,105,https://www.aciertamax.com/property/casa-en-venta-en-prolongacion-mariano-otero-mariano-otero-casa-en-condominio?agent=javier373&lang=es
Zapopan,Casa en condominio,VENTA,2450000,"Casa en condominio 3 recámaras, 3 baños 96.9 m² Ver detalles",3.0,3.0,96.9,https://www.aciertamax.com/property/casa-en-venta-en-alta-luz-residencial?agent=javier373&lang=es
Zapopan,Casa en condominio,VENTA,2403500,"Casa en Venta en Nuevo Mexico Zapopan Nuevo México, Zapopan Clave in",3.0,3.0,95,https://www.aciertamax.com/property/casa-en-venta-en-nuevo-mexico-zapopan-ef3b53a1-2e95-498c-8ce9-6bbbfdc6aa0c?agent=javier373&lang=es
Zapopan,Departamento,VENTA,2400000,,1.0,1.0,55,https://www.aciertamax.com/property/exclusivo-loft-a-estrenar-en-venta-plenitud-valle-real-valle-real?agent=javier373&lang=es
Zapopan,Casa,VENTA,2390000,"Casa en Venta en La Grana, Zapopan San José del Bajío, Zapopan Casa",2.0,1.0,61,https://www.aciertamax.com/property/casa-en-venta-en-la-grana-zapopan?agent=javier373&lang=es
Zapopan,Casa en condominio,VENTA,2301000,"Casa en Venta en Real Casa Blanca Zapopan Real Casa Blanca, Zapopan",3.0,3.0,95,https://www.aciertamax.com/property/casa-en-venta-en-real-casa-blanca-zapopan?agent=javier373&lang=es
Zapopan,Departamento,VENTA,2300000,,2.0,1.0,63,https://www.aciertamax.com/property/departamento-en-venta-en-paseos-del-sol-a62d856a-ef4b-431f-b3e8-df5e9dd91d91?agent=javier373&lang=es
Zapopan,Casa en condominio,VENTA,2290000,"Casa en condominio 3 recámaras, 2 baños 119 m² Ver detalles",3.0,2.0,119,https://www.aciertamax.com/property/casa-en-venta-en-parques-de-tesistan-zapopan-c2201a88-b132-42dd-9fb8-bbc54ff40515?agent=javier373&lang=es
Zapopan,Casa,VENTA,2270000,,2.0,1.0,64,https://www.aciertamax.com/property/parque-real-casa-recien-detallada-en-venta?agent=javier373&lang=es
Zapopan,Departamento,VENTA,2268000,Departamento en planta alta con balcón y terraza en Arenales Tapatíos Arenal,2.0,1.0,103,https://www.aciertamax.com/property/departamento-en-planta-alta-con-balcon-y-terraza-en-arenales-tapatios?agent=javier373&lang=es
Zapopan,Departamento,VENTA,2250000,,2.0,2.0,76,https://www.aciertamax.com/property/venta-departamento-arcos-zapopan-2-250-000?agent=javier373&lang=es
Zapopan,Casa en condominio,VENTA,2212000,"Casa en condominio 3 recámaras, 3 baños 93.23 m² Ver detalles",3.0,3.0,93.23,https://www.aciertamax.com/property/venta-de-casa-en-el-condominio-privanza-esmeralda?agent=javier373&lang=es
Zapopan,Departamento,VENTA,2200000,,2.0,1.0,46,https://www.aciertamax.com/property/ultimos-departamentos-de-2-recamaras-en-la-grana-zona-canadas?agent=javier373&lang=es
Zapopan,Casa,VENTA,2180000,"Casa en Venta, en Jardines de San Gonzalo, Zapopan, Jalisco. Jardine",5.0,2.0,140,https://www.aciertamax.com/property/casa-en-venta-en-jardines-de-san-gonzalo-zapopan-jalisco?agent=javier373&lang=es
Zapopan,Departamento,VENTA,2160000,"Departamento en Arenales Tapatíos Arenales Tapatíos, Zapopan Departamento 2",2.0,1.0,95,https://www.aciertamax.com/property/departamento-en-arenales-tapatios?agent=javier373&lang=es
Zapopan,Casa en condominio,VENTA,2100000,"Casa en Venta , Colonia Campo Real, Zapopan,Jal Campo Real, Zapopan",2.0,1.0,77.2,https://www.aciertamax.com/property/casa-en-venta-colonia-campo-real-zapopan-jal?agent=javier373&lang=es
Zapopan,Casa,VENTA,2090000,"Casa en Venta en Santa Ana Tepetitlán, Zapopan Santa Ana Tepetitlán,",3.0,2.0,75,https://www.aciertamax.com/property/casa-en-venta-en-santa-ana-tepetitlan-zapopan-8184ae1f-3f86-41fc-9877-dfff09499e84?agent=javier373&lang=es
Zapopan,Departamento,VENTA,2000000,,2.0,1.0,53,https://www.aciertamax.com/property/depa-en-venta-en-cd-granja-planta-baja?agent=javier373&lang=es
